-0.1532792067155242,0.00966207981109619,0.3198198928963393,-0.19110501003451646,0.20731761902570725,-0.2311040222644806,-0.8260504730045796,0.6845680102705956,1.5651816785335542,1.1904053837060928,1.2407461990602315,1.0966960969381034,0.29463849812746046,0.4737805604934692,0.7474197015166283,-0.2297484576702118,-0.7186059979721904,-1.5515125870704651,-1.4530334293842315,-0.11129551380872726,0.7927765309810638,0.8992337388917804,0.6235408782958984,0.25603389255702497,-0.03999437191523612,-0.42735212184488774,0.27942156940698626,-0.10306049366481602,-0.5747707255184651,-0.045088060200214386,0.1513475902378559,-0.7039728045463562,0.36616092580370607,0.3726077422499657,1.2675556778907775,1.2178909361362458,-0.04544166624546051,0.797051054239273,1.3693770885467529,1.5834482192993165,-0.028819733858108522,0.3501642018556595,0.07956363931298256,1.0886735230684281,0.8677417375147343,0.8085641652345658,-0.7031072542071343,1.0318206124007703
-0.014104855619370938,0.05861442983150482,0.4628985121380538,-0.15011006784625353,0.45602801293134687,0.07640383839607238,-0.5529870219528675,0.8673170357942581,1.6465811014175415,1.3445941150188445,1.4972532440908253,1.307407997827977,0.5802521660923958,0.7337758660316467,1.0132926568388938,0.011834830045700073,-0.525132337026298,-1.3357599139213563,-1.2794428497552872,0.004433603584766388,0.9078305318951607,1.085182001441717,0.8193446457386017,0.3745534311980009,0.16614347002469004,-0.21997012235224248,0.34779623001813886,-0.17760996003635227,-0.5920466132462024,-0.011404232680797577,0.20873116329312325,-0.8172527432441712,0.41748862378299234,0.7013315722346306,1.527414071559906,1.2960080206394196,0.22930212914943696,1.2615154504776,1.5741014719009399,1.6913348317146302,-0.1284335434436798,0.3003490924835205,0.0719432033598423,1.0252417355775834,0.7296774066984654,0.681418600678444,-0.567548668384552,1.2832053244113921
0.1281756216660142,-0.01977994740009308,0.6670694604050368,-0.06533776819705964,0.6347178444266319,0.3279231131076813,-0.27928978875279425,0.9235960692167282,1.6219273209571838,1.467274969816208,1.6538417160511016,1.4764877930283546,0.7701648309826851,0.8627351880073547,1.0350803300738334,0.23432562947273256,-0.3010329155251384,-1.068019872903824,-1.147745993733406,0.0905848428606987,0.9512195974588394,1.1891616962850093,0.9152629047632217,0.43605722300708294,0.42952460548840465,0.024231168255209923,0.27647953256964686,-0.1783721782732755,-0.7101919569075108,-0.050006811320781705,0.21642707660794258,-0.8417763113975525,0.4567769180983305,0.7244272187352181,1.5374090552330018,1.3061166822910308,0.4145660996437073,1.4888192802667617,1.6924943208694458,1.7385824203491211,-0.28815677762031555,0.2863831251859665,0.15074178911745548,0.953587880730629,0.6670831300318241,0.660628029704094,-0.34086897075176237,1.463794332742691
0.14284905660897493,-0.11929621398448945,0.8156163289677352,0.02187607139348984,0.8096681699156761,0.49795378372073174,-0.03097226396203041,0.8871582597494125,1.5825593709945678,1.503227436542511,1.7090319335460662,1.5748190820217132,0.8917717054486275,0.818457244336605,1.0394681140780448,0.4622195534408092,-0.03662074487656355,-0.8422302216291427,-1.0581991344690322,0.12443365305662155,0.9011787056922913,1.2827574849128722,1.0173016250133515,0.5593245547264815,0.48971402696333827,0.2294560458511114,0.20665335208177565,-0.19487958741374314,-0.822032080590725,-0.05626726597547531,0.19010160937905313,-0.7797050654888154,0.4991480238735676,0.6927845329046249,1.4402187824249268,1.3174677908420562,0.2535512000322342,1.420623004436493,1.7909501910209655,1.7654607534408568,-0.3233311489224434,0.35256976187229155,0.2320867355912924,0.760958806425333,0.6034254230558872,0.6342294186353683,-0.007502207159996032,1.682666039466858
0.1598570780828595,-0.3015906363725662,0.9547578275203705,0.16123865395784379,0.9299267530441284,0.5795943416655064,0.18688305839896202,0.8922176152467728,1.555055069923401,1.5540186762809753,1.703638881444931,1.6519128441810609,0.9094847917556763,0.840957822650671,0.8799658283591271,0.5956454433500766,0.2305738480761647,-0.6523744042962789,-0.8970837831497193,0.13353918641805648,0.8817380079999566,1.2690170049667358,1.0395140171051025,0.7497582450509072,0.5055071820970625,0.41546743772923944,-0.015128903090953827,-0.2164919779635966,-0.9303566262125968,-0.02920527309179306,0.1947239376604557,-0.6546250194311142,0.4777630172669888,0.6238274052739143,1.2665192365646363,1.2815520346164704,0.2034759134054184,1.2958327636122704,1.7289166152477264,1.7127280831336975,-0.27214900851249696,0.4361097067594528,0.3614737015217543,0.6953893579542637,0.6475494302809238,0.7510594338178634,0.3483385473489761,1.828158473968506
0.17696362882852554,-0.15704795718193054,0.9868388503789902,0.21225155740976334,0.9060894548892975,0.5021554358303547,0.22942103818058968,0.8877794414758682,1.598774802684784,1.5938529253005982,1.5531563669443131,1.5610370337963104,0.9202798008918762,0.6583762757480145,0.6170536860823631,0.5102607615292072,0.384858307428658,-0.5909422870725394,-0.782247057557106,0.08480598703026772,0.7758972326293587,1.0914976835250854,0.9447955410229042,0.8928108111023902,0.5792570581194013,0.46437246091663836,0.03345351368188858,-0.2175264426507056,-0.8281651169061661,-0.036624284088611604,0.22134474739432336,-0.4816629260778427,0.4217443488538265,0.51075269728899,1.1496988281607627,1.1585504025220872,0.16725001893937588,1.005799876153469,1.488827219605446,1.5326484233140945,-0.15886075794696808,0.672583818435669,0.39332945756614207,0.8027557291090488,0.7641487710177899,0.8549497157335282,0.6736784309148789,1.8410699129104615
0.08653881102800369,-0.13227475732564925,0.8741148754954338,0.1383581593632698,0.6599444806575775,0.3197818107903004,0.2169642485678196,0.7502892762422562,1.499288883805275,1.601565408706665,1.2447051972150802,1.323608821630478,0.9178542017936706,0.5695376858115196,0.44097552746534346,0.30104467645287514,0.579349628277123,-0.45157617293298247,-0.6925898432731629,0.030306314677000047,0.6222801903262735,0.8574583053588867,0.7510898034321144,1.0215556278824807,0.3108995308633894,0.4155862987041473,-0.14539772719144822,-0.23410686040297152,-0.752492293715477,0.06444719582796096,0.47363375052809714,0.0026257187128067017,0.02749946340918541,0.4614742822945118,0.9536875888705254,1.0058366447687148,0.3791454788297415,0.8493389055132866,1.1727932959794998,1.2818489760160445,-0.19569506347179413,0.7902223229408264,0.4200551133602858,0.7775939770042897,0.8082439057528973,0.8891814947128296,0.9569885343313217,1.7802455097436904
0.09895180612802505,-0.14128512367606164,0.7440269902348519,0.11743549257516861,0.4054721772670746,0.1066922701895237,0.22035550959408284,0.5866155356168747,1.3808597221970558,1.4892590194940567,0.9621600121259689,1.1247808635234833,0.82470663189888,0.3745724007487297,0.2121856614947319,0.051627371460199356,0.7047665955498814,-0.42691210471093655,-0.5792921483516693,-0.04323127791285515,0.37328322920948265,0.5305845379829407,0.5300994674907997,1.1698940604925157,0.15069978982210158,0.37889266312122344,-0.16233556121587753,-0.15546415681019427,-0.591736763715744,0.19305938631296157,0.6079456768929958,0.44415502846240995,-0.17570833563804628,0.473292899876833,0.9191959619522094,0.9689358055591584,0.5733484204858541,0.7660247638821602,0.9231474608182907,1.083880253136158,-0.3361889451742172,0.86412233710289,0.45014045387506485,0.733601082743553,0.7897330723702908,0.8590394794940949,1.134619626402855,1.745678898692131
0.200309918820858,0.03057344928383827,0.6373254373669625,0.1397750798612833,0.2128731906414032,0.005023316293954849,0.36187166459858416,0.4266610503196716,1.291555680334568,1.4221602648496627,0.5702443927526474,0.8757800459861755,0.7298911899328232,0.37042229771614077,-0.0011917486786842345,-0.18422070965170861,0.9680914105847478,-0.3204410295933485,-0.4704502522945404,-0.01066337525844574,0.2102977627888322,0.4136585772037506,0.36628398702014237,1.3818091809749604,0.14490435868501664,0.419040871411562,-0.27985206097364423,-0.05257663959637284,-0.4705080777406693,0.4463678255677223,0.8436861835420132,0.9945123106241226,-0.3126173675060272,0.3215103842318058,0.7105773568153382,0.9724440515041352,0.8321032103151083,0.6557843998074532,0.7064649373292923,0.9897611036896705,-0.34375088214874266,1.1703602358698846,0.5612515121698379,0.8312237097634352,0.9287652641534805,0.947850102186203,1.451132270693779,1.7332397907972337
0.22791915982961655,-0.01903514936566353,0.5082997679710388,0.11076198257505894,-0.12291865944862365,-0.26841976270079615,0.36357882507145406,0.3027247369289398,1.1407184436917306,1.2332298934459687,0.2938194900751114,0.6120184898376465,0.47957455813884736,0.15869200229644775,-0.29225723892450334,-0.3084813229739666,1.0485113920643925,-0.315005187317729,-0.4490299761295319,-0.04879519939422607,-0.01381922122091055,0.18884798288345336,0.15346119210589676,1.3711387813091278,-0.05150942504405975,0.3253533490002155,-0.40731433033943176,0.004874047264456749,-0.4653459548950195,0.7332472279667854,0.9376232646405697,1.3138647228479385,-0.5057133674621582,0.2847014643251896,0.5830792427062989,0.9024925470352173,0.7966852304991334,0.4463206544518471,0.46715001165866854,0.8751750126481056,-0.42525372207164763,1.368556398153305,0.52585309445858,0.7088970764292754,1.0115165144205094,1.0310510516166687,1.541844515502453,1.5816436201333999
0.23813999742269515,-0.03314092680811882,0.4006375479744747,0.13778362907469272,-0.4220233619213104,-0.42757492884993553,0.3994509521871805,0.12541324496269227,0.8927315518260002,1.065923610329628,0.1262622967362404,0.39809450507164,0.19812489449977874,0.15435717701911927,-0.5198068737983703,-0.398475431650877,1.1089856326580048,-0.29143408350646494,-0.4374868094921112,-0.04197495877742767,-0.19379231091588736,0.03842685222625732,-0.0923203845275566,1.353063052892685,-0.244807431101799,0.33366094902157784,-0.44050132632255556,0.12397751174867153,-0.31772504448890687,0.9118048697710037,1.0490371257066726,1.6867833644151689,-0.7116653323173523,0.1706189401447773,0.5714416623115539,0.825216605514288,0.6860840973909944,0.24700198080390692,0.20339156687259674,0.7549427168443799,-0.4490573316812515,1.4016762256622315,0.5531636744737625,0.5978926404131926,0.9861581951379776,1.0531963050365447,1.5242637127637864,1.4026656046509742
0.3091728910803795,0.07960932031273842,0.2955020251916721,0.17430990375578403,-0.7126992523670197,-0.532637606561184,0.3583965603262186,-0.029927712492644788,0.7644665762782097,0.9125894382596016,-0.011773048341274262,0.2098756968975067,-0.04896762669086456,0.04123432487249375,-0.6639679912477732,-0.5628375880420208,1.068723550438881,-0.3791546683758497,-0.39868370816111565,0.00530535876750946,-0.31623486187309024,-0.16874873638153076,-0.33001517250668255,1.1906475007534028,-0.3221483513712883,0.28073445335030556,-0.3966974079608917,0.2986075934022665,-0.10604226589202881,1.046054545044899,0.9919654220342636,1.904173031449318,-0.6440741717815399,-0.07624859735369682,0.36541887521743777,0.6654539428651333,0.5686514494474977,-0.09560746047645807,-0.06554133892059326,0.5869777427986265,-0.4847460240125656,1.4481861501932145,0.5673015803098679,0.5165326921953237,1.1145757764577866,1.1191718518733977,1.3290548235177995,1.1721237108111382
0.3211711272597313,0.14969929680228233,0.1099291327642277,0.17543185986578463,-0.9218445122241974,-0.607611882686615,0.2679548095911741,-0.09834263604134322,0.685606487095356,0.7799894526600838,-0.20200474709272384,0.05959833562374115,-0.17077858783304692,-0.008714820444583892,-0.6320843923836946,-0.5666413240134716,0.9413989629596472,-0.4614989887923002,-0.310625409334898,0.09765388965606689,-0.333019589446485,-0.36211704313755033,-0.45783903792034836,0.9714713662862777,-0.5937522932887077,0.1512489549815655,-0.2641298770904541,0.33064990006387235,0.0761038601398468,1.1767963975667954,0.9308517128229141,1.9358254581689835,-0.58212109208107,-0.16661460176110268,0.16335342079401016,0.4582762211561203,0.5364445087965578,-0.3204436400905252,-0.3052419528365135,0.43391790259629487,-0.37017792314291,1.4146651808172463,0.5000497192144394,0.4444471939219511,1.1743643671274184,1.144446563720703,1.1491617910563945,0.9395802989602089
0.3761818304657936,0.2368801198899746,-0.024109119619242846,0.2324476230889559,-1.0094270527362823,-0.5465119652450084,0.21923571191728114,-0.15110189002007246,0.6310918763279915,0.6894140973687172,-0.27690050154924395,-0.02000892460346222,-0.17039357759058477,0.026828722655773164,-0.6115551639348269,-0.5489763334393502,0.8685592535883189,-0.47157425694167615,-0.14845957681536676,0.24758259057998658,-0.23356586005538701,-0.45937833860516547,-0.5416280184639618,0.8560863643884659,-0.7414605543017387,0.0320012092590332,-0.23928412199020385,0.37464669570326803,0.2747616171836853,1.2255488067865372,0.9336490899324417,1.925881277024746,-0.6096119992434978,-0.17808726206421852,0.15454428344964982,0.34015423357486724,0.5908488509710879,-0.39777696821838615,-0.4913176938891411,0.33047441113740206,-0.36356492787599565,1.3730947379022838,0.5323974102735519,0.5272728240801371,1.228905126452446,1.1626808941364288,0.8791982106864452,0.7637662902474404
0.46714225262403486,0.38486032709479334,-0.14317875250708312,0.23787003420293332,-0.9874844491481781,-0.4879079140722752,0.204116016253829,-0.19667521100491286,0.5613923504948616,0.6006088927388191,-0.34144479110836984,-0.10184538662433625,-0.08276493288576603,0.12401706501841545,-0.3905346442013979,-0.5150213539600372,0.7927020076662302,-0.43386961966753007,-0.07174653932452202,0.4165933787822723,-0.1443026602268219,-0.45832322910428047,-0.5477096055401489,0.7487253338098526,-0.634870608150959,-0.016752761602401734,-0.2115492641925812,0.398832973651588,0.47373228669166567,1.2664679020643235,0.9486055999994278,1.8702205553650857,-0.6142223879694939,-0.2608951710164547,0.1917820766568184,0.30685860216617583,0.6444092927034945,-0.22631570640951396,-0.4276480183005333,0.3351583944633603,-0.35610647350549696,1.3087811712175608,0.5362151354551316,0.6000002777887857,1.181034228205681,1.1560207307338715,0.7532242827117444,0.5877304390072823
0.4611680947244167,0.32701007947325705,-0.18271262391936033,0.3264246487990022,-0.875918710231781,-0.3228328563272953,0.304809994623065,-0.21507441084831952,0.4798771157860756,0.5603543356060982,-0.220466897636652,-0.05188818871974945,-0.016443255916237833,0.10669174268841744,-0.2296998728066683,-0.2595728814601898,0.7926447037607431,-0.32083207070827485,-0.03551095351576805,0.5157833427190781,-0.015276136994361877,-0.2696332700550556,-0.44213114529848097,0.7428694993257523,-0.7445732906460762,-0.004088306427001953,-0.2771266307681799,0.35931457336992023,0.304449725151062,1.3162363708019256,0.9829601675271988,1.7624050445854664,-0.5093429043889046,-0.1302238844335079,0.28544801771640776,0.4605033040046692,0.590111926337704,-0.02779987398535013,-0.25264170914888384,0.5107802348211408,-0.38311329036951064,1.073205441609025,0.5373515099287033,0.6105926788164652,1.081167420372367,1.0882110953330995,0.5573461078107357,0.5933251455426216
0.5285932622849941,0.16418832167983055,-0.20939870371948927,0.33857941869646313,-0.7059183821082116,-0.15734171420335769,0.25163397900760176,-0.2016857121605426,0.359456031024456,0.42236542254686354,-0.11410674229264259,0.05026764869689941,0.03407257460057735,0.1941831424832344,-0.09721367247402668,-0.07838489599525929,0.6083779308944941,-0.3588344305753708,-0.06013684794306755,0.5052599132061004,0.046636035293340684,-0.0972868014127016,-0.25894029885530473,0.6197330325841903,-0.38960045129060744,0.04346805140376091,-0.2698104944080114,0.28624914344400165,0.08740968704223633,1.216273120045662,0.789748340845108,1.4361434228718282,-0.21801752597093582,-0.17818730622529982,0.4301613330841064,0.5784449219703675,0.48927615000866354,0.0998192286118865,0.06895003765821457,0.7204468505457043,-0.41233071833848955,0.5960047904402017,0.3784017086029053,0.43423525753751163,0.687629422172904,0.8324073731899262,0.3755716510117054,0.6498404368758202
0.5730899058282375,0.0788282036781311,-0.1471356500638649,0.27062755469232797,-0.47742402404546735,0.009014257788658142,0.2606389861553907,-0.08534117531962693,0.21512792706489564,0.3648106440901756,0.0548309899866581,0.1835366278886795,0.14999574087560177,0.35489910989999773,0.2211414586752653,0.05762875564396382,0.5584045771509409,-0.26349917966872455,-0.05898101404309273,0.5046351075172424,0.2193894051015377,0.172327084466815,-0.03329473286867142,0.5107210233807564,-0.1859307810664177,0.15427559539675711,-0.2716033425182104,0.2644917359575629,-0.031946733593940735,1.1602456457912922,0.7833285808563233,1.1916874058544635,0.04178973287343979,-0.2719773441553116,0.32253277152776716,0.5750735461711883,0.3911359907593578,0.3185031687840819,0.26264399141073225,0.8371026189997792,-0.22300257235765458,0.32705579437315463,0.29010107219219206,0.2643815726041794,0.4690670188516378,0.6402807235717773,0.27709600422531366,0.7135425969958306
0.5054249258711934,-0.16616382598876953,-0.13193668618332594,0.14921094831079246,-0.37223179191350936,-0.04472969472408295,0.01730017475783825,-0.12838092339225113,0.07570127844810486,0.23363075107336045,0.16568169221282006,0.22751246765255928,0.11195116005837917,0.17270638048648834,0.27946611754596234,0.09381921775639057,0.2716939810663462,-0.34531994331628085,-0.1442572720348835,0.35224464535713196,0.21929829493165015,0.16666414253413678,0.06433384865522385,0.2285185769200325,-0.10594245344400406,0.11770982593297959,-0.31815593503415585,0.17422436382621526,-0.0374511182308197,1.0342514105141163,0.6080258697271347,0.8516089029610157,0.14509207457304002,-0.4677918076515198,0.3415353402495384,0.4731614887714386,0.1051079751458019,0.2166240906342864,0.33378407061100007,0.7515981705859304,-0.22375256568193436,-0.08974642120301723,0.10013547241687774,0.029178395867347717,0.15948701463639736,0.34595340490341187,-0.04252689387649298,0.6905224487185478
0.5147601159289479,-0.2702238276600838,-0.13273606791626663,-0.06594756189733744,-0.15413150042295456,-0.014118871092796326,-0.15850982256233692,-0.21612992179580032,-0.08182395696640014,0.13807950168848038,0.20415341779589652,0.25926604941487313,0.10715894661843776,0.3132446199655533,0.4260116580873728,-0.046962295100092886,0.06379220522940159,-0.3540582226589322,-0.24427249506115914,0.2057814508676529,0.20604611709713935,0.21728586107492448,0.12211862057447434,0.1428719900548458,0.19280851930379866,0.19158598631620408,-0.105812593922019,0.1250320730730891,1.1885911226272583e-05,0.8251032568514347,0.5366222113370895,0.7117159433662892,0.3749640271067619,-0.7099338054656983,0.21169201880693436,0.41607311591506,-0.02129078209400177,0.06147457715123892,0.291749170422554,0.650404697842896,-0.17856086418032646,-0.5381012137979269,0.017116481065750123,-0.057438069581985475,-0.20596720613539218,0.01718801259994507,-0.14964870270341635,0.6893230274319648
0.5063391121104359,-0.34939794689416886,-0.20168015733361244,-0.34986820761114357,0.13408193141222,-0.010884326696395875,-0.33397054858505726,-0.1770347733516246,-0.13314952552318574,-0.013098831474781036,0.19035023003816604,0.28531258925795555,0.09408670626580715,0.23893233835697175,0.42446578331291673,-0.12390494160354137,-0.13167838416993619,-0.39384890664368866,-0.3379217334091663,0.016594478487968446,0.18180736377835274,0.1600408986210823,0.24151069670915604,0.01742127165198326,0.6234257444739342,0.16207688599824904,0.01650342084467411,0.023899467289447786,-0.07547345086932182,0.7410456635057926,0.4354903373867273,0.45761154955253003,0.71533612459898,-0.6476261287927627,-0.0461844727396965,0.36117382645606994,-0.04722355902194977,-0.015041536092758179,0.3687593132257462,0.5164394319057465,-0.10746446363627911,-0.7201449330896139,-0.20730480551719666,-0.22632985711097717,-0.41502173580229285,-0.2266628623008728,-0.13713530953973532,0.6717148840427398
0.28786578197032214,-0.4775881841778755,-0.35382198020815847,-0.6466966921463608,0.3584748849272728,-0.0238967128098011,-0.41274594850838187,-0.22646734328009188,-0.2803380936384201,-0.10118057131767273,0.08098162859678268,0.1904192589223385,0.0946385558694601,0.20262376517057418,0.3543234370648861,-0.17543610148131847,-0.24541796706616878,-0.42294203508645295,-0.42831157296895983,-0.20884871780872344,0.12827282175421714,0.1363789662718773,0.31818346977233886,-0.05709163621068001,0.6765897154808045,0.10768649727106094,0.024237075820565224,-0.1387619085609913,-0.2710986606776714,0.5201996892690659,0.3521801523864269,0.2816910200752318,0.6071650601923466,-0.6529107734560966,-0.16386316791176797,0.19512072801589966,-0.17430010735988616,-0.03056800365447998,0.32020012736320497,0.38698591887950895,-0.02997640334069729,-0.9198445733636618,-0.39760183691978457,-0.28874433487653733,-0.7453556720167398,-0.4894319653511047,-0.12072924431413412,0.6246452912688255
0.20744457114487885,-0.47610735446214675,-0.39722464606165886,-0.779712968505919,0.6271204099059104,0.08866800740361214,-0.2609175886958838,-0.18831484303809704,-0.36330235600471494,-0.16170539259910582,0.021661220490932463,0.16097379028797149,0.1453545421361923,0.1101690873503685,0.23818784579634666,-0.30583528988063335,-0.1504742167890072,-0.314178236015141,-0.43913372457027433,-0.39217675030231475,0.10727017149329185,0.13990278095006942,0.4286132097244263,-0.03933011740446091,1.0020233988761902,0.1766846716403961,0.0015502993017435073,-0.2960952647030354,-0.40165072605013846,0.2905964761972427,0.34521243497729304,0.1216836922802031,0.5683906454592943,-0.6749681919813156,-0.27967054173350336,0.2150515101850033,-0.2764961257576942,-0.07734683230519294,0.3466618560254574,0.31262486428022385,0.004208220914006233,-0.931051780283451,-0.3446631133556366,-0.30022065043449403,-0.8758243132382632,-0.6445113480091095,-0.07949840705841779,0.6273402377963067
0.046197603829205035,-0.477986578643322,-0.41671756356954576,-0.8934863978996873,0.6898532018065453,0.09237652495503426,-0.016122094914317132,-0.2131807914469391,-0.4643086314201355,-0.23239442110061645,-0.037828241288661954,0.06620416343212128,0.203811439871788,0.15915314704179764,0.27766204476356504,-0.2834502082318068,0.048328948020935056,-0.12824346590787172,-0.3617089599370956,-0.5401733994483948,0.026118163019418716,0.18934496268630027,0.5787666752934456,-0.0016564711928367614,1.0420412719249725,0.3646960906684399,-0.07071244083344937,-0.4669026590883732,-0.518053662031889,0.002969983220100403,0.3730748020112514,0.027195788267999888,0.43832503668963907,-0.5815145313739777,-0.24328141137957573,0.2557244323194027,-0.20696646482683717,-0.0290198877453804,0.3818561516702175,0.3070406958460808,0.017417308315634726,-0.9681654766201973,-0.2885543167591095,-0.3429413020610809,-0.9299417961388826,-0.69666006565094,0.06758224088698625,0.6181190356612205
-0.1402358366176486,-0.4976205512881279,-0.528177584707737,-0.984673804230988,0.5790661945939064,0.05390929654240608,0.07853091545403004,-0.29142558784224093,-0.5751423984766006,-0.38103594183921813,-0.04587866887450218,-0.04047797620296478,0.20737532079219817,0.18608299046754836,0.2560311496257782,-0.22296438030898572,0.0900278091430664,-0.008669628389179706,-0.27127947807312014,-0.6689513310790062,-0.0660261359065771,0.12322316989302635,0.6680774703621865,-0.0071451827883720394,0.9405306067317725,0.4044232241809368,-0.12764012776315212,-0.6626385806128383,-0.6665901713073253,-0.35711331069469454,0.2830988548696041,-0.12651921724900603,0.37489321567118167,-0.3835297226905823,-0.27278331443667414,0.24371229037642478,-0.3300048387143761,-0.0349887564778328,0.320787962526083,0.22372371405363084,-0.05698486231267452,-1.022036461532116,-0.26226783394813535,-0.41186980307102206,-1.0648147065192461,-0.818717360496521,0.04106085617095232,0.6070215210318566
-0.3139163887128234,-0.5714099362492562,-0.6356711938977242,-1.0638793468475343,0.43233505859971044,-0.052724285423755644,-0.010766934603452682,-0.42743102223612367,-0.7142552703619003,-0.660845822095871,-0.2553964577615261,-0.27191623151302335,0.15872754156589508,0.16176466643810272,0.08426698446273803,-0.352129765227437,-0.07099390625953675,0.06267386060208083,-0.20645610094070435,-0.7493751868605614,-0.1488809309899807,-0.06350238099694253,0.6484545424580574,-0.06590529233217239,0.8704761948436499,0.34014194868505,-0.21275623738765717,-0.8554798958823084,-0.7430635564029217,-0.7254956394433976,0.10414173230528831,-0.30214730044826865,0.18490363098680973,-0.20107951164245605,-0.5080510310828685,0.1552606038749218,-0.2881250558886677,-0.1339978903532028,0.1624804377555847,0.03450474701821804,-0.08572499565780163,-1.009261403977871,-0.2052798628807068,-0.49878074824810026,-1.0970168009400367,-0.9327885806560516,0.05795371551066637,0.46040879637002946
-0.2734537100419402,-0.3174333289265633,-0.5585358247160912,-0.8904163807630538,0.4931936524808407,-0.02959073558449745,0.1984706290066242,-0.4841116711497307,-0.6798921018838883,-0.6723082512617111,-0.2510290138423443,-0.3357980489730835,0.2289432853460312,0.27882311642169955,0.2263740360736847,-0.2871294438838959,0.10541169345378876,0.34317001681774856,-0.0021820008754730225,-0.6216225519776344,-0.049560023844242095,0.03838176168501377,0.6810306385159492,0.09301575869321824,0.7359889563173055,0.3920265469700098,-0.12382973432540893,-0.7706698713824153,-0.5132981287315488,-0.813517689704895,0.1875156544148922,-0.2808052762411535,0.0992157731205225,-0.0923940122127533,-0.45055200681090357,0.25275005027651787,-0.2909657119307667,-0.08613021969795227,0.04520555138587952,-0.03324849046766758,0.025675999000668526,-0.7602374956011773,0.04586125612258911,-0.27137015759944916,-0.8234310060739517,-0.716081389784813,0.20121736098080872,0.38634012192487716
-0.22672435250133277,-0.16410020738840103,-0.5330123603343964,-0.7459129102528095,0.49996531531214716,-0.024198418855667113,0.15508922524750232,-0.3935111045837402,-0.6525064975023269,-0.7551603227853775,-0.18361471965909004,-0.37810777947306634,0.23309626281261445,0.1668244905769825,0.14877737164497376,-0.3046291768550873,0.07823805194348096,0.46785424947738646,0.0948709562420845,-0.4990589633584023,0.023126779496669768,0.02503611482679844,0.6514905288815498,0.08189406245946884,0.7998728897422552,0.2712707255035639,0.048320156335830686,-0.7838318703696132,-0.395610018260777,-0.9231077171862125,0.11186655536293984,-0.4220849378965795,0.06724949218332768,-0.015919606387615203,-0.22773362621665,0.33037502989172934,-0.27755807326175275,-0.07507631182670593,-0.0027429401874542237,-0.11782799549400806,0.030216314271092413,-0.567480655014515,0.10276094079017639,-0.08973856791853904,-0.6084653198719024,-0.6349986284971237,0.18299026787281036,0.2522532034665346
-0.17475278973579406,-0.08723457008600236,-0.47026977241039275,-0.5299476690590381,0.5427552469074726,0.056044137477874754,0.41091847606003284,-0.31173029690980913,-0.6625579029321671,-0.7497425109148026,-0.12616666480898858,-0.3674929991364479,0.46569481790065764,0.5315294213593006,0.37460187673568723,-0.08491384387016296,0.33759300094097855,0.8223476886749268,0.3395381286740303,-0.27255784422159196,0.17976734191179275,0.2985643450170755,0.75361437946558,0.29183761924505236,0.7815125223249197,0.3268476378172636,0.04389151930809021,-0.7450365392491222,-0.3068697826936841,-0.9818528838455677,0.28394006565213203,-0.4837643994949758,-0.023901095613837242,0.032570190727710724,-0.10355180725455285,0.5005946718156338,-0.023739740112796427,0.23136747479438782,0.14848700314760208,0.03625773005187512,0.06439646370708943,-0.4576559618115425,0.23744609951972961,-0.05883268341422081,-0.4831494569778442,-0.5158120572566987,0.3273481994867325,0.2578306067734957
-0.15715262293815613,-0.030704672634601592,-0.3857360139489174,-0.4101171210408211,0.5112496636807918,0.12644264101982117,0.5648771572858096,-0.10258940607309341,-0.6756984859704971,-0.8048076659440995,-0.06013694033026695,-0.35649349093437194,0.6445806950330735,0.3931190975010395,0.40252372696995736,0.22909699082374574,0.5203085241839289,1.1039229154586792,0.5859569862484932,-0.11928031295537948,0.3100756660103798,0.40815927386283873,0.9200307622551918,0.28697326108813287,0.7458508010953665,0.3162517439574003,0.09054460525512695,-0.7996496116742492,-0.34452540818601846,-1.0586212791502476,0.26870636120438574,-0.8197000636719167,-0.022837647423148155,0.19348023682832718,-0.11300851330161095,0.6036215662956238,0.08216088279150427,0.4225310727953911,0.39220184832811356,0.184198946878314,0.06996256373822689,-0.24957963079214096,0.3892464905977249,-0.08368472084403038,-0.3200409159064293,-0.37714444398880004,0.2798634275794029,0.2720479447394609
-0.13867751955986024,-0.02361517697572708,-0.31488549392670395,-0.3191250219941139,0.3968991033732891,0.11543427407741547,0.7153573852032423,-0.17048408836126328,-0.8122881919145584,-0.8118282824754715,-0.025883716344833375,-0.3519583769142628,0.8595575839281082,0.6201898701488971,0.5486170269548893,0.4239453971385956,0.7390859959647059,1.398246270418167,0.8386097207665444,0.03533263057470322,0.38790573477745055,0.6062512040138245,1.066188322007656,0.4171639733016491,0.6066644188016653,0.4330782126635313,0.10229625701904296,-0.8195904470980168,-0.22399575654417275,-1.2707585848867893,0.2306697193533182,-0.950887949578464,-0.20309198461472988,0.3072454556822777,-0.10279774889349938,0.7432380616664886,0.37621545656584204,0.4575678899884224,0.5380497172474861,0.41231358163058757,0.02496853321790695,-0.3346431002020836,0.5741252560634166,-0.1433250807225704,-0.3368812784552574,-0.36937522888183594,0.3090683363378048,0.36248592622578146
0.0007413476705551147,0.061787329614162445,-0.1402109919115901,-0.22967828661203385,0.365266764909029,0.14757367223501205,0.7757123038172722,-0.0828460231423378,-0.8680395513772965,-0.9049449175596237,0.07672514021396637,-0.298403487354517,0.9673620730638504,0.6971577949821949,0.7338930286467076,0.6515751898288726,0.8567978708073497,1.6316701173782349,0.9645475253462792,0.17551128566265106,0.5062947154045105,0.6569365832954646,1.2440939247608185,0.456034978479147,0.5687445905059576,0.4838098119944334,0.06031379699707031,-0.7558030739426613,-0.18942090119235216,-1.3618808776140212,0.14054699391126632,-1.0707717180252074,-0.04627864249050617,0.37575292587280273,-0.20782650411128997,0.7839463889598847,0.5399577365722508,0.45894993394613265,0.6986663594841958,0.5502825748175383,0.14703797399997712,-0.2671531423926353,0.6297706027049571,-0.26760639175772666,-0.23092844039201738,-0.3424590826034546,0.3475219927728176,0.41190992332994936
0.06517889350652695,0.02709854543209076,-0.08867872934788465,-0.23324839025735855,0.2305312432348728,0.016970135271549225,0.6003503188490867,-0.0793669268488884,-0.8850034087896347,-0.9576431840658188,0.16128992661833763,-0.2914235357195139,0.9366519600152969,0.7840193994343281,0.8478812612593174,0.7824174493551255,0.7986701605841517,1.6552980899810792,0.9143137097358703,0.19382634162902831,0.44709091186523436,0.5818415585905313,1.3152574717998504,0.561807706952095,0.5678110864013434,0.3982836525887251,0.10684345662593842,-0.6808961726725101,-0.21167589272372425,-1.3297576785087586,0.011105500161647797,-1.0450901616364718,0.09801950752735138,0.47307702004909513,-0.11091782078146935,0.7399410024285317,0.6106085808482021,0.6494722746312618,0.8011033453047276,0.6147558089345694,0.12333585172891617,-0.36117359101772306,0.47890181732364,-0.28297403678297994,-0.31710358560085294,-0.4177717506885529,0.3714579902589321,0.4114294473081827
0.13940410166978837,0.012754912301898003,-0.07385514061897994,-0.2462295785546303,0.13770413026213646,-0.05459108203649521,0.42385392636060715,-0.014515399187803268,-0.8701870985329151,-0.8862775713205338,0.07981931790709496,-0.2601450715214014,0.8371748073026538,0.7106653489172459,0.7247543632984161,0.7518403038382531,0.7086176810786128,1.6079697132110595,0.7934238374233246,0.20665367245674132,0.4276365414261818,0.597001701965928,1.2992112696170808,0.6666376620531083,0.5249426092952489,0.29092303328216074,0.1228575736284256,-0.5698474243283271,-0.2133113547693938,-1.1247939635068178,0.018165211379528045,-0.8763580966740847,0.18278567492961884,0.45720139518380165,-0.17359099313616752,0.6810596600174904,0.6278470851480961,0.6678020536899567,0.8212902642786503,0.6321682091802359,0.1606440283358097,-0.44595194756984713,0.21737692547030746,-0.3567424900829792,-0.49659145176410674,-0.5285528779029847,0.44289305433630943,0.3900463256984949
0.1740634873509407,-0.046704598143696784,-0.10310197155922651,-0.2773663833737373,0.083456901460886,-0.14038657993078232,0.11500361412763596,0.04007020611315966,-0.8765452571213246,-0.768827936053276,0.03430607840418816,-0.19655067585408686,0.7113350231433287,0.4747673191130161,0.5530749797821045,0.6331767655909062,0.5346078095957637,1.4067667245864868,0.6667647302150727,0.16689665764570236,0.31301027722656727,0.4405417863279581,1.1377835407853127,0.7314179748296737,0.4567055404186249,0.1427896711975336,0.2851518303155899,-0.49751126319169997,-0.14528979207389056,-0.8366674471646547,0.04913165420293808,-0.5364341307431459,0.23355553448200225,0.26155845299363134,-0.10480508953332901,0.5816192798316479,0.4557689748704433,0.4096196830272675,0.7037966676056385,0.5052488502115011,0.18679963648319245,-0.47090505957603457,0.02229330730624497,-0.5071084894239902,-0.495993435382843,-0.6035475552082061,0.5480874799191952,0.2862673196941614
0.2278943732380867,0.0031563218683004378,-0.20943109076470137,-0.35117577463388444,0.03697021454572678,-0.2591333709657192,-0.026703113690018654,0.10418774802237749,-0.7993539519608021,-0.5261784225702286,-0.002045900374650955,-0.09505766592919826,0.6546866942429915,0.5119531020522118,0.7395002782344818,0.6113122031092644,0.4503551362082362,1.2395657479763031,0.5763090178370476,0.185335985571146,0.22120555788278579,0.3511117223650217,0.9416441276669503,0.8106705069541931,0.46385022439062595,0.04141550660133362,0.3025284320116043,-0.4248476341366768,0.02941467766650021,-0.49182537086308004,0.22938094586133956,-0.12833656556904316,0.32424659878015516,0.18330194074660539,-0.011076237261295318,0.5355243243277072,0.4288777753710747,0.369048573076725,0.5976726323366165,0.39762829393148424,0.15843592584133148,-0.43046303540468217,-0.12598300981335342,-0.611488688737154,-0.4137606143951416,-0.5404897063970566,0.6441318832337857,0.1354483488947153
0.15956913381814958,-0.10543981976807118,-0.3927182970568538,-0.4969276592135429,-0.12456370145082474,-0.4470430575311184,-0.3523314896970987,0.16002363692969085,-0.7002298034727573,-0.43715715408325195,-0.18970376625657082,-0.13306232653558253,0.49202435950282963,0.22876285761594772,0.46871023774147036,0.48975552171468734,0.109857570938766,0.9118301689624786,0.42602119520306586,0.04721317663788795,-0.002155612409114838,0.0710429672151804,0.681875117123127,0.663503123819828,0.4046789351850748,-0.1835998773574829,0.3003545805811882,-0.4682205989956856,0.08970403023995459,-0.36022829823195934,0.24223796874284745,0.03962780646979809,0.3608902266714722,0.06569030303508043,-0.18844206482172013,0.3424827910959721,0.22027672380208968,0.24889220744371415,0.4495664268732071,0.18364813774824143,0.10769308954477311,-0.47038661390542985,-0.31507724928669634,-0.6027180083096028,-0.37619479149580004,-0.5809378832578659,0.5098701935261488,-0.0033972468227148056
0.07791123986244201,-0.16849773679859936,-0.536509053222835,-0.5664052255451679,-0.23929106444120407,-0.6031067535281182,-0.5235557410866022,0.037446743063628676,-0.5184363402426243,-0.2639403402805328,-0.39044838324189185,-0.2426714513450861,0.33454498986247927,0.16297931149601935,0.24414919018745423,0.39704628363251687,-0.0682695209980011,0.6644227921962738,0.29044412449002266,-0.03800051584839821,-0.20180251449346542,-0.1258311029523611,0.4682623460888863,0.6407336354255676,0.26001196540892124,-0.267586749792099,0.1477602705359459,-0.4390267863869667,0.12043712683953345,-0.14212183766067027,0.3261325001716614,0.28227483443915846,0.25044748694635927,-0.0862048564478755,-0.4080326214432716,0.17013876810669898,0.0757496938109398,0.021990157663822174,0.31244281232357024,0.039408713579177856,0.04412384480237961,-0.5264382869005203,-0.38772431421093645,-0.4949930563569069,-0.42605718076229093,-0.5009194739162922,0.5418268036097288,-0.0876754254102707
