-0.9669937923550606,-0.40452961921691893,-1.2667939990758896,-1.1142417907714843,0.20268600881099702,0.08747358643449843,-0.651836670935154,0.5234090223908424,1.4029939353466034,1.1039537906646728,-0.4776112958788872,-0.29834333024919035,0.4754551649093628,-0.3760988272726536,-0.5007894775364548,0.7849771931767464,-1.011084569990635,-0.7043364778161049,-0.5510184243321419,-0.30408430434763434,-0.44359701946377755,0.19886010219343006,0.9880506277084351,0.6563321977853775,-0.3451279528439045,-0.9147450715303421,-0.6917789518833161,-0.62845828384161,-0.4758775064256042,-0.9122610449790954,-0.8616020292043686,-0.5167560607194901,-0.08379926085472107,0.08523280955851079,0.06284140422940254,0.5247442588210106,-0.48438233360648153,0.4969198049977422,0.9884133040904999,1.0728085532784462,-0.10268690697848797,0.3698357349261642,0.30436841370537876,1.0872392505407333,1.0836237747222186,1.2050990521907807,0.1283060096204281,1.115733003616333
-0.8533509895205498,-0.32474269792437555,-1.1495492696762084,-1.0859802663326263,0.30689290165901184,0.09362904452718794,-0.47492244392633437,0.5650254860520363,1.3976897060871125,1.1296756863594055,-0.43695636838674545,-0.24683829508721827,0.6154392182826995,-0.4481820918619633,-0.5314418396446854,0.9059309050440788,-0.800771550834179,-0.5514888092875481,-0.3027860477566719,-0.2759807649999857,-0.43076658323407174,0.2734712549019605,1.2612943947315216,0.7837353855371475,-0.19296206906437874,-0.8615165092051029,-0.6563937783241272,-0.5914452865719795,-0.4355612465646118,-0.8717685610055923,-0.8321977019309997,-0.5799236744642258,0.1648680865764618,-0.01815417520701885,0.002188124507665634,0.6232870325446129,-0.43292337507009504,0.5606117680668831,1.1032264679670334,1.2028508871793746,-0.08568595461547375,0.4077495401725173,0.32845956459641457,1.0567001134157181,1.0420694310218095,1.185442179441452,0.29495190009474753,1.2536964058876037
-0.6983431309461594,-0.4000972591340542,-0.9677870362997055,-0.9548885554075242,0.47405763864517214,0.19809103645384313,-0.2624508813023567,0.4710815757513046,1.27975891828537,1.1386486887931824,-0.4615118131041527,-0.16734036169946193,0.7670472890138627,-0.39885986819863317,-0.49004053086973726,0.9378382727503777,-0.5655237838625908,-0.40177022069692614,-0.12456603199243546,-0.18532379306852817,-0.34434178844094276,0.3388259329367429,1.4195217609405517,0.8835515886545181,-0.05015947297215462,-0.7031617976725102,-0.5499201536178588,-0.4830542758107185,-0.3623808109667152,-0.7839834511280059,-0.7118817448616028,-0.6094002038240433,0.16269538104534148,-0.05372910015285015,-0.07122120782732963,0.7216771379113197,-0.43842631606385113,0.46553142070770265,1.1774336457252503,1.3164340138435364,-0.11951185874640942,0.37563998755067585,0.3763482928276062,0.9120362937450409,0.9478476960211992,1.1006719052791596,0.3424182735383511,1.3294738113880158
-0.6135221421718597,-0.4858883790671825,-0.7956205934286118,-0.8479101791977882,0.5896777860820294,0.2691093686968088,-0.08252235203981399,0.5576192408800125,1.1712132811546325,1.0591509699821473,-0.4624743387103081,-0.1062895979732275,0.7669509947299957,-0.3553832806646824,-0.46574862212873996,0.8098412476480007,-0.3568184658885002,-0.3153479352593422,0.004188017547130584,-0.09184978194534779,-0.2780534215271473,0.35626373668201267,1.4740173637866973,0.8284872442483902,0.019458752125501633,-0.5909491874277591,-0.5847056567668915,-0.4484494380652905,-0.3567039128392935,-0.7263421639800072,-0.6492594808340073,-0.8247813582420349,0.2713074579834938,-0.03547736965119839,-0.0826570026576519,0.6944038167595863,-0.3279992314986885,0.347623798251152,1.1524627327919006,1.3144866824150085,-0.11554311923682689,0.3097278481349349,0.2797816529870033,0.7367137134075165,0.8343453485518694,0.9814582347869873,0.3416146956384182,1.3788894534111023
-0.6081103414297104,-0.5253882341086864,-0.6760235726833344,-0.7177664697170257,0.6979659251868725,0.41405758410692217,0.09375247210264206,0.4631189227104187,1.060096400976181,0.9801179707050324,-0.39125124365091324,-0.04105991683900356,0.7878063917160034,-0.28002895414829254,-0.3981440624687821,0.7810577593743802,-0.204387366771698,-0.25933993607759476,0.07893301546573639,-0.005144988372921944,-0.24204824045300483,0.3414609767962247,1.4571608126163482,0.7428692638874054,0.11101775094866753,-0.4498421557247639,-0.6735885977745056,-0.46829805597662927,-0.42505568377673625,-0.7579117253422737,-0.6001417264342308,-1.0549827843904496,0.2145976558327675,-0.08254404626786709,-0.002045788615942001,0.6644131496548653,-0.4025179768912494,0.3236118942499161,1.1515496850013733,1.3343072652816772,-0.1945833455771208,0.1849364137277007,0.24970922619104385,0.5910440623760224,0.7780456263571978,0.8639026701450347,0.2360323540866375,1.4098490834236146
-0.5849992461502552,-0.45220963284373283,-0.4895593851804733,-0.49381749629974364,0.9136029534041882,0.6228965476155282,0.36148058623075485,0.4276541531085968,0.9808445870876312,0.9517460763454437,-0.38909224718809127,0.02857876047492027,0.8896979480981827,-0.24249562323093415,-0.2136007329914719,0.833040864020586,0.045488715171813965,-0.11787172108888626,0.21649471223354338,0.13826319389045238,-0.10829174891114235,0.4153454907704145,1.4393756866455079,0.7190032422542572,0.12586189731955527,-0.23517460897564887,-0.807542371749878,-0.41715390756726267,-0.34771989695727823,-0.8236170187592506,-0.5129612132906913,-1.166067546606064,0.15668763667345048,-0.20042194984853268,-0.03428767845034599,0.6359823837876319,-0.3113001766614616,0.4884131759405136,1.1820854365825653,1.2829899966716767,-0.034554068744182584,0.2549676612019539,0.29965682663023474,0.5207941353321075,0.7460878092795611,0.8171023190021515,0.25490359738469126,1.4377691745758057
-0.5050451695919037,-0.4889058195054531,-0.24940029084682463,-0.22582327127456664,1.0430456571280957,0.8024612903594971,0.5599713727831841,0.43102524280548093,0.9281515657901764,0.9724617302417755,-0.2752257212996483,0.1213226467370987,0.9843433171510696,-0.1724790334701538,-0.3220763108227402,0.7934135772287846,0.2394825041294098,0.021823375672101974,0.3189413081854582,0.30440352857112885,0.014098468422889709,0.48034545332193374,1.3634119480848312,0.8388456523418426,0.178224878013134,-0.012292475253343583,-0.8408013463020325,-0.38278129175305364,-0.3725936096161604,-0.7883502617478371,-0.37693601883947847,-1.1511048018932342,0.12113992124795914,-0.20831558331847191,-0.047032301872968675,0.6816341981291771,-0.3997017706744373,0.516971917450428,1.1894678056240082,1.2221212267875672,-0.0365628644824028,0.23400710970163346,0.3290492933243513,0.4522474050521851,0.7448161263018847,0.7864919066429138,0.31217238679528236,1.3874029576778413
-0.33661431074142456,-0.37387432586401703,0.10202538073062897,0.1305367112159729,1.1529139809310436,1.0743601143360137,0.7720232531428337,0.5643673092126846,0.9670472919940949,1.0773712575435639,-0.13713423013687134,0.3129283249378204,1.1009577721357346,-0.2253133997321129,-0.3105608858168125,0.786495728045702,0.4652152478694916,0.1741979829967022,0.3944241549819708,0.5846404880285263,0.29082609713077545,0.6610206872224808,1.269330945611,1.048548197746277,0.27936673909425735,0.14978154227137566,-0.8568693637847901,-0.20366913750767707,-0.2955540057271719,-0.5251454070210457,-0.12041223086416722,-0.9227293610572815,0.16014744639396666,-0.12801757231354713,0.07266514971852303,0.8338775500655174,-0.3692043389193714,0.5059965774416924,1.2025545299053193,1.2537917494773865,0.17484425455331803,0.3242445096373558,0.376517628133297,0.5137735784053803,0.7693261642009019,0.8342374801635742,0.5597503520548344,1.3322778165340423
-0.09414159059524536,-0.28207134138792755,0.35408546030521393,0.4500935792922974,1.3130227461457253,1.3232604146003724,0.8917231425642967,0.6884939208626747,0.9959542155265808,1.1522927463054657,0.026421886682510377,0.528048974275589,1.1545779794454574,-0.1547723278403282,-0.16344125792384148,0.6910566069185734,0.5596122868359089,0.2690183870494366,0.4287995543330908,0.9022410839796067,0.5726654440164566,0.8248193532228469,1.1780503004789353,1.2257690995931625,0.28770321756601336,0.22843504473567008,-0.7106268025469035,-0.060400103032588956,-0.17160299010574817,-0.3543915167450905,0.11519449912011623,-0.7714526772499084,0.30453906059265134,-0.01961936429142952,0.40511663630604744,0.9372585415840149,-0.2774509514681995,0.47733152359724046,1.2018389880657196,1.2219782948493958,0.3034404590725899,0.2983066737651825,0.39553726762533187,0.5863837867975235,0.8184157110750675,0.8526200771331787,0.7367442704737186,1.3563458144664764
0.1426023542881012,-0.24984511267393827,0.528518932312727,0.7090685129165649,1.4069782510399818,1.4447417587041855,0.8756928458809853,0.6638153657317162,0.905927199870348,1.1369480162858963,0.1286454051733017,0.6768299520015717,1.189646765589714,-0.04646599143743515,-0.004643019288778305,0.6932890512049198,0.5200865752995014,0.3288054294884205,0.3832866009324789,1.0941491842269897,0.7534883230924606,0.8866152256727219,1.0420358151197433,1.2008640974760056,0.34475249573588373,0.17839194163680078,-0.6158230550121516,0.006300679594278336,-0.12438031621277332,-0.18548950105905532,0.2887571152299643,-0.7629386365413666,0.4247201234102249,0.09996152818202972,0.5038804061710834,0.9400604367256165,-0.11811677766963839,0.6663776323199272,1.2025698363780974,1.172302496433258,0.36321897953748705,0.22166053652763368,0.3436081662774086,0.5923160970211029,0.7975983396172523,0.7813646510243416,0.7465239360928535,1.3351604521274567
0.29872838854789735,-0.2749807728454471,0.674378078430891,0.8740608155727386,1.4426418364048004,1.4236326530575751,0.794863373041153,0.8065808609127998,0.8721456296741963,1.0923646092414856,0.2597079500555992,0.7821189165115356,1.2094593614339828,0.15851666182279586,0.16262532845139505,0.7039454229176044,0.4735600881278515,0.30331226363778113,0.32491861302405595,1.2767460525035859,0.9596245735883713,0.9189000576734543,0.9327397435903549,1.0123002283275127,0.38587367460131644,0.13136100992560387,-0.6795743114780635,0.022856182605028152,-0.0942758459597826,-0.06761285215616226,0.3390101816505194,-0.8717473566532135,0.4568941848352551,0.30387087166309357,0.5328773260116577,0.8490846708416939,0.043775924015790224,0.7569729581475257,1.1755639016628265,1.1491089940071106,0.42997084707021715,0.059717437624931334,0.2374320760369301,0.46481804847717284,0.6655850574374199,0.6562285915017128,0.5640395596623421,1.3096154749393463
0.3835735946893692,-0.2975415101274848,0.6649181447923184,0.892512959241867,1.4540008336305619,1.4208967357873916,0.6941139459609985,0.8898388281464576,0.7829220108687878,0.9974135987460613,0.3348877217620611,0.8583536297082901,1.2612286895513534,0.28241334296762943,0.33564876690506934,0.7745427377521992,0.40577262863516805,0.2853136938996613,0.21715031880885363,1.3588719725608827,1.0925948292016983,0.9405942350625992,0.9020614951848984,0.8798227898776532,0.345758580416441,0.08873942494392395,-0.7176283783745021,0.06354762315750122,-0.059762432053685186,0.022110547125339507,0.42808867059648037,-0.908695638179779,0.4473533170297742,0.5193099826574326,0.7593954145908356,0.7813793703913688,0.13797746719792486,0.8970352604985237,1.2200004041194916,1.1562944650650024,0.46789071410894395,-0.05829187631607056,0.16079141646623613,0.3891665816307068,0.5156788483262063,0.5278197191655636,0.4194114342331886,1.3353263914585114
0.44980152398347856,-0.2277341356500983,0.6511179768946022,0.8470903635025024,1.3756884664297104,1.3903582364320755,0.5621530992910266,0.9446302950382233,0.6752055399119854,0.8950038306415081,0.3056029465049505,0.8129570923745633,1.2201099783182143,0.32252960838377476,0.35207594074308873,0.8111575193703174,0.4031886778771877,0.3083685380406678,0.20473693329840897,1.3034742653369904,1.0793953865766526,0.8950260490179062,0.8454525262117386,0.7379621557891369,0.32544916197657586,0.0975497007369995,-0.83398702214472,0.05380441397428513,-0.06696424819529057,0.07176416367292404,0.4922398205846548,-0.7929309189319611,0.5338497744873166,0.5832489769905805,0.868136215209961,0.691802753508091,0.11769803911447525,0.9124169796705246,1.155627903342247,1.0925719320774079,0.4511783465743065,-0.12800835072994232,0.1523030236363411,0.42844068706035615,0.3608371689915657,0.4218472264707088,0.3098964527249336,1.3437126576900482
0.55468919724226,-0.16962086763232948,0.5363133007194847,0.7466075763106346,1.3013724893331529,1.2753649637103082,0.43229583036154506,0.8842047870159149,0.5929072551429272,0.8292134188115596,0.2606886547058821,0.7573105502873659,1.220405438542366,0.41332461424171923,0.36743401922285557,0.841865187883377,0.3893510840833187,0.361057407874614,0.25723994690924884,1.279661351442337,1.0123308889567852,0.7773941904306412,0.8072429090738297,0.6392958380281926,0.2525246970355511,0.07403193563222885,-0.810546863777563,0.06349304486066103,-0.03334970399737358,0.14586560130119325,0.5662274446338416,-0.5200813710689545,0.501516150124371,0.5491604954004288,0.6573883712291717,0.5511654868721962,0.18906029909849167,0.8336300551891327,1.0545459896326066,0.9677605643868447,0.4086028918623924,-0.13734615743160247,0.19159912765026094,0.4684014290571213,0.26508044451475143,0.3394341617822647,0.24471358507871627,1.29617400765419
0.6468986049294472,-0.12834367211908101,0.4923349583055824,0.6673138052225113,1.1779542148113251,1.154117913544178,0.33955025020986795,0.937960895895958,0.5462890140712261,0.7992288611829281,0.21540263257920741,0.7417830932885409,1.2130673199892044,0.4829364437609911,0.3626447502523661,0.823827189207077,0.3981868036091328,0.40271096946671603,0.32083419132977725,1.2628026247024535,0.9807168044149875,0.621152687072754,0.7336025074124336,0.5531201429665089,0.11591432616114616,0.043300472944974897,-0.7599087602924556,0.06615950930863619,-0.04396120384335518,0.25157841145992277,0.6253818582743407,-0.1893495261669159,0.45934809613972905,0.45083347856998446,0.3668656647205353,0.3731957271695137,0.30417217761278154,0.7829722106456757,0.8401827782392501,0.7704363897442817,0.36812017261981966,-0.11736619994044303,0.16320160627365113,0.5321802467107772,0.19682202786207198,0.3211071103811264,0.28388953283429147,1.1716214314103126
0.6656648732721806,-0.16765638794749976,0.39686208008788526,0.5113772287964821,0.957867169380188,0.9584686890244484,0.2139330619946122,1.0670522421598434,0.5544742457568645,0.7765310905873776,0.3011704694479704,0.7496133673936128,1.1465662986040115,0.5485607255250216,0.34629256166517736,0.6958663582801818,0.3261123962700367,0.3540522982366383,0.27856486905366185,1.1706801891326903,0.8799606300890446,0.38173203468322753,0.6382764682173729,0.3793596692383289,0.07653625532984734,-0.07053554579615592,-0.7120947964023798,-0.09698102306574582,-0.20589199140667916,0.3656563455238938,0.5838105987757445,-0.06796700358390809,0.4380188064649701,0.5545579731464386,0.20830484926700593,0.21449045091867447,0.4484558753669262,0.565776664018631,0.595077458024025,0.6175154939293861,0.1803472876548767,-0.09496551677584648,0.07401127219200135,0.5328414589166641,0.17095396369695665,0.33654743134975434,0.142316547781229,0.9549318507313729
0.5126952081918716,-0.17402565088123084,0.2008920633699745,0.26388044506311414,0.7698122829198837,0.7566874321317301,0.029264628328382968,1.0958047181367874,0.5390863053500652,0.7033453427255154,0.2980688702315092,0.7036394704133272,1.039349865913391,0.6713090885430575,0.46326102055609225,0.47564367949962616,0.19396040514111518,0.242238346952945,0.17714904006570578,0.9553843080997467,0.7004567809402943,0.15078477263450624,0.5195174172520638,0.09246662929654122,-0.038172858953475955,-0.19680912420153618,-0.7681262261699885,-0.3143026871606708,-0.39296448305249215,0.2733393842354417,0.4606351166963577,-0.1290997087955475,0.3372751818969846,0.49528044164180757,0.04431036412715912,-0.007448159158229828,0.6056650474667549,0.43445010781288146,0.3885140150785446,0.4167271450161934,0.011997087299823761,-0.1290828190743923,-0.011504554748535156,0.5074924483895302,0.04705849438905716,0.24919242290779947,-0.045908962935209276,0.7556329384446144
0.3553405076265335,-0.12391290962696075,0.042416461696848276,0.024497030675411223,0.7035204738378524,0.5831623371457682,-0.1492426222190261,1.1083822876214982,0.5364281050860882,0.6626408420503139,0.28265984170138836,0.6192125964909792,0.8549969345331192,0.702553603425622,0.5112792383879423,0.23005940318107604,0.02334601953625679,0.03482573451474309,0.021637350879609586,0.7075951308012008,0.4992422617971897,-0.14360445141792297,0.3807342365384102,-0.22408147975802423,-0.15753028094768523,-0.26235262081027033,-0.7472379453014583,-0.5382713181897998,-0.5245213739573955,0.013881468214094639,0.2237590342760086,-0.3304299235343933,0.1927952514961362,0.32119382321834566,-0.22385323345661162,-0.25925211757421496,0.7320297375321388,0.3085713148117065,0.16524192392826081,0.16026677638292314,-0.07617172747850418,-0.17111774310469627,-0.07505023777484894,0.4894274964928627,0.04020342975854874,0.19061174420639873,-0.3697281114757061,0.5479616299271584
0.2089034527540207,-0.05027410387992859,-0.12225962639786303,-0.21732959896326065,0.5754875242710114,0.46808703502174465,-0.27866579350084064,1.120867159962654,0.528201150149107,0.6551573596894741,0.3348832678049803,0.6062886763364077,0.715199562907219,0.7861516091972589,0.520245936140418,0.06009573042392731,-0.1215941071510315,-0.17411918817088007,-0.12026578132063151,0.434038981795311,0.33526417538523673,-0.39436853528022764,0.25245706290006636,-0.6126527301967144,-0.23399580419063568,-0.27429453656077385,-0.8520032316446304,-0.6863750046119094,-0.6610200136899949,-0.17480372842401265,-0.0713159054517746,-0.5280876755714417,0.09237963724881411,0.2094559043645859,-0.5040756076574325,-0.4895014867186546,0.7777520194649696,0.1370033621788025,-0.07435809075832367,-0.04685855954885483,-0.008707763254642486,-0.12806028500199318,-0.18887823522090913,0.4865556225180626,0.027845989167690276,0.15186580745503306,-0.7224470369517804,0.30195006281137465
0.14180486500263215,0.14055923819541932,-0.07296300516463816,-0.3450169111369178,0.6510238915681839,0.5554265405749902,-0.19984519835561515,1.3558379650115966,0.6053981587290764,0.7150475554168224,0.4370896976441145,0.6233948636800051,0.6077384799718857,0.7936301384121179,0.5322683598846197,-0.23187539279460906,-0.04323763251304626,-0.29724101899191735,-0.19265061262995004,0.30289473086595536,0.3061184220016003,-0.5181636020541192,0.17834308743476868,-0.8375135295093059,-0.32784235179424287,-0.2031668446958065,-0.9530009865760803,-0.7083269333466887,-0.6330576129257679,-0.301156753860414,-0.25767606794834136,-0.6548356413841248,0.10069829393178224,0.20134911239147185,-0.5988153159618378,-0.5743127927184105,0.7677070453763009,-0.12134212404489517,-0.2622453272342682,-0.2418574020266533,0.08253482729196548,-0.019239605218172074,-0.13064771592617036,0.5436204925179482,0.08354043960571289,0.2129073607735336,-0.9209709383547307,0.10909848958253861
0.09287314116954803,0.3821935594081879,-0.11624961174093187,-0.45338616247754543,0.6837350457906723,0.6051463704323397,-0.1496781250461936,1.3918596625328064,0.5893487758934498,0.6861716009676456,0.5354804303497076,0.653093134239316,0.562695762515068,0.6603431407362222,0.5197057452052831,-0.3639073520898819,-0.033922089636325835,-0.3647657978348434,-0.1978009782731533,0.255350698530674,0.32461497113108634,-0.6336997651960701,0.10998163819313049,-0.9474910750985146,-0.46396128833293915,-0.13319580107927323,-1.0293807983398438,-0.6891287645325065,-0.5779401548206806,-0.3615312686190009,-0.36800435483455657,-0.668968403339386,0.24129511117935182,0.187605819106102,-0.4783148139715195,-0.5397296488285065,0.6223279047757387,-0.24394349586218594,-0.3476953566074371,-0.36860520448535683,0.20259640961885453,0.053779416531324384,-0.008914914727211,0.6409057900309563,0.11975411772727966,0.2706381815485656,-1.0228009440004826,-0.06812373548746109
0.13669383227825166,0.4639663964509964,-0.01627063429914415,-0.38690763886552304,0.6659654080867767,0.5979040901875123,-0.08603211548179387,1.365623378753662,0.47975855097174647,0.5956331178545952,0.6495836183428765,0.6468166518956423,0.5277716487646102,0.7749784901738167,0.5785060849040746,-0.5463872358202935,0.07496455162763596,-0.33854677751660345,-0.12277708575129509,0.26919634491205213,0.39395011588931084,-0.6598470771219581,0.0013203859329223634,-1.063343508541584,-0.4294219821691513,-0.070782870054245,-0.9027627766132355,-0.643168474547565,-0.5587249524891377,-0.37601244952529667,-0.4178919017314911,-0.6668599031865596,0.25555374622344973,0.04675968810915947,-0.4988220304250717,-0.5095141500234603,0.5784877080470323,-0.3591521395370364,-0.47617698907852174,-0.5064765064045786,0.23228244930505754,0.06314044818282127,0.02915852814912796,0.5597973749041557,0.09738580286502838,0.199651391338557,-1.1056105114519597,-0.2878342613577843
0.14101462066173553,0.4435788284987211,0.05857270369306207,-0.3355696069775149,0.5420646071434021,0.4475414018845186,-0.05229874588549137,1.3757394194602965,0.46395040974020957,0.46271442621946335,0.837442646920681,0.6721363063901663,0.4760748311877251,0.7447722837328911,0.6774373233318329,-0.6408813402056694,0.012670736014842986,-0.3896234310232103,-0.16532971151173115,0.35471182614564895,0.48976376876235006,-0.6768263184931129,0.036509734392166135,-1.121777231991291,-0.4983099028468132,-0.1326967254281044,-0.7908100664615632,-0.6366296393796802,-0.5625308327376842,-0.3206384291872382,-0.5175529211759567,-0.901187451928854,0.26372175216674804,0.18874127082526684,-0.41942627131938937,-0.42682932019233705,0.6082652922719717,-0.20200606118887662,-0.37142436802387235,-0.5244814721867442,0.14290766268968583,-0.06495562866330147,-0.04007995575666427,0.4237376555800438,0.013225385546684265,0.1352091739885509,-1.2086186565458774,-0.3992167547345161
0.1367272764444351,0.31139755956828596,0.10864268178120255,-0.21210429843049497,0.3373183846473694,0.30885699649807064,-0.0740374106913805,1.2461658075451851,0.38414870426058767,0.3257150068879128,0.9416281178593635,0.6821316428482532,0.5063948586583138,0.9616669267416,0.8199932157993317,-0.5900229409337043,-0.0427557960152626,-0.3835127986036241,-0.34387237317860125,0.329551474750042,0.6320943772792816,-0.4775424623396248,0.06254794001579285,-1.0524687469005585,-0.3915335454046726,-0.22130151987075805,-0.6498724043369293,-0.6619682215154171,-0.6472244046628475,-0.2689693024381995,-0.48798719346523284,-0.9384964726865291,0.1400577187538147,0.22031963989138603,-0.26517109125852584,-0.2978422582149506,0.6140278395265341,0.01477194894105196,-0.29954504072666166,-0.3994093341752887,0.011800517141819001,-0.11960845962166786,-0.12870483547449113,0.15928623527288438,-0.038824960589408875,0.07338153747841716,-1.1686024256050587,-0.46348700672388077
0.17992559373378753,0.26229397021234035,0.24554960960522293,-0.07201010163407773,0.20975683629512787,0.26477597167249767,-0.017798060178756715,1.271720977127552,0.3984877519309521,0.21570364385843277,1.0560438871383666,0.6303976185619831,0.48755630999803545,0.7866955414414406,0.8502513587474823,-0.6708880499005317,-0.03255188912153244,-0.29931393628939984,-0.42442362792789934,0.3027190610766411,0.7423232093453407,-0.20693197487853468,0.243049456179142,-0.9319569408893585,-0.2519599892199039,-0.25556133314967155,-0.47993836402893064,-0.6235108289867639,-0.6992159627377987,-0.1761376103386283,-0.4320326685905457,-1.1261345587670804,0.2410232752561569,0.43255487009882926,0.03813486844301224,-0.04710270762443543,0.5990250568836928,0.14189350474625825,-0.01825866401195526,-0.19599370788782836,-0.04279112219810486,-0.12540207654237748,-0.19839363545179367,0.009801746904850006,-0.07624170780181885,0.038081586640328166,-1.1117739975452423,-0.31755430400371554
0.07998831272125244,0.1987213622778654,0.1214144908823073,-0.043956537800841036,-0.014365491271018983,0.1295046251034364,-0.12388083934783936,1.045712973177433,0.34256124421954154,0.06517712920904159,1.0433551013469695,0.5833617247641086,0.5017385974526405,0.892773674428463,0.919696569442749,-0.4416067019104958,-0.2008367344737053,-0.25894687315449116,-0.5451837915927171,0.211252661049366,0.7453388586640358,0.02693140269257128,0.4100119575858116,-0.7729665368795395,-0.30866208150982855,-0.3469336874783039,-0.37341355681419375,-0.637009945884347,-0.7694568060338497,-0.12125842422246932,-0.39707267582416533,-1.1587248109281063,0.13240818679332733,0.43144358322024345,0.39307188540697097,0.1810143768787384,0.4634629987180233,0.41554953921586274,0.2700224071741104,0.07144341636449099,-0.16478518545627593,-0.26825386136770246,-0.19427004605531692,-0.09694554954767227,-0.15794238951057196,-0.09075307184830309,-0.9907042508944869,-0.1412378579378128
0.2436994954943657,0.25388991348445417,0.20682285772636533,0.1592922729672864,-0.05741117000579834,0.15057287365198135,0.04945149421691895,0.9147987723350525,0.36410214826464654,0.0022312864661216737,1.0876560151576995,0.6776582397520542,0.6114024683833122,0.7331735871732235,1.0406186163425446,-0.13038714081048966,-0.06962666064500808,0.0011191354133188725,-0.46734950728714464,0.3178201511502266,0.8563238009810448,0.3981034255120903,0.6692206189036369,-0.5111499965190888,-0.22681061699986457,-0.30268334671854974,-0.160784450173378,-0.4349974486976862,-0.5974217914044857,0.06534177511930465,-0.15841088593006133,-0.9510617025196553,0.28947069570422174,0.45803668424487115,0.592866350710392,0.42343313097953794,0.32923741415143015,0.6776854621246458,0.5401589304208756,0.38301369119435547,-0.056743124127388,-0.1699652597308159,-0.1213811218738556,-0.0406703770160675,-0.0706478139385581,-0.05464714728295803,-0.7275350665673613,0.127985355257988
0.23588852733373641,0.22571762166917325,0.14899584343656896,0.18169761423487216,-0.3334537982940674,-0.01158224493265152,0.07299046218395233,0.8142315924167634,0.31961061283946035,-0.09238200336694717,1.0406152248382567,0.722509179264307,0.6448350861668587,0.6699231639504433,1.118491393327713,0.12421912103891372,0.0029318973422050474,0.24593033650889992,-0.4202978450804949,0.2798995777964592,0.8619118213653565,0.668693337449804,0.8288991615176201,-0.2710505098104477,-0.22924369648098947,-0.3483563058078289,-0.11289000809192658,-0.398645756021142,-0.5697219751775264,0.2735834181308746,0.09182860553264618,-0.674061631411314,0.22179740592837333,0.7471368901431561,0.9138173833489418,0.6251040428876877,0.4656288869678974,1.0073584305122494,0.7629310935735703,0.7145517008379102,-0.1577261984348297,-0.06738340109586716,-0.07896636426448822,-0.09659116864204406,-0.04907575454562903,-0.0464017566293478,-0.4717826386913657,0.303200301527977
0.2920188531279564,0.32364646457135676,0.24844147255644203,0.3095162165584043,-0.3953017443418503,-0.06803444176912307,0.21868856847286225,0.8638809978961944,0.3397977344691753,-0.06472898870706559,0.9969761967658997,0.7901512123644352,0.7026315465569496,0.634599258005619,1.2725967466831207,0.44222057014703753,0.22037803381681442,0.478084968123585,-0.31855308581143615,0.30157761573791503,0.8901704236865043,0.9072359061334282,0.9706493631005287,0.07439269125461578,-0.20039160326123237,-0.24589514061808587,-0.19293895065784455,-0.37800503708422184,-0.5227369569242001,0.40277236700057983,0.3831848412752151,-0.3772274188697338,0.16704679951071738,0.9281140141189098,1.152937503159046,0.7934900254011155,0.4933350749313831,1.2663938628509641,0.9852561920881271,0.9904120879247784,-0.23790182545781136,0.09605315923690796,0.054938575625419615,-0.006539013981819153,0.08058068249374628,0.09859734512865544,-0.1754488071426749,0.5373413532972335
0.2366970643401146,0.1916509296745062,0.20406338116154074,0.2941251538693905,-0.6058710545301438,-0.24306012839078903,0.17688079476356505,0.7291362404823303,0.3819312028586864,-0.03603713661432266,0.8877627938985825,0.804523692280054,0.6930708721280098,0.5913092479109764,1.2956347644329071,0.7233989253640175,0.22963233441114425,0.5479648069478571,-0.32031607497483494,0.2669259667396545,0.89425058811903,0.9595331630203873,0.9930770695209503,0.2465308666229248,-0.20354871824383736,-0.30831353887915613,-0.18943073451519013,-0.501299437507987,-0.618920324742794,0.3602178692817688,0.5456912904977799,-0.15701952800154687,-0.07119589820504188,0.7993753336369991,1.052293960750103,0.7515634804964065,0.5723791934549809,1.314866075105965,1.0252493523061275,1.0769307093694807,-0.3808161325752735,0.18856658637523652,0.003962218761444092,0.08157971203327179,0.13758867476135492,0.16335450448095798,-0.025713174603879452,0.6661619335412979
0.13589241355657578,0.17882315181195735,0.1522064132615924,0.24439244121313095,-0.7872471302747727,-0.3293477281928062,0.1474994584918022,0.7397015810012817,0.5376844733953476,0.0871497243642807,0.8577702194452286,0.860217771679163,0.6193781360052526,0.5644233906641603,1.3659521102905274,0.8458098009228706,0.19436194002628326,0.5375427232123912,-0.3877515817061067,0.18501853076741098,0.8065570205450058,0.901270580291748,0.9668086990714073,0.2328727960586548,-0.21394600942730904,-0.4515140503644943,-0.21136523187160491,-0.6143459957093,-0.7423660680651665,0.2818200394511223,0.5834626257419586,-0.16613096222281457,-0.24579608514904977,0.7186091564595699,0.8919700145721435,0.5136080175638199,0.6375540200620889,1.3149202862754463,0.8716197513043881,0.9227597348392009,-0.5171071715652943,0.36862205564975736,-0.054994174651801585,0.25975900888442993,0.3342122444882989,0.2825037810951471,-0.10698165204375983,0.6792267590761185
-0.03679459840059281,0.19474697969853877,-0.028984071500599385,0.08272865563631057,-0.893338280916214,-0.31600343585014345,0.06580050736665725,0.7123457789421082,0.7204645425081253,0.2879280000925064,0.739321532100439,0.9193171270191669,0.5885500117205084,0.44098735991865395,1.39703608751297,0.8743824675679207,0.03577506840229035,0.42124675223603847,-0.49653595928102734,0.07633487386628986,0.6624274164438247,0.7241422176361084,0.8622249707579612,0.10949382185935974,-0.3558823175728321,-0.5692112103104592,-0.287250979244709,-0.7609395276755094,-0.8553871497511863,0.14410269111394883,0.46801463067531585,-0.2995889723300934,-0.4389564462006092,0.7348718978464603,0.6751803159713745,0.18044424951076507,0.5714337501674891,1.229556697513908,0.5993756137788295,0.6485501408576966,-0.5934773497283459,0.4855394333600998,-0.07926544677466155,0.4743413805961609,0.34832876417785885,0.41826998330652715,-0.30883644726127385,0.551953136920929
-0.14485260099172592,0.2701574131846428,-0.2649904327467084,-0.06926060765981674,-0.712709766626358,-0.13244818449020385,0.01792481988668442,0.7680357933044434,0.8626626342535019,0.4616553336381912,0.7190498672425747,0.9619046993553638,0.5520224674604833,0.4617281937971711,1.4689582586288452,0.6588912680745125,-0.08592074811458587,0.34277493357658384,-0.5685146389529109,-0.06116224722936749,0.4540315717458725,0.5271346628665924,0.6703809008002282,-0.050168287754058835,-0.32579528614878656,-0.6474781036376953,-0.29579458981752393,-0.8355362441390752,-0.8668146084994077,-0.09069703966379165,0.2646834492683411,-0.3386565864086151,-0.5495262481272221,0.7618239022791385,0.5428895614109933,-0.1432406097650528,0.610748327895999,0.9957799582742155,0.23651700839400291,0.3196712553501129,-0.5199813060462475,0.5756922245025635,-0.0679119935259223,0.654511672258377,0.44100643787533045,0.46721994020044805,-0.4280672064051032,0.3942468732595444
-0.28570719212293627,0.479784332215786,-0.4445810029283166,-0.2953202560544014,-0.48869048357009887,0.07522575855255127,0.011952196061611176,0.9091980144381523,0.903797122836113,0.5207655251026153,0.5858492635190486,0.9337117344141006,0.4399589075706899,0.2269278248772025,1.348664504289627,0.51938905864954,-0.22869524657726287,0.23614801168441774,-0.5499697146937251,-0.1936010171659291,0.1843450754880905,0.22691618800163268,0.5059403285384179,-0.19298008680343628,-0.41091588139533997,-0.6442895650863647,-0.3831034615635872,-0.9316033970564603,-0.802050868794322,-0.31903757601976396,-0.01576111316680908,-0.48553757667541503,-0.3674935080111027,0.8096668727695941,0.4736610031686723,-0.36214602291584014,0.5983161341398955,0.8862913726828993,0.032743801921606065,0.07174051403999329,-0.28592786714434626,0.5680885165929794,-0.06428920533508062,0.7712301313877106,0.3725703129544854,0.39871110655367376,-0.5571309676393866,0.20622614920139312
-0.3917579293251038,0.6843471273779869,-0.6251619646325708,-0.46709360033273695,-0.267793732881546,0.24417866617441178,0.011643002927303314,0.866734491288662,0.7601500302553177,0.47301881909370425,0.4360522486269474,0.9223814651370048,0.3776530562900007,0.30008972641080617,1.344343239068985,0.542245252430439,-0.2579268679022789,0.17333450242877008,-0.488638230971992,-0.2513988186605275,0.003837129473686218,0.06002020537853241,0.29909120351076124,-0.19629963636398315,-0.4587113730609417,-0.5781193450093269,-0.46898581497371195,-0.8870559811592102,-0.6123823743313551,-0.4448565892875195,-0.1718444526195526,-0.38244928121566774,-0.3704710341989994,0.681346745043993,0.3708919650875032,-0.5117483273148536,0.6569142516702413,0.8235348521731793,-0.20774720087647439,-0.12132927179336547,-0.08287990018725395,0.5656618291512132,-0.08160705473273992,0.7557029157876969,0.2625977197661996,0.21645266152918338,-0.6005494182929396,-0.0021381407976150514
-0.2544966280460358,0.7627606965601444,-0.5731509054079652,-0.48013028129935265,-0.030041044950485228,0.3846578910946846,0.1507262572646141,0.950392161309719,0.5683899849653244,0.398554727435112,0.33110820427536963,0.8734320670366287,0.24807094922289252,0.09540558215230703,1.2104214545339347,0.4023850442841649,-0.07955108731985092,0.1649950198829174,-0.32611694615334275,-0.220081574190408,-0.10351620018482208,-0.0403901182115078,0.17005605925805867,-0.11181447207927704,-0.30292564556002616,-0.40909186750650406,-0.3275699447840452,-0.7067405223846436,-0.31528883390128615,-0.4189589135348797,-0.18067593574523927,-0.25923649668693544,-0.20672338977456092,0.7097191758453846,0.3248803145252168,-0.4928902521729469,0.7197060599923134,0.8222068606875836,-0.26848647370934486,-0.27147224694490435,0.00048302486538887024,0.5083877170458436,-0.06951176431030034,0.6170217394828796,0.15112455785274506,0.04999965131282806,-0.5560296535491943,-0.11879275180399418
-0.23655712157487868,0.7497607864439487,-0.5942173337563872,-0.5063624761998653,-0.046627861261367795,0.35115203708410264,0.12404026836156845,0.9795891284942627,0.3193301886320114,0.23175237476825714,0.25589158311486243,0.7579575687646866,0.15063642552122475,0.13950795214623213,1.1921083088964224,0.5146949054673314,-0.023985166847705842,0.1005372278392315,-0.28695555236190556,-0.2387942378409207,-0.13735548555850982,-0.13137385472655297,0.07758631338365377,-0.020663523674011232,-0.3197700284421444,-0.3574801981449127,-0.3928360741585493,-0.6260723307728767,-0.19782126955688,-0.23071346506476403,-0.16998196840286256,-0.13630520850419997,-0.2116401471197605,0.8010235138237476,0.4163176423870027,-0.36172293573617936,0.7006308451294899,0.8098858653567731,-0.21776125207543373,-0.3278612092137337,-0.03884308859705925,0.4318979078903794,-0.13149389978498222,0.46070865392684934,-0.008503833413124084,-0.11362812519073487,-0.5015346854925156,-0.18801035024225712
-0.07704236656427384,0.609645115584135,-0.5698552429676056,-0.44749684557318686,-0.08791499733924865,0.2757674351334572,0.10382873266935348,0.8301346659660339,0.008079650998115539,0.0011531502008438111,0.2163556285202503,0.6438110664486885,0.06735613932833076,0.2510348891839385,1.186286472901702,0.627456888742745,0.03395945280790329,0.09992163106799126,-0.25189295019954444,-0.21080494271591305,-0.07089838534593582,-0.09261704310774803,0.07639700998552143,-0.023610013723373412,-0.14631026610732079,-0.32248350977897644,-0.31551275216042995,-0.5103407345712185,-0.17284676246345043,-0.10406216755509376,-0.1235814094543457,-0.03830189406871796,-0.08708319440484047,0.7421605296432972,0.44456827705726026,-0.261988477408886,0.563933427631855,0.6367926477454603,-0.1577231802046299,-0.37292263060808184,-0.10111028477549552,0.17319901529699563,-0.33402644749730825,0.23752824068069459,-0.26507016718387605,-0.32829718589782714,-0.4401540502905846,-0.1587971482425928
-0.03904599249362946,0.3138926737010479,-0.5894110709428787,-0.4271739922463894,-0.2535525977611542,0.044787760078907016,-0.03153529912233353,0.6109759271144867,-0.2620383948087692,-0.3074934810400009,0.1518923280760646,0.40568007379770277,-0.1630658687092364,0.20706048812717198,0.955154013261199,0.33780863005667927,-0.01928482800722122,0.0887745313346386,-0.30496127232909204,-0.23541423873975872,-0.07036162167787552,-0.07736373767256736,0.023447992699220776,-0.1720386266708374,-0.10436755195260047,-0.4140815198421478,-0.0756938572973013,-0.4625643454492092,-0.22975416593253611,0.0039201341569423676,-0.0912112295627594,-0.02707255780696869,-0.11393357291817666,0.6893205471336842,0.3614607042632997,-0.20712912529706956,0.548677833378315,0.4269603519700468,-0.1627320684492588,-0.48352300077676774,-0.35185209959745406,-0.14430646356195212,-0.4891578173264861,-0.08349277973175048,-0.5821629196405411,-0.5949991583824158,-0.47504606395959853,-0.16330132819712162
0.019068562984466554,0.24857593700289726,-0.6299792900681496,-0.4626979552209377,-0.29187082648277285,-0.07882178574800491,-0.07309856563806534,0.46344626545906065,-0.5169700354337692,-0.5497499197721482,0.1502909420058131,0.24883260428905488,-0.2865241170860827,0.19503988232463598,0.8595689233392477,0.08567267376929522,-0.0608788825571537,0.15497605130076408,-0.24570353254675864,-0.24639997230842708,-0.10961755067110061,-0.019245442003011703,0.005520241754129529,-0.21047256886959076,0.011324020475149155,-0.34662247598171236,0.010465394333004951,-0.4516106329858303,-0.15921602062880993,0.20126036629080774,-0.02923533320426941,0.05610552430152893,-0.013607461005449295,0.610675535351038,0.43830588599666953,-0.06399907916784286,0.5414221659302711,0.295906329061836,-0.16764351166784763,-0.45517630130052567,-0.29594873674213884,-0.26239851471036674,-0.4219610130414367,-0.3440276026725769,-0.6844068925827742,-0.7018785405904054,-0.4280254229903221,-0.14635311104357243
0.041169381141662596,0.1884012095630169,-0.6169038072228432,-0.4629031740128994,-0.2914906620979309,-0.18178658038377762,-0.019371122121810913,0.15067840218544007,-0.809239074587822,-0.7880094736814499,-0.08801378626376391,-0.04183053076267242,-0.29695112258195877,0.3356131803244352,0.7333492454141378,-0.12491143625229598,0.06787808761000633,0.32703959867358207,-0.06358581408858299,-0.2684387810528278,-0.17372393012046813,0.11442762985825539,-0.030502841575071216,-0.05353246927261353,0.04901054501533508,-0.10156833231449128,0.11350424773991108,-0.3843497566878796,0.0013474661856889725,0.3334717653691769,0.14699197113513945,0.3433007538318634,-0.13113620653748512,0.3968748189508915,0.3151094554923475,0.155620776116848,0.5456757321953773,0.2508135189302266,-0.1943634871393442,-0.3221793457865715,-0.23170287497341632,-0.3271224474534392,-0.348835838586092,-0.49451640248298645,-0.8305122371762991,-0.813881677761674,-0.16544772833585739,-0.09617196656763553
0.03719543814659119,0.11511971950531005,-0.6381466522812843,-0.4997431956231594,-0.3486825704574585,-0.38260335475206375,5.4907798767089846e-05,-0.046571582555770874,-0.9968296557664871,-1.067723622918129,-0.2500054294243455,-0.3853504091501236,-0.4195460990071297,0.3481681684963405,0.49535053931176665,-0.29331241380423306,0.13582288846373558,0.5040314726531505,0.12616263404488565,-0.3451012626290321,-0.3477650165557861,0.1845994509756565,-0.036716053588315846,0.002442598342895508,0.09885300546884537,0.04429875910282135,0.10340941287577152,-0.3702216617763042,0.10109372921288014,0.48267762884497645,0.30499558746814726,0.540170031785965,-0.14857113733887672,0.3920639712363482,0.31610032906755803,0.3340151533484459,0.6456921055912972,0.1619824856519699,-0.08157343901693821,-0.11450785249471665,-0.2776826236397028,-0.3647510563954711,-0.2647927291691303,-0.5912546709179878,-0.8196858879178762,-0.8799173269420862,0.04644027501344681,0.009050193056464196
-0.02787737548351288,0.09467937350273133,-0.5727692022919655,-0.4223384462296963,-0.630241858959198,-0.5844057574868202,0.013911181874573231,-0.25819267630577086,-1.1980955451726913,-1.3006542474031448,-0.3758078658953309,-0.5963383883237838,-0.45458987951278684,0.30626032976433637,0.27113587521016597,-0.19966251980513333,0.2693041227757931,0.6795490317046642,0.3428305841982365,-0.3562111631035805,-0.3826670229434967,0.34305761717259886,0.022141026752069592,-0.0635456919670105,0.07654152512550354,0.14994581043720245,0.023195070400834083,-0.3477045767009258,0.13591426610946655,0.5915595538914203,0.5121800988912583,0.6570288926362992,-0.22175309732556342,0.27771355397999287,0.41451298967003825,0.3865734443068504,0.5958133794367313,0.22046002596616746,0.03229551278054714,0.10131198912858963,-0.34823467768728733,-0.32118062283843757,-0.24967446997761727,-0.6705584779381752,-0.7873423036187888,-0.8520568611100316,0.011653287708759308,0.03248324654996395
0.049582140147686006,-0.03949642926454544,-0.37237418442964554,-0.18997977003455163,-0.7627899050712585,-0.7080273017287254,0.06075086761265993,-0.49094449877738955,-1.3211865425109863,-1.4079702913761138,-0.31865819077938795,-0.6845150560140609,-0.462131541967392,0.34772763317450883,0.24947126768529415,-0.23771206866949796,0.4661723576486111,0.8922832660377026,0.49550925865769385,-0.30010810047388076,-0.29828662276268003,0.5917921748012305,0.06428662766702473,-0.2150694191455841,0.19715372025966643,0.18926032185554503,0.11493853069841861,-0.2754401795566082,0.053951597213745116,0.7271699018776416,0.7670252233743667,0.7512172341346741,-0.456132448464632,0.16444247849285604,0.5261709965765476,0.3246756061911583,0.6044270791113376,0.17742981463670732,0.05604380927979946,0.13242845088243485,-0.5155090931802988,-0.2693857928737998,-0.19415638893842696,-0.6509803414344788,-0.6504905965179205,-0.740024341084063,-0.0662080094218254,0.09725039266049862
0.05540140122175217,-0.1809619888663292,-0.2699416305869818,-0.07545332834124566,-0.968913871049881,-0.9662893757224083,0.00928212720900774,-0.6175874173641205,-1.329412078857422,-1.4334993600845336,-0.3003807315602899,-0.7796094223856926,-0.49944881051778794,0.1954077429138124,0.0595799770206213,-0.3482445372268558,0.4435574308037758,0.965574073791504,0.4978078819811344,-0.29981386810541155,-0.23127076178789138,0.6324528880417347,0.12937975605018437,-0.47107402682304383,0.20073287412524224,0.09478325545787811,0.21844833195209504,-0.3824469022452831,-0.14835245609283448,0.7577903375029564,0.8608543306589127,0.5757785856723785,-0.5879591949284076,0.0912545520812273,0.480464031547308,0.16763611733913422,0.5824384577572346,0.06366057097911834,0.04981511197984219,0.12696117907762527,-0.7102694574743509,-0.3048933133482933,-0.0852994129061699,-0.5643443375825882,-0.5530288752168417,-0.6159092226997018,-0.25010208785533905,0.10410805605351925
0.002446894347667694,-0.12688708081841468,-0.23844921849668027,-0.01936470568180084,-1.0533112809062004,-1.0174709245562554,-0.07650885302573443,-0.7053821235895157,-1.2620184302330018,-1.4159674167633056,-0.18238371703773737,-0.7760131403803825,-0.41654302328825,0.3565624958835542,0.11208505928516388,-0.33411589413881304,0.343320532143116,1.0110411584377288,0.4632920078933239,-0.28773322850465777,-0.09468759447336197,0.6437420323491096,0.14354439675807953,-0.7112018525600433,0.13376802578568459,0.02534794881939888,0.16213613748550415,-0.44340604916214943,-0.2586883336305618,0.6923290580511093,0.857331982254982,0.47962267100811007,-0.7084310002624988,-0.05970684103667736,0.41473677977919576,-0.0908141404390335,0.5270150065422058,-0.081745645403862,-0.02113155759871006,0.08219033181667328,-0.639966769143939,-0.20779661685228348,0.003273974359035492,-0.4250118315219879,-0.44436645028181376,-0.46529652569442986,-0.4146851271390915,0.029677799344062804
0.030729050934314727,-0.04114360883831978,-0.14345582388341427,0.013001182675361633,-1.0645154759287834,-1.016018530726433,-0.07041807491332293,-0.6874282866716385,-1.235265749692917,-1.355616968870163,-0.19637331161648036,-0.781678207218647,-0.4172118857502937,0.32372579267248514,0.06591794788837432,-0.631093068420887,0.3072980806231499,1.019511377811432,0.5155902221798897,-0.289926652610302,-0.010144121944904327,0.5656422182917595,0.12219214737415314,-0.9314478814601899,0.2186349369585514,0.05585307851433754,0.2590643987059593,-0.4390095554292202,-0.363520023226738,0.49581572562456133,0.7860757976770401,0.3581912338733673,-0.6665457993745804,-0.06752340905368329,0.30715944394469263,-0.40636639297008514,0.602683998644352,-0.2452271908521652,-0.24813084490597248,-0.08655885457992554,-0.5981886308640242,-0.19566802829504013,0.06564431339502334,-0.325156294554472,-0.38949937936849893,-0.34162670727819205,-0.5406697660684585,-0.10538352131843567
-0.012507672607898711,0.16633644029498101,-0.1339967992156744,-0.004510274529457093,-1.0311912223696709,-1.0079760164022447,-0.08044860679656267,-0.7219458907842636,-1.1415373980998993,-1.3335712730884552,-0.17171983812004327,-0.8184007078409195,-0.36657538190484046,0.23853602251037956,-0.0878920316696167,-0.821498467028141,0.19698442965745927,0.9618573069572449,0.5573960974812507,-0.2650839738547802,-0.03890221565961838,0.416168238222599,0.12801103293895721,-1.0131710737943649,0.17362719848752023,0.1576071001589298,0.27613385617733,-0.4666779637336731,-0.30283381789922714,0.37267643213272095,0.6769440025091171,0.23924293369054794,-0.591678860783577,-0.04360723607242108,0.2888863287866116,-0.5686350613832474,0.5985808208584785,-0.19971074759960175,-0.38261943180114033,-0.22509333491325378,-0.5039882402867079,-0.09760588258504868,0.31256287842988967,-0.21105558499693872,-0.23811438498087228,-0.21838064547628164,-0.6213616456836462,-0.17734740376472474
-0.004501211643218994,0.3205308519303799,-0.129612859711051,0.020521321892738344,-0.9634151622653008,-0.8958797305822372,-0.06300240773707629,-0.8358430176973343,-1.18317249417305,-1.3160685479640961,-0.2627956509590149,-0.8193024903535843,-0.2534059636294842,0.3157247840426862,-0.07950464487075806,-0.7594015285372734,0.12721723169088364,0.9090910732746125,0.5966712363064289,-0.25064478144049646,-0.030409036576747893,0.3680065765976906,0.13364696204662324,-0.9716806754469871,0.22151415422558784,0.32985214963555337,0.3456567138433456,-0.3222139894962311,-0.13366108983755112,0.26280186474323275,0.6141549587249756,0.30976013392210006,-0.5944582253694535,-0.1512518223375082,0.3717345140874386,-0.6703312054276467,0.565143121778965,-0.225945907831192,-0.48496004957705735,-0.298354397714138,-0.3152250211685896,-0.03928167074918747,0.38355682641267774,-0.14014463052153586,-0.19614297566004096,-0.18417760487645865,-0.5706380154937506,-0.27262656986713407
0.004935908317565918,0.35312426574528216,-0.011277672275900841,0.14468779265880585,-0.9697221323847771,-0.8715379804372787,-0.10346844214946031,-0.9444537252187729,-1.232822436094284,-1.3663569152355195,-0.3712631553411484,-0.8667334958910942,-0.30699664279818534,0.1476722984574735,-0.2663204610347748,-0.7061219409108161,0.08918542936444282,0.783881938457489,0.49636276736855506,-0.2840865902602673,-0.04704071432352066,0.3223645225167274,0.14218232929706573,-0.987490500509739,0.14444485530257226,0.44997904971241953,0.3528320625424385,-0.18892078027129172,-0.08906735330820084,0.22918468415737153,0.5633449673652648,0.25832266062498094,-0.5736585393548012,-0.008806329593062401,0.37008892707526686,-0.7274874985218048,0.45818023979663847,-0.19371526837348937,-0.5007590984925627,-0.36560730189085006,-0.3319484479725361,-0.12219810038805008,0.23266023248434067,-0.21930094584822654,-0.29437222783453765,-0.2986267553642392,-0.48670752309262755,-0.31349213123321534
0.04730674624443054,0.2236340869218111,0.1028422985225916,0.2817448705434799,-1.0094261452555657,-0.800330427289009,-0.20649042297154666,-1.0643156737089157,-1.336210685968399,-1.440839022397995,-0.24765222668647766,-0.7903668746352196,-0.4578753896057606,0.01822730591520667,-0.3378849923610687,-0.6350060418248177,-0.11631347462534905,0.5854102909564972,0.24099340215325354,-0.3518628768622875,-0.018048009276390074,0.25258088037371634,0.09590681344270706,-1.0901171311736106,0.15822333246469497,0.4765073902904987,0.3537835255265236,-0.06411355659365654,-0.1358331710100174,0.14727705493569374,0.4221678387373686,0.10320264846086502,-0.46224034279584886,0.04600052870810032,0.4447373192757368,-0.8114538699388504,0.3480860650539398,-0.20419162511825562,-0.4542836582288146,-0.39199656397104266,-0.3651145212352276,-0.3284401848912239,0.03283669203519821,-0.48135973438620566,-0.43607705389149487,-0.478377434797585,-0.573571315035224,-0.3316036880016327
0.1501561865210533,0.19577033780515193,0.3520217690616846,0.5444127529859543,-1.0787440940737725,-0.7466358691453934,-0.2114654527977109,-1.1517151087522506,-1.4524823606014252,-1.432874757051468,-0.1516902506351471,-0.648594568669796,-0.5589493758976459,-0.05375812351703644,-0.3374201416969299,-0.6369693353772163,-0.22334864661097525,0.4948770485818386,0.0317176915705204,-0.32832409664988516,0.16520502772182227,0.31937827318906786,0.08902123123407364,-1.028813122212887,0.14362728595733643,0.4908966965973377,0.39354233592748644,0.09367157891392708,-0.1011931210756302,0.11544830575585366,0.3393809016793966,-0.0023891910910606383,-0.39726643562316893,-0.037890322506427765,0.37757892422378064,-0.7549482882022858,0.28224314376711845,-0.2585205495357513,-0.39833508487790825,-0.3732991263270378,-0.33318937607109544,-0.4391006246209145,-0.045407311618328096,-0.7422764547169208,-0.5922316149342806,-0.6174315812066198,-0.6019947852939367,-0.25901969224214555
0.2205392211675644,0.1255942288786173,0.4748377505689859,0.6546913295984268,-1.1059076353907584,-0.7754745334386826,-0.2367065329104662,-1.2192493766546249,-1.5105042636394501,-1.4113263428211211,-0.15594970285892487,-0.5782664999365806,-0.5886856056749821,-0.0026474885642528536,-0.2631304204463959,-0.590169744193554,-0.3536366395652294,0.4535902224481106,-0.07806517705321311,-0.3402516059577465,0.25085336770862343,0.37597839199006555,0.06333737820386887,-0.8484271377325058,0.17918782979249953,0.5719742543995381,0.4209219805896282,0.1937417633831501,-0.055811169743537906,0.10740427770651877,0.30716646551154553,-0.05695930570363998,-0.32005459666252134,0.06381179839372635,0.28666430748999117,-0.5747291535139084,0.3818489134311676,-0.26223057955503465,-0.3088937712833285,-0.2937017038464546,-0.2354587007313967,-0.49617354571819305,-0.032109000533819196,-0.9031884618103504,-0.73188955639489,-0.6881782684475184,-0.4361255656927824,-0.12571434527635575
0.17543596476316453,0.10744029767811299,0.4611727837473154,0.6360892534255982,-1.178465412557125,-0.8288174748420716,-0.24566630609333515,-1.2281595915555954,-1.5525323092937469,-1.3917080461978912,-0.249767791852355,-0.5704358920454979,-0.5481096841394901,-0.05047979466617107,-0.18273287117481232,-0.5790450319647789,-0.4237762473523617,0.46029936894774437,-0.06656482443213463,-0.376865267008543,0.23815272953361272,0.4369369562715292,0.05658775717020035,-0.5383477181196212,0.14448373317718505,0.672204414755106,0.4087809197604656,0.2121890105307102,0.00828853864222765,0.05284671545960009,0.2855211639311165,0.0008344873785972595,-0.33171343207359316,0.23984106928110122,0.288925838842988,-0.2741662710905075,0.3562640815973282,-0.23683171183802187,-0.1647259069606662,-0.15767613798379898,-0.30336676724255085,-0.5547040700912476,0.05447400361299515,-0.9497998796403408,-0.8855502024758607,-0.7069002207368612,-0.24893961660563946,0.00884985774755478
0.13769699335098268,0.16919183917343616,0.45365352015942334,0.5458687275648118,-1.1057360449340194,-0.718587339669466,-0.21858721114695073,-1.239463636279106,-1.5772038280963898,-1.3581822335720062,-0.3199508488178253,-0.6173767670989037,-0.46429909244179723,0.01492588110268116,-0.21259131133556367,-0.4991587698459625,-0.3846600383520126,0.4648339472711086,0.07232526913285256,-0.33867730125784873,0.11625775154680014,0.4915620133280754,0.046810951083898544,-0.20600423514842986,0.10870901197195053,0.8336795546114445,0.2450376681983471,0.2299051232635975,0.21419091243296862,0.026381894061341882,0.3064583682920784,0.19374626129865646,-0.2198135256767273,0.22905249446630477,0.3641197133809328,0.07336436808109284,0.3625730037689209,-0.08899733484722674,0.007103847153484821,-0.03482631593942642,-0.1175099778920412,-0.43172636330127717,0.1591497078537941,-0.9780546292662621,-0.8434923127759248,-0.6152975346893073,0.08933960683643818,0.16938060373067856
0.06901679039001465,0.21768881268799306,0.3632927490398288,0.39892296493053436,-1.0671281123068184,-0.6884371526539326,-0.18734267652034758,-1.1840189591050148,-1.6280862510204315,-1.341992688179016,-0.607418316602707,-0.7120078682899476,-0.45120185390114786,0.011849995329976082,-0.23625477850437165,-0.5221622705459594,-0.3649743769317865,0.37777617257088425,0.16179648861289025,-0.36656411066651345,-0.13924077693372966,0.42026775777339936,-0.05425827577710152,0.07819682657718659,0.10067983642220497,0.9809643983840942,0.21066989367827774,0.271550976485014,0.4073252769187093,0.030558986077085137,0.24024816094897689,0.3649514213204384,-0.13430954813957213,0.20943803042173387,0.34440309293568133,0.33840018808841704,0.43400642946362494,-0.07754316092468798,0.03663714099675417,-0.02333359867334366,0.03613557405769825,-0.3443968176841736,0.12599458247423173,-0.9695144280791282,-0.8815360486507415,-0.6330641862004995,0.3782760787755251,0.2832098975777626
-0.037661927938461306,0.2679173041135073,0.30978992860764265,0.22310878932476044,-0.9462628805544228,-0.6060704715549946,-0.19154683947563172,-1.1803750738501548,-1.7173683047294617,-1.3630117118358611,-0.8857731789350509,-0.9458974093198776,-0.5437779404222965,-0.1287340197712183,-0.44696456491947173,-0.6306496739387513,-0.4390421871095896,0.18999606650322676,0.11500689908862113,-0.47828193977475164,-0.48095505181699993,0.22832412719726564,-0.3245870240032673,0.20259517729282378,0.027405218034982682,1.0578157305717468,0.18390133446082474,0.29002601131796835,0.6332059474661946,-0.019757244875654577,0.06459494172595441,0.48059666603803636,-0.14681568145751953,0.1603994444012642,0.17217116244137287,0.43062279727309943,0.3102290518581867,-0.1851614570710808,-0.04582912903279066,-0.10127301663160324,0.23653230555355548,-0.3205671399831772,0.07605205029249192,-1.0525403134524822,-1.009800946712494,-0.7796385079622269,0.5095482934266329,0.2827000066637993
-0.12742254436016082,0.22635313160717488,0.2940290985628963,0.09108324944972992,-0.7059563004877418,-0.4255204327404499,-0.155100454390049,-1.0402910754084587,-1.7397232174873352,-1.3718202531337738,-1.1249455481767654,-1.1455686867237092,-0.6504843696951866,-0.21539098508656024,-0.5394388198852539,-0.825296550989151,-0.4763409350067377,-0.04300083834677935,0.07741896882653236,-0.545424821972847,-0.7490122998133302,0.006581166386604309,-0.6333210118114948,0.31342039406299593,-0.03481133654713631,1.1016160666942596,0.11040124958381056,0.3356381095945835,0.8228868411853909,-0.018771432479843496,-0.07418915093876421,0.6361741065979004,-0.1473136067390442,-0.05729881972074509,0.054148579761385915,0.47077753152698276,0.33111838176846503,-0.4514110720250756,-0.12122407108545304,-0.2279984697699547,0.5021062422543764,-0.2982537865638733,-0.02812465876340866,-1.1661700628697873,-1.1802234500646591,-0.9316119462251663,0.6517539605498314,0.1672491654753685
-0.12004477083683014,0.3938480276614428,0.30928349774330854,-0.08091613948345185,-0.44293260215781627,-0.23849208429455757,-0.06797449737787246,-0.8613884076476097,-1.6743971943855285,-1.3657815396785735,-1.179842695593834,-1.2195363998413087,-0.7236170321702957,-0.28975266478955747,-0.5442517876625061,-0.9309557229280472,-0.4663192991167307,-0.24983958918601273,0.1195073053240776,-0.5180246099829674,-0.9379876578226686,-0.2697048276662827,-0.9223858304321766,0.47002105563879015,-0.06339131332933903,1.130089420080185,0.026620945986360313,0.3653217412531376,0.9879869030788541,0.04586231545545161,-0.15864435792900622,0.7382435441017151,0.0978928565979004,0.00647127628326416,-0.1763103473931551,0.4813321417197585,0.43373912051320074,-0.42593459845520554,-0.2412253960967064,-0.3593569755554199,0.7991919744759798,-0.16511563658714296,0.03483331948518753,-0.9947814665734768,-1.14308303296566,-0.9485645323991776,0.7708216086030006,0.056919272243976596
-0.10800877213478088,0.5788868002593517,0.28846026342362163,-0.20007897317409515,-0.25416072248481214,-0.05369792059063912,0.04217991232872009,-0.7255357459187508,-1.6336433172225953,-1.2883119881153107,-1.2602381318807603,-1.2521802246570588,-0.7000124961137771,-0.10410372279584408,-0.4621607154607773,-1.0687504172325135,-0.4094983693212271,-0.38056003767997026,0.25843331664800645,-0.3980374976992607,-1.0808101588860155,-0.500081691145897,-1.2047139264643192,0.5362976416945457,-0.07958604879677296,1.1720295608043672,-0.055121450964361426,0.5014278531074524,1.176303638704121,-0.018538603326305747,-0.31826957226730884,0.8586798667907715,0.2652598097920418,-0.07694308161735534,-0.3705863729119301,0.3898845186457038,0.39669728502631185,-0.5170989549253135,-0.4336572952568531,-0.4765461504459381,1.0678993005305528,-0.04918170571327209,0.1793378248810768,-0.8179485335946083,-1.0835520327091217,-0.892701855301857,0.7603315189480782,-0.11341878324747086
-0.09544074535369873,0.8075220219790935,0.2684829382225871,-0.3404647558927536,-0.027763202181085946,0.01765050068497658,0.11321693062782287,-0.4449917137622833,-1.5089670300483704,-1.2489895403385163,-1.3753060460090638,-1.315988302230835,-0.7317005902528763,-0.2274648454040289,-0.4851106911897659,-1.128763735294342,-0.3473138567060232,-0.4735962899401784,0.4331879749894142,-0.28080449253320694,-1.1982614437118173,-0.6975306876003742,-1.35507927313447,0.6149365350604057,-0.22045302279293538,1.148454135656357,-0.11707084709778429,0.49496481418609617,1.3692254098132253,-0.03428316502831876,-0.45377477281726897,0.8431047677993775,0.4756650909781456,-0.00843171589076519,-0.30207906756550074,0.37074915673583747,0.49071424528956414,-0.5594110286328942,-0.4864571578800678,-0.5458115816116333,1.3146687094122171,0.13405573666095733,0.37167601734399797,-0.5885273069143295,-0.9867437243461609,-0.7843076556921005,0.8336346939206123,-0.2409715935587883
-0.05922856777906418,1.0002079136669635,0.21278515737503767,-0.4575441837310791,0.17064905227161944,0.16224851980805396,0.2324715346097946,-0.2617496021091938,-1.3828718543052674,-1.145000296831131,-1.3893311321735382,-1.339218020439148,-0.6031584590673447,-0.10169739983975887,-0.43644721508026124,-1.0678683698177338,-0.19260905347764493,-0.5716455334797501,0.5336372941732407,-0.20461526662111282,-1.266775193810463,-0.7948908984661103,-1.451647750288248,0.746200530230999,-0.22433923371136189,1.226150792837143,-0.19269252652302385,0.5285520076751709,1.4658611686900258,-0.08180754571221768,-0.47494707428850236,0.9786460399627686,0.5155118346214295,0.029804523661732675,-0.1804782697930932,0.3544633796438575,0.5039213612675667,-0.4433788722846657,-0.5232008643448353,-0.572771081328392,1.540417194366455,0.32442182004451753,0.47133232206106185,-0.2668821781873703,-0.7599110245704651,-0.6723887890577316,0.9792502716183662,-0.3305234879255295
