0.1489677295088768,0.9640303254127502,0.2732424769550562,-0.05018216520547867,0.31618890464305877,0.5251262247562408,0.16960509568452836,0.18195436433597934,-0.04056209027767181,0.11059025158174336,0.1573941819369793,-0.04745250046253204,0.42072584470734,0.23350011073052884,0.544389583170414,0.2527608394622803,0.03354275338351727,0.31919128745794295,0.5908981150016188,0.5414994612336159,0.05621572434902191,0.7344560481607914,1.2620870172977448,0.22733064629137517,0.8884134817868471,0.36673941016197203,0.9749010533094407,0.9297758726403117,1.0119373131543399,1.0227238364517688,1.113496120274067,0.6082689471542835,0.8126282470300794,0.6972094595432281,1.5359809562563895,0.7434928365051746,0.42121304124593734,0.4752107009291649,1.170100712776184,1.2730764642357826,0.7454421699047089,0.8207974478602409,0.9723464965820312,1.016654798388481,1.3981199890375138,1.122412496805191,-0.05634113401174545,1.1614311754703521
-0.009198634326457978,0.8815404176712036,0.06847284771502019,-0.22164070159196853,0.29432675540447234,0.45837957262992857,-0.012256120145320893,0.10029736892029177,-0.05313996374607086,0.034399712132290004,0.0874215953052044,-0.19950196743011475,0.27629098733887075,0.14743317924439908,0.3601491406559944,0.26235710978508,-0.12062559016048909,0.14901402443647385,0.48378047700971366,0.326994551718235,-0.26344780027866366,0.5218062471598387,1.1513953626155853,0.01605076529085636,0.9953953374177218,0.19710952341556548,0.9366316825151444,0.738183337263763,0.7774290073662996,0.7860681571066379,0.7753772214055061,0.2611990459263325,0.7310069935396314,0.3690721392631531,1.517355851829052,0.5329119719564914,0.5480570420622826,0.4620503708720207,1.0936635196208955,1.1616636231541633,0.5320276290178299,0.7678478982299566,0.8251262784004212,0.9969539016485214,1.4208269596099854,1.1046716034412385,-0.3021436020731926,1.1480971574783325
-0.2642412707209587,0.5837388932704926,-0.13373070023953915,-0.37959413379430773,0.3190534859895706,0.45153598189353944,-0.23055608719587325,-0.04783338471606839,-0.07375340759754181,-0.0063299417030066255,-0.014896685630083084,-0.3254080692306161,0.1486985578201711,-0.04251262880861759,0.2783046081662178,0.21529427766799927,-0.29623995907604694,-0.050830616056919097,0.30183993335813286,0.16833317205309867,-0.4259610041975975,0.3444812174886465,0.9401198506355286,-0.134471220895648,1.0468880772590636,-0.029476931691169737,0.9759763956069947,0.4886023817583919,0.5347963679581881,0.48152087107300756,0.4317660048604012,-0.031116735190153122,0.5702283339574933,0.3366654396057129,1.2058072432875633,0.323406008630991,0.3009103000164032,0.31490944474935534,0.9078900724649429,1.1145690634846688,0.2591089278459549,0.6286879684776068,0.6854266112670302,0.8706929951906204,1.3383851379156113,1.0182545468211175,-0.49857645481824875,1.1016523748636247
-0.3215610638260841,0.3550084114074707,-0.22501144371926785,-0.3699254855513573,0.390646293759346,0.46892470121383667,-0.44662349075078966,-0.03324379488185514,-0.04322356879711151,0.03561247889883816,-0.020605737715959548,-0.2794837573543191,0.04854609062895179,-0.20155612491071223,0.09425787776708602,0.15943084359169007,-0.5014372158795595,-0.303477443754673,0.11727650519460439,0.06456187404692174,-0.44599211364984515,0.12515718601644038,0.6529368758201599,-0.2931619297713041,1.0659407019615172,-0.27345347702503203,0.947783362865448,0.3264416245743632,0.2943316865712404,0.2505874074995518,0.08230587989091873,-0.36696367189288137,0.5181078152731061,0.14197533652186395,0.9916558012366294,0.12603451535105706,0.29007790684700013,0.23027268499135972,0.6949333250522614,0.9620430514216423,0.08479638397693634,0.4314482774585485,0.4962058192119002,0.7628274388611317,1.2413914024829864,0.9396954044699669,-0.6813871070742608,1.0269221097230912
-0.39192626923322677,0.13316757678985597,-0.30852474085986614,-0.3971691243350506,0.4070142239332199,0.45202375054359434,-0.57442077845335,-0.07664958029345144,-0.09105976969003678,0.014939351426437496,-0.05703943446278572,-0.24724483881145715,-0.02088366458192468,-0.2639329757541418,0.0015827588737010955,0.0865374943241477,-0.6375718999654054,-0.4584767535328865,-0.05189907792955637,-0.043859004601836206,-0.4307543307542801,-0.03091389872133732,0.39285780787467955,-0.3978581588715315,1.0704132437705993,-0.45201568901538847,0.9870826721191406,0.1434132842347026,0.055953912809491156,0.04998320713639259,-0.23287314623594285,-0.5863217882812023,0.47740531135350467,0.3238760568201542,0.7839030548930168,-0.030922747403383254,0.4136419862508774,0.12037433534860612,0.5117505341768265,0.8082666546106339,-0.03780092597007752,0.250255998596549,0.3495652025565505,0.5955856256186962,1.0637493751943112,0.801197276264429,-0.7591295003890991,0.9060980945825576
-0.374759286083281,-0.005939120054244995,-0.29570881128311155,-0.3659493692219257,0.4458228312432766,0.45010147988796234,-0.5914456950966269,-0.08232945054769517,-0.13970749080181122,-0.01376593834720552,0.007074931263923645,-0.14384044501930476,-0.057032134383916855,-0.37911086045205594,-0.0034041859209537504,-0.0317881653085351,-0.6505890049040317,-0.5541590914130211,-0.16769865844398738,-0.12477405332028865,-0.3466424152255058,-0.1559843633323908,0.15031229853630065,-0.4661271687597036,1.0401614427566528,-0.523460465669632,0.8761030673980713,0.0664875602349639,-0.10371134988963604,-0.10187821611762046,-0.4412722155451775,-0.7226004295051098,0.42594148088246586,0.13733070269227027,0.5733971759676934,-0.2009966142475605,0.2264092206954956,-0.051280532777309415,0.2807332366704941,0.5615668207406997,-0.11044934391975403,0.06944358609616756,0.19189350064843894,0.4369699262082577,0.8259585820138454,0.579236040264368,-0.7642652988433838,0.757448798418045
-0.2947204077616334,-0.14929377436637878,-0.30713140554726126,-0.36970939114689827,0.4419873295875732,0.39069652631878854,-0.5219515013042837,-0.07136509642004966,-0.2554123178124428,-0.0917677216231823,0.045651142671704295,-0.13035892839543523,-0.06953609436750412,-0.3740978088229895,0.031083523482084274,-0.09394166711717844,-0.5611974187195301,-0.5773080170154572,-0.24613669235259295,-0.2134317871183157,-0.35994009077548983,-0.26862044520676137,-0.03980976939201355,-0.4755325686186552,1.0646462917327881,-0.5398999456781894,0.890634173154831,-0.056114149279892445,-0.23438904099166394,-0.1772789679467678,-0.5867033705115319,-0.7576753422617912,0.40169060993939637,0.12198270037770272,0.3618161156773567,-0.33787216022610667,0.290762422978878,-0.11716640889644622,0.09884828627109528,0.3416599601507187,-0.19752639830112456,-0.01949848495423794,0.06533491965383291,0.22383443340659143,0.6480292476713657,0.389415604621172,-0.6888542579486966,0.5611175537109375
-0.1872301274910569,-0.16860150694847106,-0.20329193957149982,-0.2787895478308201,0.48188130916678346,0.39967150017619135,-0.30907826297916474,0.020327980071306227,-0.21432092934846877,-0.05697631724178791,0.1184090230613947,-0.020371174765750767,0.013039712607860566,-0.38142751082777976,0.20820197090506554,-0.04693638850003481,-0.3358960755169392,-0.46599619686603544,-0.20625282991677524,-0.2019684474915266,-0.2828404024243355,-0.2575428180396557,-0.1462791383266449,-0.31058553569018843,1.005484402179718,-0.3943278138060123,0.9329951584339142,-0.09120621103793383,-0.2510259371250868,-0.15067067071795465,-0.5618395313620568,-0.7160404443740844,0.42488119173794986,0.10246927812695503,0.27263994365930555,-0.28839086964726446,0.28993097990751265,-0.13630365431308747,0.014721804857254028,0.2208778165280819,-0.2526283321902156,-0.01764821372926235,0.07244794722646475,0.1395982839167118,0.5064256109297276,0.31852027848362924,-0.5383086012676358,0.38669262677431104
-0.029340719617903233,-0.18127932846546174,-0.15982357151806353,-0.18212348893284797,0.5041964413190726,0.362216679006815,-0.1665482866112143,0.08176168575882911,-0.15148934200406075,-0.035395029559731485,0.18632099218666553,0.07085540150292217,0.11966345757246018,-0.32984826192259786,0.2410644508898258,0.0216774707660079,-0.13500475361943245,-0.3239305943250656,-0.18183734286576508,-0.19251387659460306,-0.2584500630386174,-0.16617790088057519,-0.12135394811630248,-0.17201778404414653,0.9813861086964607,-0.2991276894230396,0.9488821744918823,-0.2021779479458928,-0.3517137985676527,-0.09217588528990746,-0.4708223968744278,-0.6674994453787804,0.4896408887580037,0.0016056902706623078,0.26112805753946305,-0.1843818612396717,0.5084505721926689,-0.029775196313858034,0.0013921940582804382,0.17485951036214828,-0.3063256336376071,-0.013373371586203575,0.0711255943402648,0.10603053411468863,0.46066826954483986,0.2664536155760288,-0.37387325037270785,0.33191263526678083
0.02278971131891012,-0.25979015827178953,-0.07892209626734256,-0.081132632214576,0.5179113344813231,0.39033670015633104,-0.023827825719490648,0.18280927911400796,-0.09774244278669357,0.006934243068099022,0.2977357182651758,0.17217364464886487,0.25939279347658156,-0.33952571973204615,0.46175626292824745,0.13937999214977026,0.07468840405344963,-0.1279631346464157,-0.14093197509646416,-0.12212515417486429,-0.17075211899355053,0.03150420859456062,0.02217949628829956,-0.000897211953997612,0.9664341107010841,-0.16461177808232605,0.9369235932826996,-0.23638598918914794,-0.38031985573470595,0.00012565702199935914,-0.3145208120346069,-0.5287363305687904,0.521506623364985,0.2520233042538166,0.36388592422008514,-0.0140613354742527,0.4527538284659386,0.1448503851890564,0.15545969846425578,0.30657723248004914,-0.34562349747866394,0.0025346744805574417,0.09586626943200827,-0.00325668016448617,0.3725870080292225,0.23902043774724008,-0.19815594423562288,0.39501852840185164
0.11300494875758886,-0.2908880949020386,0.01655244641005993,0.05693789450451732,0.5276898877287749,0.39503755755722525,0.12029528743587434,0.28607125356793406,-0.041854821145534515,0.06843682043254376,0.43182342387735845,0.2696900323498994,0.32873735278844834,-0.1576068364083767,0.4592511929571629,0.18423030879348518,0.2513618223369122,0.016619595885276794,-0.11466484889388084,-0.04946736637502909,-0.09662295652087778,0.11943493857979774,0.15337986946105958,0.07485736459493637,0.9735843017697334,-0.04077422362752259,1.0211356997489929,-0.15119788348674773,-0.30237906277179716,0.12813977897167206,-0.1941642254590988,-0.4274657487869263,0.6215828448534012,0.4017943225800991,0.5266141861677169,0.12864058166742326,0.576295654475689,0.2562184125185013,0.2516891861218028,0.42566809952259066,-0.3570086041465402,0.03939568884670734,0.17929569836705922,-0.030197493825107814,0.3639903850853443,0.24251317456364632,-0.12255405653268099,0.4792203471064568
0.2313434949144721,-0.21881798505783082,0.12690225057303905,0.20758992163464426,0.5199272589350585,0.43763550706207754,0.26389311081729827,0.34950572028756144,-0.045287542045116425,0.1461298856884241,0.4601622138172388,0.395773707376793,0.4700319871306419,-0.21129773780703545,0.515880287438631,0.22912315037101508,0.43758473321795466,0.17884359657764434,-0.021442555636167527,0.11369461473077536,0.1001318089896813,0.27878879345953467,0.3974984407424927,0.2572226390242577,0.9167213156819344,0.11346393185667694,1.0511564016342163,0.016180384159088134,-0.12717028558254242,0.3087111830711365,0.05604480803012848,-0.16615241169929504,0.6764562994241714,0.7348081849515438,0.667238113284111,0.35280616730451586,0.5708955571055412,0.3088665813207626,0.3588349902885966,0.6034192055463791,-0.2409214923158288,0.20095763579010964,0.37069241162389516,-0.022083656582981347,0.446374125033617,0.3334310181438923,0.06070765387266874,0.6745299443602562
0.40376750733703376,-0.06755159497261047,0.21987512819468974,0.3367134097032249,0.4343903647328261,0.39993202276527884,0.3950628889258951,0.37993876114487646,-0.054740043357014656,0.1667271975427866,0.4863349054008722,0.5438392902258784,0.6020102933049202,-0.18726472966372967,0.562154770642519,0.31266322638839483,0.5879491619765759,0.34599994122982025,0.14325519874691964,0.2619117585942149,0.20935302453581245,0.354603959992528,0.6509509265422821,0.30094924867153167,0.9198833182454109,0.2537800427060574,1.050949853658676,0.1703773558139801,0.014732328057289124,0.5120510339736939,0.3131358176469803,0.06298620104789734,0.7477245956659317,0.6942151926457882,0.765334090590477,0.45080930441617967,0.6063102230429649,0.35204637348651885,0.4105411523836665,0.5966628283262253,-0.09001777861267328,0.3224495090544224,0.4698409765958786,0.044074748363345864,0.5094896711409092,0.39153199419379237,0.18910097014158964,0.8651492908596993
0.4776834091171622,0.0047462224960327145,0.2540883343666792,0.34096449641510845,0.30832163482555186,0.3271434519439936,0.5255649817641824,0.2828351974487305,-0.16203678734600543,0.09819630049169063,0.42517394162714484,0.5604435766581446,0.6943857491016387,-0.026301975920796396,0.6133060865104198,0.34832100179046394,0.7265809290111065,0.5019441336393357,0.29454596117138865,0.3580548660829663,0.27083547490183263,0.4054332409054041,0.8661041796207428,0.3899671584367752,0.7905858948826789,0.4283746178727597,0.9327147163450717,0.2117345452308655,0.06904313266277314,0.5900549113750457,0.527324977517128,0.3297834753990173,0.6832541316747666,0.7528471320867538,0.6381477385759353,0.4853672876954079,0.7107618317008019,0.3248434096574783,0.40557260158238934,0.631055623292923,-0.025354630686342715,0.40879618301987647,0.5881309002637863,0.03112747287377715,0.5341655679047108,0.3989879094064236,0.35277025531977413,0.9810299351811409
0.49311515148729085,0.045997196435928346,0.2543275114148855,0.33828741116449235,0.16085118442424573,0.2282925222069025,0.6324222160037607,0.2200402282178402,-0.24672080613672734,0.02372048906981945,0.3987567011266947,0.5594953978899866,0.7689293920993805,-0.07900194115936757,0.6686745241284371,0.3863055735826492,0.8532443694770336,0.6681970447301865,0.428303175419569,0.41439853329211473,0.3168098367983475,0.4388795796781778,1.0024377346038817,0.4895278841257095,0.5789188399910927,0.5672420259099453,0.768736296147108,0.2170442134141922,0.10058780610561371,0.5499869823455811,0.6981726497411728,0.5667486488819122,0.5772159397602081,0.6801602214574813,0.46386437118053436,0.5155461095273495,0.7293560490012169,0.33874537944793703,0.3622305432218127,0.6521445170044899,-0.027663020230829716,0.4707466661930084,0.6483150154352189,-0.03650408620014787,0.5317493134061806,0.390496726334095,0.5281240804120898,1.024391169846058
0.46851597875356676,0.06199827790260315,0.22108644656836987,0.3418750221841037,0.02930181711562909,0.12549384869635105,0.6824207812547683,0.15447309315204621,-0.3195545498281717,-0.04152696914970875,0.33642353899776933,0.5135559851769358,0.7537333786487579,-0.03146742172539234,0.6556096419692039,0.5008118703961373,0.9139241397380828,0.782651299238205,0.47654846534132955,0.39030556101351976,0.24394657539669423,0.3821110550314188,1.0381233394145966,0.5411375790834427,0.3239323988556862,0.632628035126254,0.5928633086383343,0.12340437397360801,0.011083337664604186,0.47434155344963075,0.7039066046476364,0.6963569596409798,0.49368478953838346,0.6457002490758896,0.38582299649715424,0.5499033890664577,0.8094341412186623,0.3697887510061264,0.3395155886071734,0.6864444449543953,-0.04221880231052637,0.5080881386995315,0.6332772523164749,-0.1040607743896544,0.5142366164247505,0.3832573428750038,0.6551897211000324,0.9537250563502312
0.32820932418107984,0.003258150815963745,0.15452958047389984,0.28982572061941025,-0.1114526909776032,0.04627523384988308,0.6206525027751922,0.08693750128149987,-0.3446668807417154,-0.07715597935020924,0.2585861265659332,0.5171839613467455,0.7112776756286621,-0.0036320919170975685,0.6638195648789406,0.5875479727983475,0.8762251824140549,0.8432951956987381,0.46842368841171267,0.3687153758481145,0.214879771345295,0.37952272333204745,1.0522399485111236,0.5853563398122787,0.09674486070871353,0.6334593976614997,0.39262404963374137,0.025880599021911622,-0.033921605348587035,0.3416093349456787,0.6900278002023696,0.758787851035595,0.3471955269575119,0.6052001506090164,0.26814417243003846,0.5924077503383159,0.7277670875191689,0.33895379602909087,0.3557471940177493,0.7850451782345772,-0.08011559937149286,0.4418217472732067,0.5982329845428467,-0.2058794909156859,0.4236283876816742,0.29729466885328293,0.6902829736471177,0.9733336851000786
0.05795613080263138,-0.14098494052886962,-0.08030293881893158,0.10755439205095171,-0.292141951341182,-0.08284572400152683,0.42651931047439573,-0.09861098900437355,-0.4579525891691446,-0.21931460723280907,0.07068569213151932,0.34951058216392994,0.5369301974773407,-0.13554901126772165,0.35668013244867325,0.545170434564352,0.7125999242067337,0.785963673889637,0.37326147258281706,0.22938362825661898,0.08700584846083075,0.2791702464222908,0.9430100858211518,0.4966440811753273,-0.17291934341192244,0.503338664281182,0.17559764310717582,-0.19790064096450805,-0.2052510619163513,0.16924124956130981,0.5735404074192048,0.7424634918570518,0.12419967949390412,0.4953824758529663,0.09896607398986816,0.5053209953010083,0.6816475942730904,0.2587728500366211,0.30270064863143487,0.7410836480557919,-0.14900966100394725,0.28491597101092336,0.41445189118385317,-0.34087786758318545,0.25566621803445744,0.10773977488279343,0.6756740719079971,0.8930255562067032
-0.21517301052808763,-0.27041261494159696,-0.26292706429958346,-0.11255327360704541,-0.4461867488920689,-0.15924246050417423,0.2796720743179321,-0.18218542411923408,-0.5841186594218015,-0.34743714705109596,-0.11429844200611114,0.15641594268381595,0.33016093373298644,-0.1433938408270478,0.28039261251688,0.5178749561309814,0.5438005536794662,0.6460735365748406,0.2822775483131409,0.09422876089811325,-0.11667048211675138,0.04866693764925003,0.7167032539844513,0.393076528608799,-0.3969207525253296,0.4191139544127509,-0.06119810417294502,-0.3325138330459595,-0.2919111728668213,-0.037882769107818605,0.3890824854373932,0.7470168426632882,-0.053800332546234134,0.43808895349502563,-0.13037372827529908,0.3201838307082653,0.40540061742067335,0.12877368032932282,0.18203383237123488,0.6703383386135101,-0.19586493484675885,0.08398149535059929,0.22219783663749695,-0.4259149894118309,0.02799643062753603,-0.0775137111544609,0.62388114631176,0.7095428824424743
-0.431976743042469,-0.3031131386756897,-0.3650661990046501,-0.24053608179092406,-0.5538636811077595,-0.2180210456252098,0.20592573583126067,-0.32247290685772895,-0.6832851562649012,-0.4653402455151081,-0.2445282146334648,0.04710799492895603,0.10338855385780335,-0.25566941145807504,0.023863770067691803,0.412533538043499,0.4133650213479996,0.4945729076862335,0.23092222958803177,-0.028662927448749542,-0.2343550222693011,-0.21449954956769943,0.3502640426158905,0.30379923731088637,-0.6962007820606232,0.3709499302087352,-0.26018966510891917,-0.43001419901847837,-0.3988169848918915,-0.24275990724563598,0.1993051528930664,0.6646298348903656,-0.18426933288574218,0.24249961972236633,-0.34196499586105344,0.15160461589694024,0.24159903079271317,-0.0536361426115036,0.019923944771289826,0.4798839300870895,-0.12248623184859753,-0.024495858699083328,0.11053050756454467,-0.5362992629408836,-0.14257731951074676,-0.2512047067284584,0.5941841036081315,0.46326744556427
-0.5040549248456955,-0.3133040964603424,-0.40601211339235305,-0.3467798799276352,-0.6451420582830906,-0.3167263612151146,0.11123977601528168,-0.4776212699711323,-0.8009517047554254,-0.569246269017458,-0.42433034628629684,-0.08727784715592861,-0.053008800745010375,-0.5651480043306947,-0.09831438511610031,0.31866071075201036,0.2989678308367729,0.4066073507070541,0.13377750366926194,-0.1509399190545082,-0.34662915468215943,-0.3190549865365028,0.08053801655769348,0.2661987915635109,-0.936169695854187,0.32288659836631267,-0.46912568286061285,-0.5360413700342178,-0.5101129204034806,-0.37520411908626555,0.07628336548805237,0.6280265688896179,-0.31545708775520326,0.0208931565284729,-0.616977971792221,-0.038295526057481766,-0.02891657203435898,-0.2922091752290726,-0.1605105996131897,0.28851518630981443,-0.12753378301858903,-0.13335053250193596,-0.030898334085941316,-0.6159119591116905,-0.3257749131997116,-0.3816473945975304,0.6091265946626663,0.28527103140950205
-0.6608966618776322,-0.3985958158969879,-0.5301894977688789,-0.5285664051771164,-0.7693229891359806,-0.48224626034498214,0.020252428948879242,-0.6636129684746266,-0.8986659768968821,-0.7326911933720112,-0.619121091067791,-0.3077366348356009,-0.2835293889045715,-0.6987012142315507,-0.27921577244997026,0.1297852322459221,0.18199281748384238,0.2964621141552925,-0.052487505972385405,-0.40764515548944474,-0.5434672355651855,-0.46513400673866273,-0.2224980413913727,0.20294764786958694,-1.12135106921196,0.265087294834666,-0.553608501702547,-0.7180067986249924,-0.6725761830806732,-0.5042514681816102,-0.12785911113023757,0.47619187384843825,-0.45609895288944247,-0.27038012742996215,-0.8302943646907807,-0.2252502791583538,-0.1599054291844368,-0.4526488363742828,-0.30346933007240295,0.019416671991348267,-0.24067845493555068,-0.2764075331389904,-0.20802485160529613,-0.728738360106945,-0.4781492716749199,-0.5344866588711739,0.5978867322206497,-0.03303980454802513
-0.7885289520025254,-0.4676655363291502,-0.6215520963072777,-0.6558968156576157,-0.8160906307399273,-0.5967872187495231,-0.03745033144950867,-0.8129440881311893,-0.9368241250514984,-0.8104369200766086,-0.7529334470629692,-0.4762328591197729,-0.4270767092704773,-0.8315255826339125,-0.3008031502366066,-0.028491946309804915,0.09769466873258352,0.1815700398758054,-0.22300497442483902,-0.5813622817397117,-0.6500339895486832,-0.455504834651947,-0.4075258240103722,0.1997413828969002,-1.188922607153654,0.268960231798701,-0.6419127948582173,-0.83534274995327,-0.729020869731903,-0.5604703366756439,-0.2678432032465935,0.35840482711791993,-0.6032134115695953,-0.3090464025735855,-0.8260016202926636,-0.2893489710986614,-0.2778965443372726,-0.4978975385427475,-0.3141808152198792,0.027033191919326783,-0.3588345363736153,-0.34954267367720604,-0.28576189689338205,-0.7254660412669182,-0.5589689484913833,-0.571761678159237,0.580160865187645,-0.15514131411910057
-0.8504565373063088,-0.3966075848788023,-0.6940559282898903,-0.7380375817418099,-0.8378465443849563,-0.66020747423172,-0.07820000052452088,-0.8341989398002625,-0.9323886349797249,-0.87119380235672,-0.7974510878324509,-0.6532128181308507,-0.5813540309667588,-0.9832331225275993,-0.35798780620098114,-0.1337384484708309,0.023341556452214716,0.07997231353074312,-0.3479665771126747,-0.7908116087317467,-0.8781093388795853,-0.4731665164232254,-0.5889567479491233,0.18257506787776948,-1.202265840023756,0.28351491715293375,-0.629295501857996,-0.8555746920406818,-0.7000234324485064,-0.6015170097351075,-0.39598854780197146,0.24117392003536225,-0.6516187820583582,-0.46792117059230803,-0.6839625597000122,-0.2928795784711838,-0.39298456609249116,-0.454122731089592,-0.288152939081192,-0.008683109283447265,-0.3716786101460457,-0.330734234303236,-0.40352724902331827,-0.7336137264966964,-0.6185599840362557,-0.6820131167769432,0.571839839220047,-0.28124897107481955
-0.9710458874702453,-0.3900357883423567,-0.8224838390946388,-0.8861024960875511,-0.8470244258642197,-0.6947079837322235,-0.12469544410705566,-0.8321273326873779,-0.9036399498581886,-0.9049487292766571,-0.904802668094635,-0.8672725703567267,-0.6901870727539062,-1.0243100568652153,-0.48187050223350525,-0.15652625560760497,-0.0752790341153741,-0.008992965333163738,-0.42747716307640077,-0.9663416594266891,-1.1323862582445146,-0.4527046285569668,-0.6825887307524681,0.11023241877555848,-1.1621791176497935,0.2576922300038859,-0.6540099881589413,-0.9256199516355992,-0.6922839540988207,-0.6453328192234039,-0.5155844032764435,0.09771974384784698,-0.6802298966795206,-0.47511555850505827,-0.4905665934085846,-0.3016383223235607,-0.3581049025058746,-0.35825635492801666,-0.16243024915456772,-0.020241779088974,-0.4531977966427803,-0.35638080537319183,-0.4861207138746977,-0.7666194349527359,-0.7534865006804466,-0.7681509464979172,0.4716852828860283,-0.32333068177103996
-1.0858799025416375,-0.3910678427666426,-0.9470919832587242,-1.0055287465453149,-0.8240999430418015,-0.7296475350856781,-0.20766108930110933,-0.7978011697530747,-0.8407640799880027,-0.9260631680488587,-0.9941156789660454,-1.048839383944869,-0.7117357969284057,-1.2403565242886543,-0.6144173860549926,-0.1774063958786428,-0.19602444265037774,-0.11479887198656798,-0.46842513382434847,-1.0452294439077376,-1.3464886277914048,-0.3627015374600887,-0.6343693107366561,0.07546196579933166,-1.1411323480308055,0.22876508187036962,-0.7356371961534023,-0.9334394969046116,-0.6730428475886583,-0.7180443823337554,-0.577776449918747,-0.024284611642360687,-0.7554100666195154,-0.5060389071702958,-0.3222665131092072,-0.30702540203928946,-0.5585332036018371,-0.32603195011615754,-0.05553981773555279,0.031847982108592986,-0.5096598520874978,-0.4087061107158661,-0.5555826555937529,-0.7486764699220657,-0.8224015578627586,-0.8125079065561295,0.31331153959035873,-0.2238680340349674
-1.213493351638317,-0.347384737059474,-1.0792179509997368,-1.1305415078997612,-0.7565404206514359,-0.7343991160392761,-0.27376835644245145,-0.8254581660032272,-0.7861167296767235,-0.9346713185310364,-1.095236574113369,-1.2502590149641037,-0.7310593664646149,-1.3713278273120522,-0.8860420048236847,-0.24602491548284888,-0.3110810438171029,-0.24054716657847167,-0.5584453627467155,-1.1336972087621688,-1.5262407213449478,-0.34065891727805137,-0.5917702563107013,0.013859701156616212,-1.210605328530073,0.1931273967027664,-0.7692356191575527,-0.9930302180349827,-0.6494665402919054,-0.7452139675617218,-0.6328702747821808,-0.1756672218441963,-0.7681168232113122,-0.46393146067857743,-0.16699796258471905,-0.305161302536726,-0.502443777024746,-0.24698249474167824,0.012054859474301339,0.01956290602684021,-0.5675758734345436,-0.4232306659221649,-0.5755809854716063,-0.7006888538599014,-0.8812010928988456,-0.8180472880601883,0.19883763045072556,-0.2007855676114559
-1.2264269396662713,-0.3191868167370558,-1.094752661883831,-1.1434842988848686,-0.6719087690114975,-0.7210975408554077,-0.32386188209056854,-0.7740749150514603,-0.7436368390917778,-0.9041196465492248,-1.066491149365902,-1.2535730928182602,-0.6942754447460174,-1.4027842262759804,-0.9229035913944245,-0.30031045963987707,-0.40811464581638573,-0.4103297023102641,-0.6644165173172951,-1.1297607392072677,-1.6214739829301834,-0.3696343146264553,-0.5184818781912327,-0.10943217128515244,-1.1123788230121137,0.1687843143939972,-0.8355581782758236,-0.9336354412138462,-0.603052570298314,-0.7992936074733734,-0.6998906433582306,-0.3115388140082359,-0.7008678767830133,-0.5605350956320763,0.005455095181241631,-0.35077024921774863,-0.6544282242655755,-0.22013193145394325,0.08901237053796648,3.202557563781738e-05,-0.5596429124474526,-0.4624119520187378,-0.6416742812842131,-0.6555386811494828,-0.9564587637782097,-0.859216371178627,0.027020971477031707,-0.09603115916252136
-1.1627802416682242,-0.276669941470027,-1.0296193823218345,-1.0867215439677238,-0.5639421731233597,-0.67744060754776,-0.3029632598161697,-0.725160327553749,-0.6904547497630119,-0.8831966400146485,-1.038555847108364,-1.2217259973287582,-0.7065941512584686,-1.5067741135135293,-1.0686564326286316,-0.4164210288785398,-0.4473577180877328,-0.5173872230574489,-0.7614300176501274,-1.1463299721479416,-1.5623387962579727,-0.3847235880792141,-0.4831175185739994,-0.21285941451787949,-1.0356276027858258,0.16203280687332153,-0.7275269649922848,-0.8396223403513432,-0.5519193608313799,-0.7999452173709869,-0.7480182707309723,-0.4797010228037834,-0.6077224317938089,-0.4787840947508812,0.03711147368885577,-0.3839482568204403,-0.4856774128973484,-0.26781724467873574,0.09792109532281756,-0.09480205774307252,-0.543215598165989,-0.4236126899719238,-0.6100365828722716,-0.6973426967859269,-0.9949982091784477,-0.8682733088731766,-0.10891207009553909,-0.08049080967903137
-1.0577080592513084,-0.23310916535556317,-0.9674367293715477,-1.0620238944888114,-0.4648712366819382,-0.6500503420829773,-0.3072530925273895,-0.6709762126207351,-0.6559482499957084,-0.869615352153778,-1.0146295949816704,-1.2142496556043625,-0.759044474363327,-1.4923365095630288,-1.0328291177749633,-0.547466744389385,-0.4822508553043008,-0.611834074370563,-0.8625123292207718,-1.1709151953458785,-1.56285517513752,-0.46220639571547506,-0.43876548781991004,-0.31990564316511155,-0.8221549160778523,0.1509393572807312,-0.6235305316746235,-0.7282529972493649,-0.48730102367699146,-0.7421843647956848,-0.8039867639541626,-0.584978112578392,-0.5107846852391958,-0.4761967107653618,0.08701806128956377,-0.41507906541228295,-0.4548351503908634,-0.279616854339838,0.07665027184411884,-0.1859423667192459,-0.5257668867707253,-0.4273454487323761,-0.6543477069586515,-0.6362314611673355,-0.9755348727107048,-0.8243491142988205,-0.28543061167001726,-0.13343810439109802
-0.9994937349110842,-0.162344653531909,-0.8754683881998062,-1.0291524454951286,-0.3516171187162399,-0.5223921597003937,-0.2718042999505997,-0.5747255429625511,-0.5918928146362304,-0.8471464455127716,-0.9906379446387291,-1.1374070435762405,-0.7950873613357544,-1.3948157289996743,-1.0753385245800018,-0.6879864110611379,-0.4937361696735024,-0.6928503675386309,-0.8779765725135803,-1.1592735409736634,-1.494998848438263,-0.5476943664252758,-0.48141971603035927,-0.34063146263360977,-0.5872260101139546,0.18141971826553344,-0.4831073828041553,-0.5976605109870434,-0.34683214910328386,-0.702551680803299,-0.8668678820133209,-0.7062221258878708,-0.36173486076295375,-0.4154527738690376,0.12489890330471098,-0.3478750728070736,-0.3278897739946842,-0.29291820898652077,0.052408369909971955,-0.2239532232284546,-0.4028672844171524,-0.36992390304803846,-0.5997464325278997,-0.5764472335577011,-0.8960578255355358,-0.7808025557547807,-0.34982599318027496,-0.268880856782198
