0.3573586277663708,-0.431956022977829,-0.49647143483161926,0.09619462192058563,0.06419092491269111,-0.10550697818398476,0.23059143098071216,0.4297951191663742,0.1325929181650281,0.25739454180002214,0.028826046735048294,0.31646578647196294,0.12826743200421334,0.2657365947961807,0.5443289205431938,0.9321476176381112,-0.008999958168715239,-0.4511555440723896,-0.7342628203332424,-0.4609970226883888,-0.020715196430683137,0.047912785410881044,0.7439318254590035,0.6207993456162513,0.7386140853166581,-0.39758642837405206,0.8964141145348549,-0.057023174315691,-0.38430424481630326,0.41232973597943784,0.4936297222506255,0.41388238668441774,0.3244149686768651,1.0275747096398846,0.5468906402587891,0.8781103506684304,0.640554890036583,0.772607209533453,1.04748494066298,1.0963157415390015,-0.5131810650229454,0.12938202992081643,-0.23025352833792567,0.1723031062632799,0.004813476651906967,0.1751958556473255,0.5175185754895211,0.6920856431126594
0.2143140308558941,-0.5716610550880432,-0.6464330464601517,-0.11699796915054321,-0.023381783813238143,-0.32751464024186133,-0.02235843865200877,0.33483177572488787,-0.026293514482676982,0.07006573677062988,0.007042407989501953,0.20663477517664433,-0.14460442885756492,0.19647695422172545,0.4916362211108208,0.7229787051677704,-0.20631467951461674,-0.622319371253252,-0.8466589890420437,-0.7404889956116676,-0.13641052544116974,-0.20232580602169037,0.4990188032388687,0.30114713991060854,0.6294545337557793,-0.4615613125264645,0.8962440565228462,-0.18393057063221932,-0.542632295191288,0.2824564065784216,0.29752017646096646,0.17100790143013,0.20256477314978838,0.7810141684720293,0.44153098464012147,0.5760215789079666,0.7088554054498672,0.5169493399560452,0.8141110990196466,0.8275315970182419,-0.63978211581707,0.002141604572534561,-0.32996159670874475,-0.020735601708292962,-0.01622203513979912,0.0047261200845241545,0.1970174327492714,0.4726957693696022
0.15338721200823785,-0.6173965573310852,-0.6896849483251571,-0.2019452154636383,-0.04451910480856895,-0.47704842165112493,-0.23648362485691904,0.30444945842027665,-0.12980764638632536,-0.016260965168476103,0.05807225778698921,0.18163045980036258,-0.31353398635983465,0.21751382052898408,0.4137758627533913,0.4817470880167093,-0.3447994108311832,-0.6979817129671574,-0.9313680194318295,-0.8193361565470696,-0.1217940777540207,-0.372949555516243,0.24772539883852004,0.07591012502089142,0.5654598698019981,-0.5292479276657105,0.9019780233502388,-0.27332306280732155,-0.6334543451666832,0.1357442107051611,0.11171145825646818,-0.020388543605804443,0.1565636606886983,0.5927240746328607,0.24056068658828736,0.343398655205965,0.5707884222269058,0.3115876231342554,0.5668399598449468,0.5841301772743464,-0.7151112623512745,-0.11018145009875298,-0.41482398537918924,-0.1728894304484129,-0.04893426522612572,-0.07913410104811192,-0.07542615383863449,0.2520379588007927
0.11305642649531364,-0.6909778147935868,-0.731174111366272,-0.20900102257728576,-0.015651997178792953,-0.5700533427298069,-0.4312537941150367,0.2745935723185539,-0.25726052951067685,-0.13722252398729323,0.09939778223633766,0.17237897254526616,-0.45880618020892144,0.2075863242149353,0.3805203750729561,0.2762584896699991,-0.4401974777691066,-0.7560552358627319,-1.0138817749917508,-0.8756650254130364,-0.05502152144908905,-0.4819565057754517,-0.024853642284870147,-0.07487579500302673,0.4698168009519577,-0.608824610710144,0.9716472491621971,-0.325368507951498,-0.7239981114864349,0.011944755539298057,-0.06241191835142672,-0.19845927953720094,0.10187500137835741,0.5027794795343652,0.28904482126235964,0.16808383241295816,0.6949852406978607,0.16313620693981648,0.3096288587898016,0.32707222886383536,-0.7400372631847858,-0.2410649314522743,-0.5083701862953603,-0.4067239474505186,-0.08692309148609638,-0.22452364601194857,-0.20664781779050828,-0.03554274588823318
0.21079064086079596,-0.720934608578682,-0.6133435130119324,-0.05844202637672424,0.07443020343780518,-0.5870319932699204,-0.541949560213834,0.28026060163974764,-0.26310150753706696,-0.17539450898766518,0.24791823998093604,0.30663554482162,-0.5041886307299137,0.17645962983369828,0.38678542524576187,0.19027462917729282,-0.46351210279390215,-0.7720874965190887,-1.049057348817587,-0.7915105193853378,0.14128707647323607,-0.4462428867816925,-0.269801039993763,-0.1506341419182718,0.42122446596622465,-0.6669825166463852,0.9670021191239357,-0.25321571305394175,-0.6733654260635376,-0.02362541891634464,-0.08317644805647433,-0.2330184668302536,0.13133154083043336,0.4839355783769861,0.21814205944538118,0.04032105980440974,0.5666920341551304,0.09328346885740757,0.003008153662085533,0.06959279961884021,-0.7397838279604911,-0.2901144400238991,-0.5546718641184271,-0.5065540086477995,-0.0579058762639761,-0.28087451197206975,-0.23084892183542252,-0.2843478634953499
0.3040014110505581,-0.8400036305189132,-0.5161630286835134,0.025739803910255432,0.15873558521270753,-0.6546984583139419,-0.7201135625131428,0.30795544683933257,-0.2651731474325061,-0.1777082033455372,0.369107910245657,0.4418301586061716,-0.511214105039835,0.1004646137356758,0.44846463948488235,0.1639130743162241,-0.607257503271103,-0.8311060309410095,-1.1684494279325008,-0.7281529434025288,0.27726878225803375,-0.3803138196468353,-0.4626788929104805,-0.26768258726224303,0.4440069615840912,-0.769696268439293,0.969656303524971,-0.2387313362210989,-0.6216193497180938,0.018345556780695917,-0.05993952061980963,-0.2803926793858409,0.17642982471734286,0.4122543948004022,0.2847055584192276,-0.1088081163354218,0.4367565415799618,0.05598949082195759,-0.27625627256929874,-0.17505317740142345,-0.7822005972266197,-0.435742050409317,-0.6146097369492054,-0.6300346445292234,-0.10037070624530316,-0.325607705488801,-0.2642903566360474,-0.4905485525727272
0.40882493183016777,-0.8592855244874954,-0.39708094438537955,0.14305641651153564,0.2945512682199478,-0.6590311199426651,-0.8074924250133335,0.3189107529819012,-0.26404095720499754,-0.13474515452980995,0.40251207277178763,0.577192846313119,-0.4357618346810341,0.021387338638305664,0.5085068091750145,0.1828227044956293,-0.728838849067688,-0.7447397217154503,-1.2902512580156327,-0.6023360945284366,0.4629343181848526,-0.1798575758934021,-0.42947131395339966,-0.26920541995204983,0.41892836391925814,-0.8009069114923477,0.7979191780090332,-0.21688425205647946,-0.6185771942138671,0.07357428781688213,0.06252410504966974,-0.25970644783228636,0.207488826289773,0.4123388635227457,0.2525782663375139,-0.15800012017134576,0.3610255055129528,0.04352055825293064,-0.38485199846327306,-0.2526533465832472,-0.7420359626412392,-0.6614497125148773,-0.6278718009591102,-0.6913066741079092,-0.16560057513415813,-0.35778860561549664,-0.24241929948329927,-0.4551716595888138
0.4946821600198746,-0.7921054899692536,-0.2871073170565069,0.2822623014450073,0.4664066880941391,-0.5131128937005996,-0.6882651668973268,0.2231028877198696,-0.26117444317787886,-0.07997671365737916,0.4768035996705294,0.6431559324264526,-0.3232795149087906,-0.05198651254177093,0.33337683528661727,0.12174789253040216,-0.6962169110774994,-0.5600238725543022,-1.2900102213025093,-0.49172136560082436,0.6122987002134324,0.059630298614501955,-0.2826316297054291,-0.29680640357546506,0.35071786014596,-0.5975772768259049,0.5831700384616851,-0.16132993660867215,-0.5450321808457375,0.13313501179218293,0.13695374820381404,-0.23568466138094663,0.2558620575815439,0.30388399681542066,0.28646525628864766,-0.10004827047232538,0.2048123799264431,0.05979045070707798,-0.3107204921543598,-0.16927662007510663,-0.6050309970974922,-0.6964340388774872,-0.48814249485731126,-0.8178441222757101,-0.15354351736605168,-0.2688432943075895,-0.22834383696317673,-0.29988459050655364
0.48743603006005287,-0.7713192269206047,-0.19497139593586327,0.35494856536388397,0.3286466270685196,-0.46188284605741503,-0.4715146541595459,0.13715460374951363,-0.303196787647903,-0.07636938989162445,0.5603888235986233,0.6656235240399837,-0.14525308310985566,0.16726175993680953,0.4171550765633583,0.11948725440888666,-0.4601647615432739,-0.2503897950053215,-1.089880533516407,-0.3272098608314991,0.6804000049829483,0.31003379821777344,-0.03551631569862366,-0.1577606018166989,0.3246042837039568,-0.2575740486383438,0.4249775528907776,-0.16961132921278477,-0.5338817270472646,0.24069503843784332,0.2949527630582452,-0.14257145207375288,0.33116745837032796,0.33366026245057584,0.36830166466534137,0.0842178869759664,-0.02631269320845604,0.10996852852404118,-0.12162253335118293,0.09120285995304585,-0.5571606580168009,-0.6661084443330765,-0.2549327775835991,-0.9319715201854706,-0.18870498426258564,-0.16634955517947675,-0.09338458478450776,-0.0592913419008255
0.4090648852288723,-0.6531857743859291,-0.06566608985885977,0.4628728598356247,0.2963341951370239,-0.2749071463942528,-0.20817067623138427,-0.008185964077711105,-0.29199136029928924,-0.0178710013628006,0.5089779563248158,0.6658292897045612,0.08798919022083282,0.06780515164136887,0.34451546221971513,0.18945811697631143,-0.15263023376464843,0.01845995932817459,-0.7062781408429146,-0.07012689784169197,0.7330733925104141,0.5339405417442322,0.11668956279754639,-0.019307827530428767,0.19496765030780808,-0.03946769535541535,0.19674886465072633,-0.18223201669752598,-0.5187404932454228,0.3206115458160639,0.4364413509145379,-0.062463578395545484,0.29400119595229623,0.25790359266102314,0.29963501580059526,0.24528689270373433,-0.16301589831709862,0.16013283468782902,-0.09904660079628229,0.26482025571167467,-0.40287934578955176,-0.4734767019748688,-0.030330125987529755,-0.9651331722736358,-0.18146892916411161,-0.010138357803225518,0.033931463956832886,0.17245533764362336
0.1951977513730526,-0.6442442074418068,-0.10230538686737418,0.38619675636291506,0.24925048053264617,-0.21358584612607956,-0.1486965537071228,-0.09124331399798394,-0.3380046308040619,-0.01818286329507828,0.40100199058651925,0.5565065950155258,0.23508380949497223,0.0003131970763206482,0.31216548532247546,0.276554280606797,-0.06799400746822357,0.10558694452047349,-0.4762950077652931,0.019143988937139512,0.6350384101271629,0.604224893450737,0.17945579066872597,0.07838279199786484,0.025740983022842556,-0.13744529485702514,-0.0767713189125061,-0.29368614591658115,-0.6200901152566075,0.2351273898035288,0.39627191964536906,-0.020839395932853222,0.25603235363960264,0.14477058239281176,0.30665746964514257,0.35313244645949454,-0.08791748210787773,0.16292523369193077,-0.15326410327106715,0.314428948238492,-0.3640196803957224,-0.39936858266592024,-0.008537881076335907,-0.9869371175765991,-0.2264885636046529,0.027933819219470024,0.12921214997768402,0.3169311970472336
-0.0724908508360386,-0.7965924635529518,-0.1452668889425695,0.21736859977245332,0.16096089482307435,-0.27119248956441877,-0.1624005079269409,-0.15870098844170571,-0.31587611585855485,-0.06510999202728271,0.2701482489705086,0.3839240401983261,0.26144054904580116,-0.0617300882935524,0.18625331968069075,0.3265607730427291,-0.07874731719493866,0.12510284036397934,-0.40123397260904314,-0.0028637386858463287,0.46244394183158877,0.6286757774651051,0.24784833416342736,0.1428193409461528,-0.059633904264774176,-0.36842756867408755,-0.25452147126197816,-0.47426289357244966,-0.8176753820851446,0.010002440586686135,0.2806771039962769,0.030252579040825366,0.23357212245464326,0.07131687924265862,0.13895303644239904,0.38298282062169164,-0.25990860238671304,0.17095270454883577,-0.20445912871509792,0.4139612514525652,-0.489316726103425,-0.514613638818264,-0.12803444117307664,-0.9763661801815033,-0.3843137787654996,-0.03366022147238255,0.18684968948364258,0.515754035115242
-0.4829747714102268,-1.0112014785408974,-0.3837938650511205,-0.14490652978420257,-0.12002603411674499,-0.46008794456720353,-0.3061797499656677,-0.32719338312745094,-0.36654206961393354,-0.18299580067396165,0.0170589879155159,0.07599668204784393,0.09307270273566245,-0.22711986750364305,-0.0712338075041771,0.2485372587107122,-0.24184528291225432,-0.011236990988254546,-0.5052224293351173,-0.2255369134247303,0.1499885618686676,0.4663774140179157,0.20921470895409583,0.1025253136176616,-0.2395936961635016,-0.5873045027256012,-0.4463155627250671,-0.7713906560093164,-1.0925947012379766,-0.3258592303842306,0.02017425298690796,0.05452429968863726,0.025634381175041198,-0.013084074109792709,0.04833273626863956,0.3361310209846124,-0.3146308347582817,0.07616537399590015,-0.2486885966733098,0.4102992706000805,-0.7153404120355844,-0.6919172391295433,-0.3268776997923851,-0.9952760398387909,-0.5090103896334768,-0.18307431116700174,0.18892810940742494,0.6392675638198853
-0.8694160141050815,-1.1590679600834846,-0.5683983727358282,-0.4879363089799881,-0.39280601739883425,-0.6765734240412712,-0.4802010774612427,-0.4298261232674122,-0.40801418870687484,-0.25942348688840866,-0.21257151216268538,-0.20129447281360627,-0.07893098518252373,-0.3583007052540779,-0.3425550624728203,0.10187112530693412,-0.47240292727947236,-0.1503326788544655,-0.6293825045228004,-0.4646265275776386,-0.14938326478004454,0.23497318997979164,0.1386837489902973,0.01852508378215134,-0.4392659525736235,-0.7183584272861481,-0.6585597276687623,-1.0379976201802492,-1.275424593873322,-0.5976936873048544,-0.24333648085594178,0.033585593290627005,-0.16358023881912231,-0.17671075090765953,-0.1416189458221197,0.23653317054267972,-0.4040518507361412,-0.0896250244230032,-0.26419708747416737,0.35487856939435003,-0.9497415382415056,-0.8852580174803734,-0.49639235585927965,-0.9662226021289826,-0.6377507956698537,-0.323171553760767,0.08947244882583619,0.7212202101945877
-1.2467571772634982,-1.2904706671833992,-0.7431712134741246,-0.7783822327852249,-0.5964206099510193,-0.8493151679635048,-0.633449935913086,-0.5350219048559666,-0.5042523160576821,-0.3527621768414974,-0.42132849544286727,-0.4819436579942703,-0.22061236575245857,-0.4790380924940109,-0.624939177930355,-0.04897956410422921,-0.6701124519109726,-0.19967679530382157,-0.7063167586922645,-0.7009876497089863,-0.4141069114208221,0.06940438225865364,0.0982308752834797,-0.018480948684737087,-0.5633461277349852,-0.880887919664383,-0.7875224560499191,-1.300608067587018,-1.451910770125687,-0.7674698706716299,-0.44532222151756284,0.03135064858943224,-0.3751190960407257,-0.42571463212370875,-0.3191159900277853,0.12656219757627696,-0.5526074133813381,-0.24526575319468974,-0.20880695004016162,0.30401349142193795,-1.163341273739934,-1.0889092907309532,-0.6281582280993462,-0.9678677618503571,-0.7443989241495729,-0.4523654289543629,0.0320720911026001,0.7676865637302399
-1.6030323900282384,-1.2790717318654061,-0.8173617631196975,-1.0055104464292526,-0.75731001496315,-0.9098244324326515,-0.7007654070854187,-0.7115499414503574,-0.5928987458348274,-0.45737519189715387,-0.593834887444973,-0.761969855427742,-0.3179027810692787,-0.49108161628246305,-0.944610045850277,-0.22908604303374885,-0.7489325612783432,-0.17576981335878372,-0.7054618492722511,-0.8155420035123825,-0.6223855376243591,-0.028503232449293137,0.06952521875500679,0.0034824152011424304,-0.7836840550764463,-0.9796107113361359,-0.8545225232839584,-1.425896269083023,-1.5051573814824224,-0.8330102872103453,-0.5950059056282043,-0.029271790385246278,-0.5557415306568145,-0.6524207256734371,-0.39896271787583826,0.019730289350263774,-0.43466654494404794,-0.39004628323018553,-0.13370922524482012,0.2222216732800007,-1.192106034234166,-1.1924647673964501,-0.7399027213454247,-0.9950854480266571,-0.7988505208864808,-0.5725377924740315,-0.0018946170806884766,0.742839640378952
-1.8481544055044652,-1.3045149520039558,-0.7936190903186798,-1.1714399963617326,-0.8832358717918396,-0.9208623304963112,-0.7551729798316955,-0.6603297710418701,-0.5954771980643272,-0.48620307818055153,-0.6137860072776675,-0.9604510456323624,-0.33733616918325426,-0.45246465504169464,-1.1098875656723977,-0.3361478910781443,-0.7939154654741287,-0.19212587736546993,-0.6568034902215004,-0.836880087852478,-0.7792761206626893,-0.13093337789177895,-0.008021586388349534,0.007506116386502981,-0.8781725447042845,-1.052309662103653,-0.8561487823724747,-1.4236255779862403,-1.4661956192925572,-0.861776415631175,-0.731481385231018,-0.0900983214378357,-0.6040213599801063,-0.7802806876599788,-0.47048478573560715,-0.08941402733325958,-0.6325736738741398,-0.4670064117759466,-0.15586801189929247,0.07265635803341866,-1.2388419438153506,-1.2004077538847924,-0.7782814383506775,-0.9377048224210739,-0.7564837003126741,-0.5911406822502613,-0.00546159683726728,0.6057819306850434
-2.0696157731115816,-1.4159432247281074,-0.7633799850940705,-1.3281692892313004,-1.029897764325142,-1.0253153592348099,-0.9611516296863556,-0.6338159196078778,-0.5756826013326645,-0.42947803884744645,-0.7264881594106555,-1.0765180736780167,-0.3178326070308685,-0.45985129177570344,-1.1301804795861243,-0.34778688633814453,-0.9541361480951309,-0.2603666868060827,-0.6551848605275155,-0.7988855540752411,-0.8989416614174843,-0.26391075029969213,-0.07751578018069268,0.07237982153892517,-0.8979369379580021,-1.2211484253406524,-0.8675532907247543,-1.4481179783120752,-1.4964985521510243,-0.9241098165512085,-0.8752245008945465,-0.19653876423835753,-0.6910781368613244,-0.8267364449799061,-0.5955237552523613,-0.2360767751932144,-0.4812833733856678,-0.5582772012799978,-0.21596456859260799,-0.13168073818087578,-1.3090638745576144,-1.3675146505236626,-0.9029922232031822,-0.8954742670059204,-0.7338228331878781,-0.648288720101118,-0.02495631850324571,0.41793893575668334
-2.1672681987285616,-1.464907243847847,-0.7660073548555374,-1.3735019519925118,-0.9088120006024838,-0.9942724898457527,-1.23222097158432,-0.5012460850179196,-0.5576142400503159,-0.3274903878569603,-0.8547650558874011,-1.1216371938586236,-0.30825795531272887,-0.7374223500490189,-1.3163370206952094,-0.34808486634865404,-1.2471721917390823,-0.42028574608266356,-0.7874654337763787,-0.7782462447881698,-0.9157020874321461,-0.4176898904144764,-0.15782421752810477,-0.013311941921710969,-0.8963937401771546,-1.4838779002428055,-0.8440020769834519,-1.4724656919017434,-1.5512412384152412,-1.1027132213115691,-1.1249712884426117,-0.35881482660770414,-0.745122392475605,-0.9031447000801563,-0.5949384048581123,-0.4436540246009827,-0.4495200581848621,-0.6562952991575003,-0.29158105347305535,-0.39482210800051687,-1.3491747856140137,-1.567557667195797,-1.0889131233096123,-0.7756376512348652,-0.7798640297725796,-0.730995949357748,-0.1837258157785982,0.21911523044109343
-2.194085192680359,-1.627970963716507,-0.793805468082428,-1.3970049615949391,-0.8163459621369838,-1.0742211855947972,-1.483698546886444,-0.43638771399855614,-0.5818007871508598,-0.2955949708819389,-0.8852574719116092,-1.1349371895194054,-0.31409587264060973,-0.7462695628404618,-1.3903740480542184,-0.3630879991687834,-1.5421994507312775,-0.52684027813375,-0.9945943871513009,-0.8163198739290237,-0.8731140442192554,-0.4929812617599964,-0.1326146714389324,-0.10636166632175445,-0.8576856851577759,-1.6648518413305282,-0.8845441430807114,-1.5236996868625283,-1.6599155232310294,-1.2741055846214295,-1.315187692642212,-0.4878715068101883,-0.7672635152935982,-0.9520612418651581,-0.6007596686482429,-0.5940242290496827,-0.438275159150362,-0.7089883964508772,-0.2333801843225956,-0.48580454513430593,-1.4798999965190887,-1.827813206613064,-1.2775625213980675,-0.7991714902222157,-0.8757723718881607,-0.8866614006459713,-0.33904586411081256,0.10292194187641143
-2.08548127412796,-1.6183280885219573,-0.6796743839979171,-1.2622164469212294,-0.6862004689872265,-1.0690325863659382,-1.54600647687912,-0.39158308431506156,-0.578248618543148,-0.2547905519604683,-0.8244777305051685,-1.0116186022758484,-0.295868331193924,-0.7510304123163223,-1.4208308339118958,-0.3757605695165694,-1.6331571727991103,-0.5627012994140387,-1.0884843299165368,-0.7701458290219307,-0.7067328460514546,-0.4778012655675411,-0.05941050350666046,-0.14716872423887253,-0.7726299077272415,-1.624368366599083,-0.9063486069440841,-1.4562194207683206,-1.63930252045393,-1.2774513602256774,-1.3409695982933045,-0.521684393286705,-0.7511684745550156,-0.868467640131712,-0.580576841160655,-0.6801942199468612,-0.4681069917976856,-0.7261681981384754,-0.14851803854107856,-0.5026999309659004,-1.461831384897232,-1.866064801812172,-1.2927504107356071,-0.8239707894623279,-0.824805888265837,-0.9549558117985726,-0.37288127220235767,0.044024723768234256
-1.8631003677845002,-1.4293813824653625,-0.4653529793024063,-1.039322705194354,-0.5407675825059414,-0.9627040095627308,-1.4591709613800048,-0.39812635704874993,-0.5561727602034807,-0.14137864261865615,-0.7289093060418963,-0.8326096922159195,-0.25783605948090554,-0.8037313520908356,-1.4471243977546693,-0.4425900884903967,-1.5554214119911194,-0.5656294640153646,-1.013257254101336,-0.5797690108418465,-0.44047883823513984,-0.45233405083417894,-0.0580697625875473,-0.09910953789949417,-0.7869552165269852,-1.4249760061502457,-0.8872653871774674,-1.2429432103410363,-1.4548512622714043,-1.1324001282453537,-1.2431183382868767,-0.46571912840008733,-0.7287267476320267,-0.8969849877059459,-0.6371039550751447,-0.7196820348501205,-0.6384578190743924,-0.8521417990326882,-0.15974620059132577,-0.5441068336367607,-1.2519495815038681,-1.6548916190862655,-1.1621360644698142,-0.8483839936554431,-0.7186689493362792,-0.8791575826704502,-0.3383856107946485,-0.05098744034767151
-1.4168967485427857,-1.1349749498069286,-0.05990783274173737,-0.6845531534403563,-0.2280878506600857,-0.7087495900690556,-1.2684511065483093,-0.2862674818607047,-0.47976863849908113,0.006767855584621429,-0.4986105991527438,-0.5473611146211624,-0.09967500641942025,-0.7791108965873719,-1.2390122681856155,-0.3970175334252417,-1.3747236549854278,-0.4950038965791464,-0.7895616689696908,-0.28278086334466934,-0.1449066586792469,-0.3578071728348732,-0.05006295442581177,-0.07358239591121674,-0.5975341349840164,-1.200627127289772,-0.7058961778879166,-0.8251390049234033,-1.0933920726180077,-0.8508320719003677,-1.027224914729595,-0.3892155461013317,-0.47862888872623444,-0.9053895585238934,-0.6786931943148374,-0.7385408133268356,-0.6640463098883629,-0.8723266020417213,-0.18735689893364907,-0.5735404185950757,-0.8836450129747391,-1.392793545126915,-0.9207345128059388,-0.77250552251935,-0.5354928133194334,-0.7093756251037121,-0.29871060899458823,-0.16869576275348663
-0.9242657065391541,-0.8557122252881527,0.3699891060590744,-0.30032362453639505,0.09747488871216774,-0.38129658475518224,-0.9665653675794601,-0.18806334596592933,-0.3501559400931001,0.1860770508646965,-0.32880222853273156,-0.2744108885526657,0.10782443210482598,-0.7410178899765014,-0.9875722795724868,-0.3025986530818045,-1.1024724543094635,-0.3614864107221365,-0.5467460671439767,0.07581025213003159,0.14675982519984246,-0.18811213374137878,0.00473351776599884,0.03159193396568298,-0.2893371254205704,-0.9073428183794021,-0.44846676886081693,-0.3945334622636437,-0.714139561355114,-0.5860239684581756,-0.7575687482953072,-0.23378226682543754,-0.17545620501041412,-0.8687320642173291,-0.6945397090166807,-0.7145978897809983,-0.8089864358305932,-0.8199667707085609,-0.24419955983757974,-0.5454318575561047,-0.47901027500629423,-1.1104439735412597,-0.6568126916885376,-0.6441300453618168,-0.3678841875051148,-0.4824002258479595,-0.2057905917521566,-0.231579253077507
-0.4355897784233093,-0.58871356472373,0.6849537819623948,0.020901374891400336,0.3489395178854465,-0.05801366344094276,-0.666226527094841,-0.07004956167656928,-0.22886826265603305,0.3675335571169853,-0.2046307509765029,-0.04986054599285126,0.3188235931098461,-0.6929352283477783,-0.7422266930341721,-0.14099506521597505,-0.8691064953804016,-0.3089125331491232,-0.3762138092890382,0.362383471429348,0.3399786166846752,-0.07894357740879059,0.08500575125217438,0.11084488928318023,-0.01217176616191864,-0.5525799840688705,-0.1346294790506363,-0.007767183519899845,-0.3565253421664238,-0.34949769377708434,-0.5769423931837082,-0.12391352877020836,0.14852193295955657,-0.6803940616548061,-0.45927892737090587,-0.6339993894100189,-0.6618857331573963,-0.6933403149247169,-0.2244506485760212,-0.4524795763194561,-0.12963848412036896,-0.825543973594904,-0.3853929340839386,-0.5421240659430623,-0.2233186439727433,-0.27717123851180075,-0.12174814692698419,-0.2520245313644409
0.019883692264556885,-0.3376370333135128,0.8918272107839584,0.3102732229977846,0.5353456296026706,0.23131025061011315,-0.3471160620450974,0.11913943130057306,-0.010232190974056721,0.584759746491909,-0.0636024659499526,0.17220911085605622,0.5016801528632641,-0.6335122048854828,-0.4846731871366501,0.0806125364266336,-0.6248768135905266,-0.24052254129201173,-0.209831509180367,0.6150821670889854,0.5159171037375927,0.044399961829185486,0.2027242213487625,0.2713090002536774,0.31782964766025545,-0.16709942519664764,0.13130564391613006,0.23494581487029792,-0.11326873749494552,-0.198861700296402,-0.3926061540842056,0.15744034424424172,0.4191035836935043,-0.5073483565822243,-0.44525910429656507,-0.41934201717376707,-0.7184689901769161,-0.4803845778107643,-0.10449962988495827,-0.25286899134516716,0.09618807137012482,-0.5281425632536412,-0.08343023657798768,-0.2799203248694539,-0.06669746200786904,-0.006813522428274155,0.0731018538121134,-0.15755759552121162
0.30320594310760496,-0.19659709557890892,0.8981392472982407,0.39623536802828313,0.6062489278614521,0.37077967151999475,-0.14510041773319243,0.1604589118389413,0.14516413640230894,0.7443492084741592,-0.03432781919836998,0.3069731116294861,0.5409171015024186,-0.5866012930870056,-0.30391134321689606,0.22330703353509307,-0.5023239677306265,-0.2647737076506019,-0.1847228141501546,0.7230894789099693,0.582098013907671,0.0600871879607439,0.2719302445650101,0.39850503355264666,0.5267939329147339,0.06447885930538177,0.3248237192630768,0.3444254433736205,0.039175845682621,-0.1183653324842453,-0.2724842667579651,0.39082093313336375,0.5670472219586372,-0.4509176755324006,-0.3836777940392494,-0.24790279269218446,-0.48662557229399683,-0.413388891518116,0.042539718002080916,-0.077031659334898,0.20290025770664216,-0.3326465286314487,0.08137307167053223,-0.16663740295916796,0.01640576858771965,0.17223645225167275,0.2214632172137499,-0.07279495522379875
0.5379262685775756,-0.13330976366996766,0.8128196716308593,0.4415057871490717,0.594675362855196,0.3970836766064167,-0.02346445620059967,0.27582634452264754,0.24827266465872527,0.7918750137090683,0.025297383219003676,0.36898198872804644,0.5385683834552765,-0.5428514356724918,-0.13125373125076295,0.32259112810716034,-0.4431522225495428,-0.3418830087408423,-0.22424398232251405,0.6751387760043144,0.5893755681812763,0.04735526256263256,0.3292214423418045,0.3683363363146782,0.7535654217004776,0.18567471206188202,0.6113152444362641,0.40371841490268706,0.06186180580407381,-0.02267490029335022,-0.13829798698425294,0.5524657733738423,0.7046690210700035,-0.3529650354757905,-0.42364992648363115,-0.13137460947036744,-0.5340588204562664,-0.37230286188423634,0.09450155198574066,0.08601977303624153,0.2096403181552887,-0.19401806220412254,0.15081649869680405,0.018508401326835157,0.08086161751998588,0.3000834070146084,0.2958070538938046,0.021612460166215895
0.6751597851514817,-0.1309828817844391,0.7106968581676483,0.41595790572464464,0.5672373116016388,0.34206769838929174,0.020460858941078186,0.25819835129659624,0.2944139076396823,0.7704386562108994,0.11988863721489906,0.4180475115776062,0.47166036516427995,-0.5647490019910038,-0.05121703147888183,0.40129781812429427,-0.4156356995459646,-0.45090067889541385,-0.2583406733348966,0.5401313528418541,0.5754756819456815,0.02762138806283474,0.3253975361585617,0.3238940596580505,0.9431423097848892,0.23635978475213051,0.8308910071849823,0.4704045534133911,0.09999186415225267,0.1282629042863846,0.029705545306205748,0.6429161168634892,0.7501374199986458,-0.3007125979289412,-0.48017568737268446,-0.06001473069190979,-0.34551102891564367,-0.33858726881444456,0.12573383748531342,0.20316805317997932,0.1593376636505127,-0.12424086555838584,0.17316126432269813,0.027117191068828105,0.1685591458226554,0.3749743811786175,0.337519222125411,0.05782202556729317
0.8415218263864517,-0.08683531880378723,0.6529492348432541,0.3739676117897034,0.46855197548866273,0.30185225009918215,0.01227818727493286,0.37976729932706804,0.3916836393997073,0.7111176572740078,0.3295173980295658,0.4387909505981952,0.3023574188351631,-0.2653345103375614,0.10360127091407775,0.3827576324343681,-0.4571478997822851,-0.6089126756414771,-0.3714271239936352,0.35911239832639696,0.4959768306463957,-0.06409642435610294,0.25750488936901095,0.20549050122499465,1.1748648434877396,0.23201269879937172,1.1741782248020172,0.621731436252594,0.22072568852454424,0.29469413459300997,0.10263358876109123,0.6381517983973026,0.8807086154818535,-0.17145730312913657,-0.46166432052850725,-0.057757017016410825,-0.3216120697557926,-0.37227072231471536,0.10229246020317077,0.16826835107058286,0.1674266755580902,-0.12085584625601768,0.19393829312175512,0.12066216450184583,0.17144249667180703,0.3993599943816662,0.3004891689866781,-0.016060375422239304
0.945615416765213,-0.06349932551383972,0.6477016627788543,0.32484848648309705,0.35841870605945586,0.2372425228357315,0.023731744289398192,0.4212706885067746,0.5521041316911578,0.6774115048348903,0.48899689987301825,0.4114957936573774,0.1585954263806343,-0.18332320330664514,0.08743185997009277,0.33216163367033,-0.436787581956014,-0.6194191118702292,-0.4503081046044827,0.233845317363739,0.40862143151462077,-0.09778819866478443,0.1633911430835724,0.18432219177484513,1.2619823396205903,0.30106128454208375,1.3345084756612777,0.7928094506263733,0.38515264708548785,0.43867712914943696,0.22604687735438347,0.7018988348543644,0.8711465954780578,-0.1511819487437606,-0.4383222583681345,-0.07351766526699066,-0.44996063485741616,-0.411760775372386,-0.0032399028539657595,0.12967445012181997,0.16521405279636384,-0.16541901156306266,0.20533062126487495,0.20136031415313482,0.13845207653939723,0.4054971389472485,0.26948237381875517,-0.07354700490832329
1.0870838224887849,0.028352248668670654,0.7141077637672424,0.34560792297124865,0.3387406632304192,0.2411928027868271,0.15594542026519775,0.5035706153837964,0.6425247581675648,0.6186451151967048,0.625969285517931,0.4099760003853589,0.08465565592050553,-0.1259373771958053,0.11632723212242127,0.3513960655778646,-0.3435666387435049,-0.5680274488404393,-0.48303656503558157,0.12974826991558075,0.32751811258494856,-0.08904615677893161,0.0809895634651184,0.19569996148347854,1.418015056848526,0.5062019050121307,1.4766665130853653,0.9821602195501328,0.617779347486794,0.6762961328029633,0.3814088083803654,0.7659406259655952,0.9187461555004119,-0.011125115118920803,-0.2636972192674875,-0.04312022048979998,-0.38246251121163366,-0.3020968358963728,-0.05901155471801758,0.06416840013116598,0.22184662520885468,-0.1201386533677578,0.29832682814449074,0.3017166992649436,0.1713968686759472,0.3906772807240486,0.32725691683590413,-0.13387932926416396
1.0488613039255141,0.11734910532832146,0.6856082320213318,0.3245312348008156,0.2576029047369957,0.24966322481632233,0.3756755828857422,0.48669564723968506,0.7066434979438782,0.5865144997835159,0.6002036847174168,0.36013885964639486,0.017835365235805513,-0.13328045485541223,0.016531214118003845,0.32044981084764,-0.14193034223280848,-0.4127676846459508,-0.44112521782517433,0.05298490282148123,0.2882239144295454,-0.01963670291006565,0.06560865938663482,0.3408696413040161,1.3210122168064118,0.778879588842392,1.3908943265676499,1.0407179564237594,0.7946012647822499,0.8176168203353882,0.512058088928461,0.8681712508201599,0.8682653427124023,0.07933203671127557,-0.08289489783346653,0.06366043966263532,-0.39566393867135047,-0.21271487586200238,-0.01823562979698181,0.08966995384544134,0.26533608734607694,0.0029761888086795806,0.4117159044370055,0.2928048035129905,0.11770807877182961,0.39697168618440626,0.45378207601606846,-0.09510942399501801
0.9326519817113876,0.1361216388642788,0.5642862677574157,0.31556379944086077,0.17730243057012557,0.25239992439746856,0.521948692202568,0.44109258949756625,0.7617341734468936,0.5696428149938584,0.5696299135684967,0.3309281908441335,0.004935571551322937,-0.14193640826269985,-0.13041181862354279,0.3543306451290846,0.02980519481934607,-0.2667396845296025,-0.40033729150891306,-0.010806926526129246,0.2635617058724165,0.08123300485312938,0.14027191400527955,0.3479293525218964,1.1465407371520997,0.9407878458499909,1.1692985802888871,0.9826140314340591,0.7829181345179677,0.8812648922204971,0.5766507156193257,0.9090197861194611,0.7817950963973999,0.15276699010282754,0.0430786456912756,0.24482691567391157,-0.44152934923768045,-0.06635121814906597,0.14979179501533507,0.20941935684531926,0.21523260176181794,0.0948535867035389,0.45090412851423023,0.325473441183567,0.08416677080094814,0.4124885514378548,0.4890047196298838,0.0349424958229065
0.6898018687963485,-0.05233757868409157,0.2949694097042084,0.22155573219060898,0.0582102969288826,0.13248904161155223,0.45338364541530607,0.3215822696685791,0.7703185664024204,0.4778849326074123,0.46885344982147215,0.28456187625415624,-0.06313058584928513,-0.18644794104620815,-0.24858720004558563,0.36602020375430583,0.04040680774487555,-0.16778545696288347,-0.4297517500817776,-0.11963005717843771,0.23245440535247325,0.17630038373172283,0.22442177534103394,0.2393286943435669,0.8773838818073273,0.8741752862930298,0.773561230301857,0.7345305174589157,0.5245892377570271,0.7666413754224777,0.5616663053631783,0.8182286255061626,0.584777170419693,0.10245444718748331,-0.0025997962802648544,0.31938991528004407,-0.5006652399897575,0.006520818546414375,0.28321813642978666,0.33777274992316964,0.04923771619796753,-0.012805719673633576,0.3134899532422423,0.23966564387083053,-0.1046065840870142,0.30548649877309797,0.3658956054598093,0.1761639177799225
0.46342015266418457,-0.29257841482758523,0.03312016129493713,0.10145487561821938,-0.0398139089345932,-0.04438240714371204,0.2642191857099533,0.17368685007095336,0.6638691694941372,0.2726662836968899,0.34913560152053835,0.2136386871803552,-0.12393981218338013,-0.2454003977589309,-0.3012467801570892,0.3563347827643156,-0.05221890709362924,-0.1181651633232832,-0.4837404564023018,-0.2747603690251708,0.18257655315101146,0.21158291213214397,0.3029003620147705,-0.06867882013320922,0.6159594595432282,0.6491048157215118,0.48666808307170867,0.503516075015068,0.2016848297789693,0.5929942935705185,0.449525298178196,0.5009026102721691,0.4006853222846985,0.11729798577725888,0.03184037618339062,0.24041685443371535,-0.5849843725562096,0.04686595089733601,0.24481926560401918,0.39299108292907475,-0.1626609742641449,-0.2413867488503456,0.05612365361303091,0.01422394961118698,-0.3614535007625818,0.03590638488531113,0.053369439020752904,0.29791807010769844
0.1986958384513855,-0.451584754139185,-0.19809011816978456,0.011541884392499924,-0.1752334475517273,-0.20736583061516284,0.08834169209003448,-0.013610911369323731,0.4625538916792721,0.009674843400716782,0.23737995624542235,0.07870024745352566,-0.16190584897994995,-0.36204916713759305,-0.5463823676109314,0.30588273964822293,-0.06672821789979935,-0.024298126623034478,-0.45131641812622547,-0.42621999736875293,0.11593299768865109,0.24068315848708152,0.36049098074436187,-0.34285072088241575,0.288863605260849,0.45179271697998047,0.10394102036952972,0.22882895767688752,-0.1116557626053691,0.39344632625579834,0.2885779842734337,0.13971658274531365,0.12697588205337523,0.07873007766902447,-0.01694224327802658,0.12772676330059768,-0.6960760787129402,0.048162414506077764,0.13667238801717757,0.38774755503982306,-0.3091694235801697,-0.41156608015298846,-0.11925292257219552,-0.1802064910531044,-0.6156571600586176,-0.2321735993027687,-0.27001008950173855,0.36902317926287653
-0.03218852281570435,-0.5566072762012482,-0.30321010053157804,-0.10714533999562263,-0.34464521110057833,-0.32625248916447164,-0.003435799479484558,-0.1867594063282013,0.2783601255621761,-0.2336443342268467,0.12204264700412751,-0.038912807358428836,-0.2448060154914856,-0.4627512447535992,-0.715554216504097,0.19671674631536007,-0.007437004148960114,0.08328379280865192,-0.3705139834433794,-0.4951811766251922,0.014765898510813714,0.2165117084980011,0.35561576783657073,-0.4293672353029251,-0.07183571457862854,0.3413611203432083,-0.23249264061450958,0.01615748107433319,-0.26000763326883314,0.18213267028331756,0.08505235761404037,-0.06832830980420113,-0.09749432802200317,0.030767935141921044,0.059509725868701936,0.0635241849347949,-0.8907296851277351,0.03163389191031456,0.044154401123523715,0.3111318007111549,-0.37883866131305693,-0.47587914764881134,-0.1948449293151498,-0.4258170560002327,-0.7798054609447718,-0.46480367332696915,-0.42381393872201445,0.4016048304736614
-0.20549218356609344,-0.5023159496486187,-0.3007658690214157,-0.2106416143476963,-0.5094892293214798,-0.37262088246643543,-0.00744892805814743,-0.31711708307266234,0.21303628995083274,-0.36780360117554667,-0.00897817313671112,-0.2159233301412314,-0.32540512830018997,-0.5310241334140301,-0.930805841088295,-0.02017951346933842,0.11610922366380691,0.1980016577988863,-0.2115210670977831,-0.4665391122922301,-0.10693376958370208,0.15064687281847,0.2734507456421852,-0.5148071140050888,-0.48430203795433047,0.39477676078677176,-0.6062151461839675,-0.08384643197059631,-0.28725642561912534,0.020635557174682618,-0.07886677831411362,-0.20369207337498665,-0.318832528591156,-0.1357913874089718,-0.055261023342609406,-0.006467907316982746,-1.055690512061119,-0.053886720538139345,-0.11853609532117844,0.1752962663769722,-0.2629984989762306,-0.38311971426010133,-0.13127024322748185,-0.42037519738078116,-0.7580030906945467,-0.5521474435925484,-0.5624433815479278,0.38825614135712383
-0.3892383247613907,-0.2931213729083538,-0.2867830365896225,-0.3183430828154087,-0.6308250695466995,-0.4052309889346361,0.05496604144573212,-0.4963672041893005,0.08285261704586447,-0.43664386570453645,-0.2657251089811325,-0.37712410278618336,-0.3518598213791847,-0.8732059590518475,-1.158218315243721,-0.23623617626726628,0.3093762472271919,0.36349038369953635,0.0203038077801466,-0.4089341973885894,-0.2253413528203964,0.08719850033521652,0.1723679259419441,-0.4915116518735886,-0.8628513991832734,0.568538623303175,-0.9599715739488601,-0.17526141703128814,-0.22480451166629792,-0.1080854058265686,-0.1765654630959034,-0.21233054473996163,-0.5424002349376679,-0.32174900397658346,-0.14543166905641555,-0.04298315215855837,-1.0209830731153489,-0.17933473587036133,-0.26711875945329666,0.06995380911976098,-0.08573154956102372,-0.1768907427787781,0.01896653026342392,-0.3848781920969486,-0.6333082962781191,-0.5244427159428596,-0.572856068611145,0.3778600363060832
-0.49528213739395144,-0.0831105463206768,-0.2947448827326298,-0.380123258382082,-0.7319805473089218,-0.3635402966290712,0.1893858104944229,-0.616286401450634,-0.06456279144622386,-0.5102951765060425,-0.5351200312376022,-0.5161027885973454,-0.30418940633535385,-1.016255921125412,-1.3027668863534927,-0.39727839566767215,0.5527119562029839,0.5493735898286104,0.31263791136443614,-0.2915107926353812,-0.2936450630426407,0.06017637997865677,0.14079724997282028,-0.4244467817246914,-1.1498671114444732,0.7336121231317521,-1.1414022743701935,-0.2852709501981735,-0.13641096651554108,-0.2365082561969757,-0.24651624336838723,-0.18989261761307716,-0.6415309906005859,-0.447798153758049,-0.31280684322118757,-0.025465049035847186,-1.1130883723497391,-0.23870625495910644,-0.24309593588113784,0.016517565585672855,0.05566616803407669,0.021278923749923705,0.1954806700348854,-0.27194657027721403,-0.5750769544392824,-0.45633312612771987,-0.5216718286275863,0.3868005720898509
-0.6960499942302704,-0.03432990238070488,-0.493148348480463,-0.5050893791019917,-0.8983781769871712,-0.3638513196259737,0.18548254072666168,-0.7545266941189765,-0.2576118527445942,-0.6280571632087231,-0.7992809385061264,-0.6685558684170246,-0.29137742668390276,-1.1339659869670868,-1.4377113789319993,-0.5435096800327301,0.7008069708943367,0.686038714647293,0.5407170008867979,-0.24758204203099013,-0.3979476898908615,-0.034512396156787875,0.13056377619504927,-0.4139039896428585,-1.4225628972053528,0.7021254569292068,-1.3792162597179414,-0.507923886179924,-0.23313289880752563,-0.4751402914524078,-0.4556642688810825,-0.28024120107293127,-0.7955414235591889,-0.5976686656475068,-0.410164849460125,-0.06169465333223343,-0.997541482001543,-0.30834469199180603,-0.165328530035913,-0.05170865263789892,0.08086224645376205,0.04147641956806183,0.21073806136846543,-0.29309189654886725,-0.6249830797314644,-0.48406028300523757,-0.5610181272029877,0.34096254613250493
-0.796968337893486,-0.135013460367918,-0.6386420078575611,-0.5383102096617222,-1.0256427124142646,-0.4001133181154728,0.08920306563377381,-0.8459301501512527,-0.4142523168120533,-0.7555298455059528,-0.9039582580327987,-0.7518676720559597,-0.23616319596767427,-1.15933358669281,-1.4807918876409532,-0.5705759286880493,0.7424313619732856,0.7655645549297333,0.6844137813895941,-0.19611465372145176,-0.4727229610085487,-0.10441987663507461,0.13671025186777114,-0.5950718246400356,-1.5635400533676147,0.49768431633710863,-1.4550326824188233,-0.6784545585513115,-0.4102966278791428,-0.6440610334277153,-0.6378063179552556,-0.46799217239022256,-0.9383005142211914,-0.6994284734129905,-0.6322138413786889,-0.1950318530201912,-1.1059870101511478,-0.39524843394756315,-0.17300178464502097,-0.14375372286885976,0.052799032628536226,-0.09064060747623444,0.07639174610376358,-0.3085563812404871,-0.7286444127559661,-0.5926243603229523,-0.7263622939586639,0.27351293321698905
-0.9066820472478867,-0.2609280817210674,-0.7482642747461796,-0.6313862919807434,-1.193660779297352,-0.5090526022017002,-0.036826823558658364,-0.9678097665309906,-0.5767867921385914,-0.8988990433514118,-0.9617019414901733,-0.8307837538421154,-0.24638642370700836,-1.2035003900527954,-1.4498795479536057,-0.6492368534207344,0.6771388456225396,0.7581758677959443,0.774928879365325,-0.1842189196497202,-0.5675316566601396,-0.23397911638021468,0.07356544584035873,-0.7680883787572383,-1.714667171239853,0.24991350024938583,-1.4757414400577544,-0.7735985055565834,-0.4722129464149475,-0.7778724297881127,-0.8314948417246342,-0.6917317606508732,-1.0961986780166626,-0.7511277168989181,-0.7038995638489723,-0.4462335899472237,-1.0424419797956943,-0.5249468654394149,-0.2462460147216916,-0.30656691547483206,0.025555811822414398,-0.23584345281124114,-0.0634630486369133,-0.46545042730867864,-0.7920664459466934,-0.7407056450843811,-0.8755818486213685,0.10750211235135794
-0.8638106048107147,-0.11855279505252839,-0.6116853512823581,-0.6168394237756729,-1.256412996351719,-0.5083939831703901,0.012751264963299036,-0.9789888441562653,-0.6773091897368431,-0.9168275624513627,-0.9473370999097824,-0.8031908579170703,-0.20954630821943282,-1.1763821065425872,-1.378342580795288,-0.7603641375899315,0.719253146648407,0.7838946729898453,0.9366434331983328,-0.07807991728186607,-0.5693247014656663,-0.31950444281101226,-0.02860543578863144,-0.8615510009229184,-1.7763845920562744,0.20422291308641433,-1.3377975046634674,-0.6667545959353447,-0.34645313322544097,-0.7688726529479026,-0.9079399436712265,-0.8231162339448929,-1.1163888096809387,-0.7986535608768464,-0.799236112087965,-0.603902418911457,-1.1588855691254139,-0.6511550277471543,-0.4012960957363248,-0.49534122701734307,0.16087108999490737,-0.12803957387804984,-0.03699511736631393,-0.3973169598728418,-0.6439468383789062,-0.6942733734846115,-0.9201736807823181,-0.0931782091036439
-0.8532918095588684,-0.009549868106842042,-0.48185359945055095,-0.6019771754741668,-1.3208547919988631,-0.5146781306713819,0.08209161022678017,-1.0978133141994477,-0.7398288279771805,-0.8480098225176335,-0.880008251965046,-0.7425672739744187,-0.20871126651763916,-0.8174525797367096,-1.2350170999765395,-0.9038925513625145,0.7906752286478878,0.8314338505268097,1.0350773330777883,0.07889718487858773,-0.5332924539223314,-0.36947616636753083,-0.1408018559217453,-0.7194165281951428,-1.7989081501960755,0.2233236089348793,-1.3958863139152526,-0.561400805413723,-0.15411047488451005,-0.6577008459717035,-0.8514943543821574,-0.8100292772054672,-1.1337805330753326,-0.9414224699139595,-0.8765786767005921,-0.6566269531846046,-1.1282951183617116,-0.8446348994970322,-0.500583984144032,-0.6664360677823424,0.31990696042776107,-0.018250446766614914,0.037837715446949007,-0.3445179257541895,-0.44540686085820197,-0.5582315847277641,-0.7977944523096084,-0.3123611891642213
