-0.808931189775467,1.6274830669164657,-0.90652682967484,-0.38419692516326903,-0.8130272477865219,0.20109428316354752,0.7936624228954315,-0.7594662830233574,-0.2158962793648243,0.31404465027153494,-1.4634578764438628,-0.5830792628228665,-0.8759226620197296,-1.2534035950899125,-0.6812804043292999,-0.8995806738734246,0.7903717286884785,1.0702559351921082,2.0760608077049256,1.7731328427791595,0.49503592238761485,-0.5076250702142715,0.1797474306076765,0.12135046422481537,-1.377893927693367,1.6268571764230728,-1.199484959244728,-0.13329221978783606,1.3102053970098495,0.06735035287565552,0.16394803449511527,0.4599726416170597,-1.0752000585198402,-0.08809316307306289,0.43930024802684786,0.24238163381814956,-0.8502997532486916,-0.08463427424430847,-0.05879006683826447,0.083370715752244,1.9232433080673217,1.9027446150779723,1.277003512531519,1.2062327053397894,1.1416104162111878,1.2091990113258362,0.12963476330041884,0.07926109060645103
-0.49372878670692444,1.697158271074295,-0.7479931447654963,-0.2512419492006302,-0.4772574156522751,0.2726718045771122,0.5973221093416214,-0.65542321652174,-0.10561766028404236,0.36827091239392756,-1.4045267581939698,-0.41406561359763144,-0.7770468469709157,-1.271297350525856,-0.42434130907058715,-0.5672293946146965,0.6788345988839865,0.9359300374984741,2.013191080093384,1.8421592235565185,0.607025837758556,-0.34758602678775785,0.06011865548789501,0.08119013309478759,-0.9502632230520248,1.3421366959810257,-1.1089748543221503,-0.0008588828146457672,1.2422973304986953,0.16709414529032074,0.22115657925605775,0.41096857413649557,-0.8043495252728462,-0.22436091750860215,0.31414899230003357,0.11739657372236252,-0.8026133432984353,-0.09378828406333924,-0.2052670106291771,-0.035503224655985835,1.8303537011146545,1.9517675697803498,1.1918493129312993,1.1198833864182234,1.084270703792572,1.225552437454462,0.12460716217756271,0.08768002912402154
-0.4073861658573151,1.6409298717975616,-0.693994264304638,-0.18548893928527832,-0.3675086200237274,0.20499892607331277,0.3735590070486069,-0.57709950953722,-0.10875407010316848,0.42631258331239225,-1.337956166267395,-0.2260793887078762,-0.6229143466800451,-1.364844861626625,-0.11382951736450195,-0.17717816084623336,0.6311010118573904,0.8594490945339203,1.8544389609247447,1.708210937771946,0.6067142971791327,-0.12584247887134553,0.03211857490241528,-0.02696942985057831,-0.6716170638799668,1.031511315703392,-1.0163637083489447,-0.11596398428082466,0.9267541259527207,0.24609419213957154,0.32524169981479645,0.33938474878668784,-0.6378725185990334,-0.3082078814506531,0.10065400004386901,-0.024214883148670197,-0.7222055226564408,-0.07158401310443878,-0.3013319060206413,-0.15582735352218152,1.393840742111206,1.7935818508267403,1.0830758725292982,1.004387503489852,0.9205782294273377,1.1793738014996051,0.028028245270252227,0.04718911573290825
-0.28569646924734116,1.4748658031225204,-0.5697075054049492,-0.08513727188110351,-0.12346024513244629,0.23077152594923972,0.24120060559362172,-0.5485063508152962,-0.0756999384611845,0.4308965686708689,-1.1558282390236854,-0.07117508798837661,-0.40701332353055475,-1.441175988316536,0.1280478537082672,0.1388911560177803,0.5686953093856573,0.7167614459991455,1.6172050897032022,1.5387299672700465,0.5773934162221849,0.040886101126670835,-0.07098457403481007,-0.16988883912563324,-0.35982144474983213,0.6763314813375473,-0.802025280566886,-0.24760018661618233,0.6627199143171311,0.2491988192719873,0.34571820199489595,0.26686612591147424,-0.6361664310097694,-0.5308779358863831,-0.22153194546699523,-0.28210647851228715,-0.8132771670818328,-0.25772365629673005,-0.4920161709189415,-0.3326369164511561,1.0558990120887757,1.6876575365662574,0.8658221517689526,1.0400766149163245,0.8699391290545464,1.074115139991045,-0.06351765245199203,-0.036276502162218095
-0.18347276896238326,1.07822328209877,-0.5178424105048179,-0.024229663610458373,-0.03169763684272766,0.08274840041995049,0.048386437259614466,-0.4575046643614769,-0.024779224023222923,0.443761757388711,-1.024596418440342,0.02162790298461914,-0.2752903487533331,-1.4112842828035355,0.3032327890396118,0.3683110848069191,0.4578945245593786,0.4726660966873169,1.2731476787477731,1.293393445108086,0.45365733867511154,0.10122590661048889,-0.22243492677807808,-0.4530377954244614,-0.052239006757736205,0.2025477856397629,-0.5251487654168159,-0.3764183379709721,0.3402815908193588,0.17246795477694832,0.21760887354612352,0.07494998201727868,-0.6232137620449066,-0.8171304941177369,-0.4154391348361969,-0.603270323574543,-0.741036570072174,-0.4381218045949936,-0.6879719197750092,-0.5186015455052256,0.529580295085907,1.3976162567734718,0.5658028398640453,0.7192815855145455,0.6907228156924248,0.91117555629462,-0.31740590184926987,-0.18321821615099906
-0.14426589757204056,0.7347171634435654,-0.4443361654877663,0.06013475805521011,0.06444113850593566,-0.02360413447022438,-0.07729915026575326,-0.5208344087004662,-0.0002572920173406601,0.42760689593851564,-0.9904217258095741,0.033760092221200466,-0.1717427011579275,-1.4795938283205032,0.4832455575466156,0.4932973384857178,0.3263195868581533,0.2357625424861908,0.9187556926161051,1.046266180370003,0.34084758525714276,0.13059615194797516,-0.4117759890854359,-0.6175647646188736,0.08771920800209046,-0.215589240193367,-0.43209307608194647,-0.5445964373648167,0.029469642043113708,0.0195683054625988,0.034622476994991304,-0.08784060254693031,-0.5909001260995865,-1.021704947948456,-0.7134639322757721,-0.8305890515446663,-0.8354767426848412,-0.6574160188436509,-0.972083693742752,-0.732471683435142,0.16858118176460266,1.0884482722729445,0.2821475331671536,0.5430951967835427,0.5216383930295706,0.7537840781733394,-0.5167264804244042,-0.37230572327971456
-0.020116810500621796,0.609361681342125,-0.2737838849425316,0.23568408638238908,0.2671684890985489,0.00923844650387764,-0.12303447965532541,-0.4669040530920029,0.06504556275904179,0.42013995386660097,-0.9209688618779183,0.1727874433621764,-0.07481318674981594,-1.4254136770963668,0.6896980762481689,0.6970856368541718,0.17953786812722683,0.04789927303791046,0.705103212967515,0.8546116800047457,0.3169967672787607,0.17000933438539506,-0.6128997273743153,-0.5991046667098999,0.14174345135688782,-0.45495858788490295,-0.37365016755647956,-0.6827023006975651,-0.2448922097682953,-0.11249700859189034,-0.11467789560556411,-0.15762557163834573,-0.44203696846961976,-0.9791278660297393,-0.8903415262699127,-0.8812992602586747,-0.8735612854361534,-0.8303322970867157,-1.1946178138256074,-0.8973894027993083,-0.0068135768175125126,0.8758821349591017,0.027844976354390382,0.3690511122345924,0.34702550135552884,0.5974234519526362,-0.5452700451016426,-0.5711438797414303
0.16378218680620193,0.6985170483589173,-0.019385306537151335,0.4215679198503494,0.47076519429683683,-0.00395953431725502,-0.05971581283956766,-0.38153303861618043,0.10143032334744931,0.4179180596023798,-0.8799825444817543,0.3366810595616698,0.04654385410249233,-1.491762489080429,0.7797954021487385,0.8624855369329453,0.2144759949296713,0.0012983784079551696,0.538742995634675,0.6698185720480978,0.3309137031901628,0.31060153543949126,-0.7731142707169056,-0.5350430369377136,0.42915104031562806,-0.6161762371659278,-0.16420121607370675,-0.5823838092386723,-0.22547524571418762,-0.12876173481345177,-0.16575051546096803,-0.14019969776272773,-0.2638957530260086,-0.8852933391928672,-1.0330640360713006,-0.8424480229616165,-1.0309308603405953,-1.0457878589630127,-1.3482299417257309,-0.9433448016643524,-0.10092386901378632,0.6015464012511075,-0.0072839799337089065,0.37037167102098467,0.19704062007367612,0.46980728190392257,-0.49658152610063555,-0.7058085940778256
0.31489272862672807,0.6107126392424107,0.16172479540109636,0.4548898607492447,0.6433309465646744,0.024189075082540513,0.04829240795224905,-0.2848465919494629,0.1393226396292448,0.4004815869033337,-0.7154427289962768,0.524190447293222,0.16428684405982494,-1.3902968645095826,0.8530964149627834,0.9310731828212738,0.22776067368686198,-0.1264527276158333,0.28465387262403963,0.4555995942093432,0.30160173927433787,0.3447238504886627,-0.9751432426273823,-0.5341288089752197,0.6447257459163666,-0.736114276945591,0.06223377170972526,-0.5362576574087143,-0.22578184902668,-0.13597881719470023,-0.29163470566272737,-0.18948677703738212,-0.12290075793862343,-0.7312246724963188,-1.1909277960658073,-0.853776153922081,-0.8603982225060463,-1.1151825606822967,-1.3669735729694366,-0.9607172474265099,-0.22147365510463715,0.38635425018146635,-0.10468463031575084,0.27132957726716994,0.05383772812783718,0.30760285165160894,-0.5652472034096718,-0.7919413529336452
0.31259218901395797,0.5130074180662632,0.22968436777591705,0.34045054018497467,0.6691532522439957,-0.08189081475138664,0.16500290092080833,-0.3508776262402534,0.15534932725131512,0.37082477994263174,-0.629472422786057,0.5827978214249014,0.21016721837222577,-1.3117849349975585,0.8228950841818005,0.9699204280972481,0.2942010920494795,-0.2464166447520256,-0.025430523976683616,0.21925039300695062,0.1978965834248811,0.32281532809138297,-1.092941377311945,-0.46831974387168884,0.727024707198143,-0.7197931125760079,0.13136052670888604,-0.535747155547142,-0.31996583081781865,-0.17400671765208245,-0.3887727349996567,-0.23113174885511398,-0.1227209709584713,-0.6524469926953316,-1.0521179184317588,-0.7974249452352524,-0.7199691966176033,-1.0465047657489777,-1.287538319826126,-0.8570705637335777,-0.3620825260877609,0.30211111353710296,-0.23941465346142649,0.21934908181428908,-0.0053451452404260635,0.14206881430000068,-0.5077258184552192,-0.7901246719062328
0.3465503558516502,0.3776956357061863,0.351917764544487,0.3401485711336136,0.6991307824850083,-0.13960853591561317,0.4006707614287734,-0.272411946952343,0.14388950280845164,0.27810174115002156,-0.44981116373091934,0.5877201160416007,0.16585843116045,-1.2003869712352753,0.7717275871429592,0.9069445267319679,0.37934685237705706,-0.33585821092128754,-0.3141626473516226,-0.02813733210787177,0.09604869042523205,0.28042841479182246,-1.156213355064392,-0.46137412786483767,1.0187309771776198,-0.6140376076102256,0.346848403243348,-0.3705534219741821,-0.24450013972818851,-0.14507238194346428,-0.4743876367807388,-0.289127816259861,-0.07399453073740006,-0.7746082976460457,-0.8964043751358985,-0.7633697651326656,-0.8313170745968819,-1.182657453417778,-1.1310218090191484,-0.6904062792658806,-0.5004269570112229,0.0946505312807858,-0.36239234609529375,0.05604971796274185,-0.10694398023188115,0.0010525336489081382,-0.5756097286939621,-0.7170699924230576
0.37843283265829086,0.23955625370144845,0.44828547090291976,0.2576091706752777,0.6597959250211716,-0.1823061764240265,0.49463001247495414,-0.16467143446207047,0.11288713254034519,0.22801593355834485,-0.21926138121634722,0.6280870100483298,0.16990472413599492,-1.0729729264974595,0.5854955135378986,0.777573724091053,0.42981147170066836,-0.4197324365377426,-0.5147482987493277,-0.3130523978732526,-0.03931986237876117,0.16502296850085257,-1.1386238276958465,-0.5650044947862625,1.149164804816246,-0.5065975114703178,0.3624396756291389,-0.1860099971294403,-0.07454697228968143,-0.08199094459414483,-0.570033872127533,-0.3905696332454681,-0.17490754872560502,-0.6989523723721505,-0.6926400557160377,-0.7365311555564403,-0.612708231806755,-1.1237436085939407,-0.9373658651486039,-0.45658029764890673,-0.46487575173377993,0.16676741736009718,-0.41598194045946,0.06445810347795486,-0.03772648759186268,-0.03391885627061129,-0.7938147902488708,-0.6082988202571868
0.4394355043768883,0.05286991074681282,0.5426900610327721,0.22881188094615937,0.6630071550607681,-0.17143075317144393,0.6129750644788146,-0.18977399319410324,0.025902587547898294,0.09210084788501263,-0.028461203165352344,0.7109497150406241,0.13908894993364812,-0.9071698591113091,0.5363051115069538,0.6891667917370796,0.4721705555915833,-0.4292260676622391,-0.5855032682418824,-0.3903029546141624,0.04330744682811201,0.17018670961260796,-1.005484625697136,-0.5864447772502899,1.3948566526174546,-0.44871184080839155,0.4674679830670357,0.07724249958992005,0.15453566573560237,0.13216925635933877,-0.5820566684007644,-0.41959054172039034,-0.17403314858675004,-0.6000604048371315,-0.4482674852013588,-0.6255489729344845,-0.7400930240750313,-1.1590946316719055,-0.7838387930765748,-0.1730329915881157,-0.4675654351711273,0.2313913439400494,-0.4243256114423275,-0.0017406225204467773,0.0625667404383421,-0.08359807897359132,-0.8458552896976471,-0.3577768623828888
0.6134722381830215,0.027895499020814896,0.7045389041304588,0.293287518620491,0.6602962344884873,-0.18107970356941222,0.8080201596021652,0.025007976591587065,0.003584843873977661,0.010599834099411964,0.19239241313189268,0.8693595184013247,0.10615813918411732,-0.839872507750988,0.5350354848895222,0.5991660669445992,0.5808782011270524,-0.3328263908624649,-0.524190012877807,-0.4054397538304329,0.1768249475862831,0.27668632194399834,-0.7697343617677689,-0.5747073262929916,1.7000727236270905,-0.29577533453702926,0.7257434740662575,0.5224494993686676,0.6065587427467107,0.5131231643259525,-0.45060881078243253,-0.42330172657966614,0.006472797691822052,-0.4307911053299904,-0.1286960020661354,-0.4625742219388485,-0.9740945503115654,-1.1329786479473114,-0.5992472091689706,0.1691647246479988,-0.4736147165298462,0.1762050841934979,-0.25335487350821495,-0.15256856083869935,0.06603319682180882,-0.04807752165943384,-0.8880340347066522,-0.04820961356163025
0.7049435466527939,0.17480963841080666,0.8578422829508782,0.26525373160839083,0.653773871064186,-0.1568091508001089,0.8856303870677948,0.21431512087583543,-0.034703030809760095,-0.08323926888406277,0.44887050818651913,1.0455563304945827,0.21177026219666004,-0.710727934539318,0.5460941849742085,0.5518998578190804,0.7167386382818222,-0.21644947826862335,-0.42468121177516877,-0.4233934968709946,0.3181750142481178,0.4071146689355373,-0.4828012853860855,-0.40376482605934144,1.877041643857956,-0.06600665301084518,0.9484958365559578,0.8113203704357147,0.8608541037887335,0.8371564008295536,-0.25918557345867155,-0.3325108528137207,0.04874238669872284,-0.25590594559907914,0.05801074355840683,-0.2122448466718197,-0.8416833624243736,-0.9922248125076294,-0.2896156469359994,0.44732089787721635,-0.32372228652238844,0.38544338690117,-0.1525965414941311,-0.10348341763019561,0.16769130565226079,-0.0338106706738472,-0.7705552646890282,0.28327506184577944
0.9143547892570496,0.2527139313519001,1.1387790635228157,0.3970757439732552,0.7669544845819474,-0.06632407568395138,1.0625390261411667,0.2795721858739853,-0.14503215216100215,-0.19991047643125057,0.7865206403657794,1.2802402317523955,0.284110738709569,-0.6247600540518761,0.5990144728217274,0.6691105216741562,0.9720886766910553,-0.04042551219463349,-0.24967686659656466,-0.3996101915836334,0.5219817125704139,0.5969132296741009,-0.1749746948480606,-0.24556913375854492,2.2471695125102995,0.10593446046113968,1.1034386590123177,1.2001279056072236,1.1809684779495,1.2217000342905522,0.006120827794075012,-0.11934488415718078,0.05415790975093841,-0.34514761716127396,0.34652139991521835,-0.004622890800237656,-0.8435764119029046,-0.7652817606925965,0.054569311998784543,0.7740578010678292,-0.33494932800531385,0.49951202953234314,0.10810237005352974,-0.10166713297367096,0.2825182519853115,-0.031865134835243225,-0.6016483375802636,0.6184802949428558
1.0300324231386184,0.24791740253567696,1.2867341920733453,0.34968674965202806,0.7015574902296067,-0.08837809078395367,1.1866562515497208,0.3253387615084648,-0.25190956331789494,-0.2888812940567732,1.0552150947973131,1.327442580461502,0.3423074621707201,-0.4147136971354485,0.5458645625505596,0.6846482902765274,1.2074281394481658,0.011717100441455842,-0.20800950056873263,-0.4845708131790161,0.5201855042483657,0.6497672535479069,0.028384491801261902,-0.0719403713941574,2.5202839255332945,0.23878716081380844,1.2396852865815162,1.53825124502182,1.4289727028459311,1.56164728179574,0.19155194461345673,0.06566676497459412,0.096863055229187,-0.23689365535974502,0.4252827301621437,0.16027721539139747,-0.6482489287853241,-0.5014816045761108,0.3623422345146537,0.9733129158616066,-0.47152240127325057,0.5284824260510504,0.32867244109511373,-0.20980785191059112,0.30961581096053126,-0.058385825157165526,-0.519898740388453,0.888181847333908
1.0552400082349778,0.18317220881581306,1.3385571107268333,0.3215514164417982,0.6009944200515747,-0.09447348229587078,1.276775559782982,0.27827760968357323,-0.2951599661260843,-0.35791614670306443,1.34076639842242,1.3117836952209472,0.31353449784219267,-0.3517001584172249,0.6034751817584038,0.7913447380065918,1.3139325082302094,-0.010518702864646911,-0.18564014262519776,-0.5518817253410816,0.5213386790826917,0.6809530459344387,0.20866639018058777,0.21498648226261138,2.629734122753143,0.40708704590797423,1.2558251276612282,1.759024727344513,1.4876127060502768,1.7877889715135098,0.44995532333850863,0.3217430800199509,0.24148145616054534,-0.14116934835910797,0.5126488506793976,0.3633401311933994,-0.8031951516866684,-0.3370842128992081,0.5905222376808524,1.1900410428643227,-0.6073441848158836,0.6528022930026054,0.49348304122686387,-0.1991148203611374,0.3740059070289135,-0.038324853777885436,-0.23615153227001429,1.1591092109680177
1.0713371068239212,0.2710352689027786,1.3917559668421746,0.36676670126616956,0.4735022157430649,-0.20183177702128888,1.304605743288994,0.4183425048366189,-0.2611684639006853,-0.3325497543439269,1.5546037582680583,1.2314543530344964,0.2611407171934843,-0.3213236466050148,0.6519914090633392,0.844391655921936,1.3389205366373063,-0.06391662061214447,-0.19871208793483675,-0.6518218785524368,0.4196702795103192,0.6761885244399309,0.26078941226005553,0.5238833576440811,2.7790059804916383,0.5868967473506927,1.3987218573689462,2.020740383863449,1.8046414013952017,2.069889265298843,0.729746612906456,0.5889354258775711,0.359057430177927,-0.0740226149559021,0.7185201823711396,0.5382965721189976,-0.7855720847845078,-0.1644771635532379,0.7097010871395468,1.2569744348526002,-0.71927380412817,0.5614805355668068,0.5284813106060028,-0.143484166264534,0.4042569361627102,0.06579378917813301,0.10295264329761267,1.3491630554199219
1.0427381187677383,0.2646534189581871,1.4597766041755675,0.45840555541217326,0.3537154674530029,-0.16084507070481777,1.3418526232242585,0.4680654862895608,-0.11371856518089771,-0.18425100203603506,1.6632662147283555,1.1660906955599786,0.22446766905486584,-0.42443040758371353,0.6257095716893672,0.8670654177665711,1.3193161381408571,-0.11850936114788055,-0.191314156120643,-0.6645287960767746,0.34887681175023316,0.7205321785062552,0.30368473529815676,0.8023507326841355,2.838841807842255,0.7622025579214096,1.4289888754487037,2.2480939626693726,2.076309394836426,2.260129189491272,0.9957282334566117,0.8740251183509826,0.3484108425676823,-0.172798290848732,0.6337495766580105,0.7216437317430973,-0.8033537834882736,-0.1460919827222824,0.7788161715492606,1.3120734572410584,-0.771417360007763,0.5725463762879371,0.5322245985269547,-0.1355345293879509,0.5225525133311748,0.23195747807621955,0.4263699552044272,1.5053793907165527
1.0068913727998734,0.2720132276415825,1.4548074722290039,0.4616728138178587,0.20546234250068665,-0.06976703070104122,1.32711860537529,0.32909765038639305,0.022626839205622674,0.01248870138078928,1.6416785895824433,1.0737243011593818,0.17215752080082894,-0.47138621360063554,0.6088742062449455,0.9033109247684479,1.2438991009024902,-0.2280655786395073,-0.09196289307437837,-0.5920521512627601,0.30489251771941783,0.7052837904542685,0.3210773766040802,0.951577216386795,2.72650660276413,0.9566789627075195,1.1329997792840003,2.3135666251182556,2.117999768257141,2.2878155589103697,1.1893092662096023,1.085275137424469,0.27974978387355803,-0.10651294291019439,0.6731015734374524,0.8275946944952011,-0.8400705069303512,0.0458062544465065,0.8262191936373711,1.339873880147934,-0.691262635588646,0.8208053722977638,0.7930100113153458,0.054176326096057895,0.7076204292476177,0.491410655528307,0.6456799468025565,1.568297839164734
0.918039271235466,0.47792963236570357,1.4101479589939117,0.42287424616515634,0.046128702163696286,0.00749211348593235,1.3075315415859223,0.2689666757360101,0.20638567321002482,0.2069953942671418,1.5055564552545548,0.9352296724915504,0.1347967877984047,-0.6157315418124198,0.6069304555654526,0.8254397869110107,1.1549188970355317,-0.2980943724513054,0.026415358716621994,-0.469732828438282,0.26846986869350076,0.6798568893224001,0.3685912750661373,1.1070187270641327,2.640760862827301,1.1969508111476899,1.1426575154066085,2.371184158325195,2.2309058904647827,2.3198856115341187,1.3276238560676574,1.28627707362175,0.3200521498918533,-0.12335591614246369,0.5434609077870846,0.8909735709428788,-0.9554405108094215,0.08536778241395951,0.790432958304882,1.309859836101532,-0.6434302628040314,0.8938928216695785,1.0494355350732802,0.2634811833500862,0.8441327311098575,0.7638634093105793,0.9391619166359305,1.6157061815261842
0.7638104766607284,0.5777240455150604,1.2797307655215264,0.317858250066638,-0.03373989760875702,0.1257979352027178,1.2399979770183562,0.24926610346883535,0.43742833845317364,0.45758509282022714,1.3955797612667085,0.7888370260596276,0.13797426372766494,-0.7932485789060593,0.3860344260931015,0.6237849414348602,1.0050368307856843,-0.4326812788844109,0.10287421443499625,-0.34513322860002515,0.15775391021743418,0.511285786703229,0.30795514211058617,1.1137532904744147,2.310563625395298,1.3902475357055664,0.7989102452993393,2.2154952704906465,2.21570246219635,2.183135634660721,1.3393416821956634,1.3801541477441788,0.11603634059429169,-0.29733315408229827,0.4482588641345501,0.9029347240924835,-0.9267250791192054,0.052625198662281034,0.7957397535443306,1.2157661288976669,-0.5185956850647926,1.0445785373449326,1.249960894882679,0.4114493623375893,1.0111027367413044,1.05562799051404,1.0552703907713294,1.600913906097412
0.4856415957212448,0.6098257407546044,1.082475271448493,0.09524021856486797,-0.08428910374641418,0.294522400572896,1.0950302064418793,0.12832732256501914,0.6117111157625914,0.7161099219694733,1.1853120174258946,0.5790976211428642,0.20817491710186004,-0.7092805117368698,0.14173711836338043,0.46460514664649966,0.8590389950899407,-0.5308266058564186,0.163246738165617,-0.17813918143510818,0.028197929356247188,0.2721492815762758,0.27184983715415,1.1154938533902168,1.9556213308125734,1.513435697555542,0.4869133919477463,1.931267613172531,2.01231207549572,1.863873726129532,1.2224146097898483,1.3613570608198642,0.00632859468460083,-0.525765547156334,0.3631489954888821,0.9185639083385467,-0.6868157491087914,0.11900769770145417,0.8397761195898056,1.125132206082344,-0.38821965306997297,1.277116957306862,1.394943816959858,0.6774984732270241,1.2274771004915237,1.3290484994649887,1.0619560938328505,1.539253544807434
0.25503446757793424,0.6534439787268639,0.941427930817008,0.03796668443828821,0.014714938402175904,0.5036908015608788,1.0857398688793183,0.0010244077071547507,0.7600405968725681,0.9464937591925263,1.0227272387593984,0.4187386378645897,0.22218872010707855,-0.84694764316082,-0.06034397184848785,0.3719037942588329,0.7111063762335107,-0.5608966901898385,0.24947040304541587,0.11107619553804397,-0.0387522547505796,0.10471448190510273,0.2842536948621273,1.10655228048563,1.7804616022855044,1.5858360886573792,0.07811914384365082,1.794775700569153,2.0117161840200426,1.5873021334409714,1.0581475228071213,1.2615844644606113,0.007904615998268128,-0.715052917599678,0.3681862734258175,0.9072242736816406,-0.8697819098830223,0.1951192706823349,0.8512450903654099,1.0944924026727676,-0.233598592877388,1.2818252712488174,1.5630473747849465,0.9836005732417107,1.4649367451667785,1.6175044119358062,1.1139378946274519,1.478568196296692
-0.014584067463874816,0.7627789005637169,0.7873157348483801,-0.10948184039443731,0.04998151659965515,0.7223997727036476,0.882624626159668,0.19957477357238532,0.9438851691782475,1.2010872775688768,0.879568612203002,0.22454172223806382,0.3118920296430588,-0.7634580209851265,-0.2641878455877304,0.19399890527129174,0.4697745873359963,-0.5885009840130806,0.2518011473119259,0.3679062590003014,-0.11681732228025794,-0.12405839078128338,0.27792425379157065,1.0463284105062485,1.4820352721959353,1.5910749197006226,-0.14994302690029143,1.584837305545807,1.8152623176574707,1.2090597122907638,0.7885200828313828,0.9412735737860203,0.021615520119667053,-0.6667286306619644,0.2885713718831539,0.8796417534351348,-0.666169111430645,0.24567566812038422,0.8199119061231613,0.995545294880867,0.00691201388835907,1.2851092249155045,1.4912840738892554,1.139063535630703,1.4575070142745972,1.7981933265924455,1.0214064221829176,1.3629109978675842
-0.24211787283420563,0.7364351257681847,0.7070172097533941,-0.07458735946565867,0.2386523514986038,1.035693147778511,0.6916613079607487,0.23693966176360845,1.1399745747447014,1.3558655152097345,0.7685450788587331,0.16980190724134445,0.47515626847743986,-1.02537250071764,-0.20087475329637527,0.13522242605686188,0.2143883569864556,-0.5439464122056961,0.2931155227124691,0.7143383517861366,0.04368540653958917,-0.2363894682377577,0.35373555645346644,0.9513638645410538,1.1787840569391848,1.4922044396400451,-0.4265542358160019,1.3678235113620758,1.5282360181212424,0.7180838793516159,0.5079550117254257,0.6729582704603672,-0.12052594125270844,-0.8101938515901566,0.2130280964076519,0.7620678722858429,-0.68395832804963,0.19049626886844634,0.7944390505552292,0.9100072652101516,0.26553734838962556,1.2174048393964767,1.3526817098259927,1.3253018125891685,1.442590457201004,1.8530381500720978,0.9707049909979105,1.2672884106636046
-0.3845086365938187,0.7576724931597709,0.6709449376910925,-0.016548398323357104,0.46238225102424624,1.3448807388544082,0.5336953498423099,0.39668920300900934,1.402370062470436,1.5966234534978867,0.7114988680928945,0.2598967179656029,0.7358735978603363,-1.0365765318274498,-0.15623969584703445,0.04746264815330505,-0.020978208002634346,-0.539277759194374,0.2280112884938717,1.0647801771759986,0.22754844864830376,-0.4074519794434309,0.3884380631148815,0.7568125281715765,0.9906650388613343,1.3459531173110009,-0.695772859454155,1.1250771969556808,1.3125185897573828,0.2847676366567612,0.10188213288784027,0.36567494049668314,-0.18293472826480867,-0.9930428117513657,0.06888665482401848,0.5967833757400512,-0.5533877315931022,0.31779604554176333,0.7927522033452987,0.7193863064050674,0.5249261230230331,1.1093030601739884,1.1978111371397973,1.3845486089587211,1.3754305601119996,1.8790063858032227,0.7343798521906137,1.062178960070014
-0.5289723068475723,0.7146570757031441,0.6053175296634435,-0.020464313216507435,0.6764298170804978,1.6986188679933547,0.41875937953591347,0.4912613298743963,1.6528708219528199,1.8321407794952393,0.6099549885839224,0.3855995714664459,1.0378751456737518,-1.0425774410367012,-0.14531230181455612,0.02826957106590271,-0.1622707025380805,-0.4848537355661392,0.16261781379580498,1.3489476576447488,0.4330904587171972,-0.555133018642664,0.49231930300593374,0.5409247908974066,0.7780303621664644,1.2337548486888408,-0.951030108332634,0.8658954292535782,0.9898294201120734,-0.15193783342838288,-0.31064496338367464,0.09507143273949623,-0.283181893825531,-1.0669132381677628,-0.09977573826909066,0.4314347505569458,-0.5798754575662315,0.385699525475502,0.7873591989278793,0.6115127474069595,0.7136543601751327,1.0683395206928252,1.1297083169221878,1.5962818011641502,1.2339145123958588,1.8515958726406097,0.510184908285737,0.8381811644881964
-0.6096465170383454,0.7544278845191001,0.5118024689145386,-0.043963358737528324,0.8897028803825379,1.9765942066907882,0.31475364342331885,0.759328481182456,1.8103366494178772,1.9636337637901307,0.5854081746190787,0.5600782871246338,1.383712601661682,-0.8727513968944549,-0.15683481171727182,-0.11963182091712951,-0.2514064221875742,-0.46630615293979644,0.11746125146746636,1.535246916115284,0.5875888570211828,-0.7879293031990529,0.5549723893404007,0.2885341409826651,0.5320265794172883,1.0613832883536816,-1.211465910077095,0.5633710965514183,0.6974445467814803,-0.6349834114313125,-0.783067038655281,-0.2404664598405361,-0.1608903408050537,-1.0596020728349687,-0.3002210229635239,0.2390771836042404,-0.5402083518914879,0.44818070232868196,0.8191174238920211,0.4464224189519882,1.0089802354574204,1.04316703081131,1.0973922073841096,1.6761366605758667,1.0979658886790276,1.7673930108547211,0.21584033407270908,0.6108400460332633
-0.7539656758308411,0.7930699214339256,0.32402559341862797,-0.15719266925007105,1.1420548975467681,2.230859640240669,0.16697345152497292,1.0257823254913092,1.9867220401763916,2.107547068595886,0.6479191418737174,0.6901527374982834,1.6556198835372924,-0.7507877793163061,-0.2747213542461395,-0.21511774361133576,-0.3579516127705574,-0.46920224726200105,-0.033459759503602984,1.590095227956772,0.5609874323010444,-1.0938622243702412,0.5401870995759964,0.16929115357343108,0.29301806930452584,0.893022283166647,-1.3480246812105179,0.31900992542505263,0.4557465916499496,-1.0958721190690994,-1.2439759761095046,-0.5473217330873013,0.007822638750076294,-1.0738057762384414,-0.5213840395212174,0.03222258388996124,-0.3886802705936134,0.4570371210575104,0.8464201807975769,0.26835075914859774,1.201887585222721,0.8648371577262879,0.8174932897090912,1.7511720299720763,0.9261286422610283,1.6230764269828797,0.02990640439093113,0.405486660823226
-0.8525872647762298,0.6905598625540733,0.21229463638737797,-0.17321815583854913,1.4627793908119202,2.542305862903595,0.11438187323510647,1.1076237734407186,2.0783403277397157,2.198896658420563,0.7648808028548956,0.8349987417459488,1.8202140003442764,-0.6433852698653937,-0.23860423192381858,-0.27780905067920686,-0.44236462861299514,-0.551199808716774,-0.18395773842930793,1.6398725524544715,0.5535427525639534,-1.3673133552074432,0.4631566233932972,0.09013422767166049,0.06006757263094187,0.6728683955967426,-1.6528253138065339,0.1610498782247305,0.20198615845292806,-1.5996890097856522,-1.6216554671525956,-0.7883105240762234,0.13005438446998596,-1.1556620627641678,-0.6702723026275634,-0.14666565358638764,-0.4869778248481452,0.45316903591156005,0.8207522064447403,0.1151576966047287,1.406282974779606,0.7052274882793427,0.5533282220363617,1.7748562335968017,0.7473109647631645,1.378645708784461,-0.09498972427099943,0.22456148229539394
-0.9238054394721985,0.6730155371129513,0.1103826698847115,-0.19006787035614253,1.6380504280328751,2.5761221647262573,0.02978321723639965,1.3031749367713927,2.1178908944129944,2.229975175857544,0.7931499239057302,0.9602212250232697,1.916760927438736,-0.47240395806729796,-0.2181911550462246,-0.307401642203331,-0.5177411273121834,-0.679851308465004,-0.3712476283311844,1.4700204864144326,0.4496183380484581,-1.5996504724025726,0.40090073123574255,-0.0042071770643815395,0.09440157506614924,0.43234231546521185,-1.535475355386734,0.15050514210015536,0.054447982273995874,-1.859361407160759,-1.924149826169014,-1.0164390347898007,0.3994536817073822,-1.2459294706583024,-0.8041385382413864,-0.3103719919919968,-0.45579511849209664,0.4393346726894379,0.7196962088346481,-0.023404628038406372,1.5307727307081223,0.3810726523399353,0.3100037217140198,1.7005200266838074,0.42294915169477465,1.0871869321912526,-0.24444247614592313,0.041875242814421655
-0.9576919198036193,0.5943935461342335,0.02523349681869149,-0.15521417949348687,1.7555220246315002,2.5206207394599915,-0.05836575515568256,1.3747076004743577,2.0179748594760896,2.0976077765226364,0.8597178906202316,0.9786885708570481,1.883651900291443,-0.5581990148872137,-0.25631226524710654,-0.3400459080934525,-0.6396969974040985,-0.8691285252571106,-0.6151206582784653,1.2070268407464027,0.3378558546304703,-1.7318154990673065,0.27276714220643045,-0.014860316715203225,0.08562844153493643,0.09971630647778511,-1.5817669212818146,0.13835126627236605,-0.09098761025816202,-2.013714787364006,-2.0577728390693664,-1.1135180354118348,0.4135470390319824,-1.372057643532753,-0.8134195551276207,-0.4360681027173996,-0.48974772123619914,0.3308699056506157,0.6152862042188645,-0.14192548394203186,1.5154574811458588,0.08239600658416749,0.010869717597961426,1.527479051053524,0.08945552557706833,0.7020762320607901,-0.23462089542299508,-0.09601258672773838
-1.0477664828300477,0.2701658673584461,-0.13415568312630058,-0.21903278008103372,1.6025959588587284,2.2755810230970384,-0.21959991343319415,1.3414371702820063,1.8808087084442378,1.8611130893230439,0.8753737807273865,0.8600624352693558,1.7299815624952317,-0.5371716644614934,-0.4017053209245205,-0.4886198066174984,-0.8044435739517212,-1.08742156624794,-0.8469762891530991,0.789710308611393,0.18011835515499114,-1.8415711224079132,0.09795115068554879,-0.06769800891634077,-0.09156450275331736,-0.1774754159152508,-1.6345442712306977,-0.08823491465300322,-0.44588562194257975,-2.081911730766296,-2.08158460855484,-1.1074164807796478,0.23490731418132782,-1.3024196416139602,-0.9230409130454064,-0.5105332776904106,-0.38659146754071116,0.19499294310808182,0.44235704839229584,-0.24425435513257981,1.2151226937770843,-0.2148100256919861,-0.31729069352149963,1.1773285195231438,-0.33135008364915847,0.2590367075055838,-0.3214685657992959,-0.2237528834491968
-1.05678334236145,-0.03137373253703117,-0.31448110183700917,-0.23777439668774605,1.557826755195856,1.9893253922462464,-0.2660545948892832,1.0992368940263986,1.7213765744119882,1.543817937374115,0.8561944901943207,0.7730307698249816,1.5678894609212874,-0.6006021719425917,-0.4382499359548092,-0.5365809254348278,-0.9150470823049546,-1.277042454481125,-0.989993366599083,0.44864140301942823,0.07019622921943665,-1.8105915307998657,0.00500950887799263,-0.061329745850525794,-0.2199352854862809,-0.36847367212176324,-1.6727523803710938,-0.2834738386794925,-0.5652099931612611,-1.9863229513168335,-1.9474186241626739,-0.8626996159553528,0.12546814382076263,-1.3083151012659073,-0.8833626374602318,-0.525896255671978,-0.6854584190063179,0.02061368227005005,0.32755029797554014,-0.27042113393545153,0.9709182202816009,-0.4653277635574341,-0.5699759423732758,0.8570338770747185,-0.5795376852154732,-0.08044663704931736,-0.17007406149059534,-0.26213699020445347
-0.9610040485858917,-0.10608000680804253,-0.42182954540476203,-0.17966850772500037,1.540939960628748,1.7370497226715087,-0.20371524505317212,0.9793824929744005,1.4377594474703073,1.2746848225593568,0.8876554667949677,0.6522095978260041,1.3401334285736084,-0.5593134503811598,-0.5630913339555264,-0.6017964363098145,-0.8883651897311211,-1.3562385439872742,-1.0310020178556443,0.15882048085331918,-0.04478035569190979,-1.6736014842987061,0.026417184621095657,-0.029115783772431313,-0.12614265978336334,-0.5237432233989239,-1.5710518121719361,-0.31121128629893063,-0.563701237924397,-1.6790577054023743,-1.6913698256015777,-0.6155340194702148,0.23204897344112396,-1.279344567656517,-0.7050715610384941,-0.435217396914959,-0.7708486795425415,-0.014823353290557862,0.30889145731925965,-0.15756252855062486,0.8927440345287323,-0.602599847316742,-0.6699151188135147,0.80693768709898,-0.6774662360548973,-0.3080056730657816,-0.012019342370331287,-0.22373332418501377
-0.9094258114695549,-0.10268326923251152,-0.5362373947165906,-0.19958693459630011,1.358351082354784,1.3650027692317963,-0.14947503320872785,0.8542565334588289,1.0788815978914499,0.9286215662956238,0.737700742483139,0.39960442781448363,1.0451756834983825,-0.6036329608410597,-0.6704134915024043,-0.6453005746006966,-0.8363035045564174,-1.3117192290723323,-0.9625239312648773,-0.2144914261996746,-0.25749763548374177,-1.506376278400421,0.09596004560589791,0.007482185959815979,-0.08692915737628937,-0.5903736092150211,-1.2474554061889649,-0.33477951791137456,-0.5741826511919499,-1.3859156847000123,-1.4289281010627746,-0.4131934642791748,0.21037207543849945,-1.1867949113249778,-0.4973569557070732,-0.3535876050591469,-0.7729265511035919,-0.06827152967453003,0.27428015470504763,-0.058690784871578215,0.6843221247196197,-0.7601436078548431,-0.6979321040213108,0.6525976926088333,-0.8765794798731804,-0.4775361005216837,0.11481582503765822,-0.15608406960964202
-0.8946208998560905,-0.16822253689169883,-0.6083849160932004,-0.19927797392010688,1.1962425626814366,1.0518628925085067,-0.09515838138759136,0.6391296554356813,0.7124070290476083,0.5168150424957275,0.6377402909100056,0.17364386320114136,0.7502628326416015,-0.7207505356520414,-0.692676431313157,-0.5915645852684974,-0.7500803148373961,-1.1858318112790585,-0.7932228922843934,-0.4089297465980053,-0.40821899473667145,-1.2773692190647126,0.26800028160214423,0.1835937649011612,-0.10052080154418945,-0.7048394545912743,-1.1251117557287216,-0.4514020850881934,-0.6437746055424214,-1.168757474422455,-1.1130209863185883,-0.2065472424030304,0.16461074203252793,-1.1530055321753025,-0.303425757586956,-0.1888662353157997,-0.7735156714916229,-0.09700198173522949,0.2996595919132233,0.0772253468632698,0.5208611488342285,-0.750143951177597,-0.6473678767681121,0.3631203144788742,-0.8605159863829612,-0.5936378482729197,0.3479962168261409,-0.008561822772026061
-0.9545417949557304,-0.29616129472851754,-0.6802207693457604,-0.2557907998561859,0.9456104137003422,0.6192856043577194,-0.06751043773256242,0.3049832034856081,0.32299480475485326,0.17231191396713258,0.48157328441739083,-0.1151620864868164,0.4312835693359375,-0.7584682550281286,-0.7201791737228632,-0.49871426820755005,-0.6580586144700646,-1.0207726947963238,-0.5759156286716461,-0.5892326228320599,-0.613060685992241,-1.0445907145738602,0.4095063298940659,0.23023361563682557,-0.09507831931114197,-0.7064491853117942,-0.9656148254871368,-0.5671246653422714,-0.7673581145703793,-0.989719209074974,-0.8264813482761383,-0.10988943204283715,-0.08341958075761795,-1.0327246464788913,-0.08986366093158722,-0.07896823734045029,-0.7007933333516121,-0.04497825801372528,0.3258571267127991,0.1975827172398567,0.19525532722473143,-0.8295686185359955,-0.537243926525116,0.15411318242549896,-0.8635407082736493,-0.6503553669899702,0.44082432668656113,0.05467388033866882
-1.0129767164587975,-0.3458127982914448,-0.6819942817091942,-0.2551355600357056,0.6489298440515995,0.14342693984508514,-0.020897382264956833,0.045139132812619207,-0.11195796690881252,-0.2629839301109314,0.3081981547176838,-0.3792136311531067,0.1429637312889099,-0.8879919111728668,-0.7099286828190088,-0.40657507479190824,-0.5357835600152612,-0.7616332165896893,-0.2820413649082184,-0.5870773606002331,-0.726323926448822,-0.7387193143367767,0.6344018548727035,0.2893510315567255,-0.04614509344100952,-0.7204493299126625,-0.7645759254693985,-0.7215759431943297,-0.8510955713689328,-0.7492124766111374,-0.5477691382169724,-0.048141487687826154,-0.2740861788392067,-1.0036362625658513,0.076580438867677,0.10794337540864944,-0.7722644731402397,-0.09065866023302079,0.3732577860355377,0.3468094542622566,-0.13686013221740723,-0.8731392830610275,-0.4011664196848869,-0.034583480283617976,-0.8439089678227901,-0.7474328797310591,0.581010719947517,0.12149535194039345
-0.9845701798796653,-0.38201611712574957,-0.669121153652668,-0.1947879195213318,0.4045559235382825,-0.23796089589595795,0.021857003727927805,-0.08481085114181042,-0.43050368390977384,-0.6359419465065003,0.2002929724752903,-0.6362075924873352,-0.060903245210647584,-0.8932172000408173,-0.6593590777367353,-0.35260190069675446,-0.407637389190495,-0.43975442573428153,-0.02274792790412903,-0.574650514870882,-0.7365747630596161,-0.4069157600402832,0.8909029930830001,0.3371346235275269,0.08711383044719696,-0.739257299900055,-0.4979014918208122,-0.8408100025728344,-0.8946741841733455,-0.4658343642950058,-0.28303704001009466,0.024340686947107316,-0.4457777217030525,-0.8888993121683597,0.30803512717830017,0.27496206313371657,-0.6856111332774162,0.06640453189611435,0.4807304471731186,0.5474033668637276,-0.42386419177055357,-0.9074995905160904,-0.30635898262262345,-0.26831886284053325,-0.9212209366261959,-0.85642184689641,0.631609933078289,0.22394702211022377
-0.9430265054106712,-0.40671363919973375,-0.6192267701029778,-0.1530243694782257,0.20057495017535984,-0.4656532913446426,0.06309484378434718,-0.23489514105021952,-0.633572966279462,-0.9296428918838501,0.16786168590188028,-0.8390152633190155,-0.17683130018413068,-0.9637704491615295,-0.49389244727790355,-0.1939973771572113,-0.27305178958922627,-0.11428061053156853,0.1541712038218975,-0.5521699674427509,-0.6956913232803345,-0.028777581453323365,1.1883960992097855,0.48209967017173766,0.14302380979061127,-0.6916199721395969,-0.31214993447065353,-0.9313908465206623,-0.9279831759631634,-0.21276764571666718,-0.02639862080104649,0.156376001983881,-0.6201429441571236,-0.5760795630514621,0.5881285705720074,0.4689152970910072,-0.6022793367505074,0.3397605523467064,0.662471005320549,0.7670237198472023,-0.7093197524547576,-0.9539523929357528,-0.280398066341877,-0.21085180155932903,-0.9753729961812496,-0.9558318056166172,0.7182075679302216,0.3676557935774326
-0.8446654960513115,-0.44174802750349046,-0.5236406739801168,-0.04788783490657807,0.09990097661502659,-0.6289404898881912,0.1209313137922436,-0.22174275033175944,-0.7185253683943301,-1.0999672025442124,0.11927818581461906,-0.8641448467969894,-0.1891568314284086,-0.89922716319561,-0.3163848590105772,-0.10001012906432152,-0.0918572487309575,0.09113844558596611,0.2778994612395763,-0.5164340026676655,-0.5759949028491974,0.28122546672821047,1.371955069899559,0.5194058820605278,0.1982410728931427,-0.6235507823526859,-0.08965191692113876,-1.0312568433582783,-0.9557199470698834,-0.02114749774336815,0.1996890030335635,0.24478209828957914,-0.5474801942706108,-0.38587324395775796,0.6452174806152471,0.6191427007317543,-0.5794596955180168,0.5737092003226281,0.7945872396230698,0.9598988488316536,-0.933311939239502,-0.9799711316823959,-0.26498457342386245,-0.2855455454438925,-1.047494973987341,-0.9934292234480381,0.7923126488924026,0.5130747593939304
-0.6830408498644829,-0.3925141379237175,-0.435569217428565,0.00988345742225647,0.08988668187521398,-0.6595867037773132,0.169125763932243,-0.17679649740457534,-0.766101459460333,-1.1506453454494476,0.12000591084361076,-0.8668034106492997,-0.091035882756114,-0.836812773346901,-0.11251366920769215,0.04526403471827507,0.0364163177087903,0.1664079301059246,0.2673577360808849,-0.49761774614453314,-0.4978795349597931,0.5038436233997345,1.443364018201828,0.598488450050354,0.2372257888317108,-0.5664804466068745,0.09599579437635838,-1.04726674631238,-0.9297806970775128,0.10192589834332466,0.36618820051662626,0.288030285295099,-0.551370732486248,-0.22516703382134437,0.6821320974384435,0.6333048641681671,-0.5032893195748329,0.6881065383553505,0.8432778939604759,1.0481363952159881,-0.9325677871704101,-0.9008680909872055,-0.29896711856126784,-0.3594862338155508,-0.9517031006515027,-0.9620991624891758,0.8149822533130646,0.6238530524075031
-0.6030042454600334,-0.4556854650378227,-0.3723495777696371,0.07026581913232803,-0.027987907687202097,-0.7008052378892898,0.25236170873977243,-0.13713814318180084,-0.7550438575912267,-1.1178959369659425,0.11780008003115654,-0.8785806894302368,-0.07110615186393261,-0.7885221142321825,0.07463082484900951,0.17335813865065575,0.12921362686902285,0.17784154340624808,0.2393802933394909,-0.4996686287224293,-0.42967402935028076,0.6371478080749512,1.4216321110725403,0.5810964807868004,0.31073226034641266,-0.5230186380445957,0.28047350510023533,-1.0812358267605304,-0.9824651770293713,0.16898188069462777,0.49214916448108853,0.21125548100098968,-0.6124360963702202,-0.16181999817490578,0.5883142897044309,0.6046462029218673,-0.45270503908395765,0.6486957877874374,0.8686455503106117,1.1128467917442322,-0.9936817765235901,-0.780059190839529,-0.10185321122407913,-0.29747853316366674,-0.801916167140007,-0.8162604678422213,0.710957389511168,0.6984183110296727
-0.6329582557082176,-0.5912253186106682,-0.36511007212102414,-0.01015642136335373,-0.20188210741616786,-0.7716015443205834,0.21318741277791559,-0.12414096072316169,-0.6058583192992956,-0.966990464925766,0.11289725229144096,-0.8493331223726273,-0.04154695384204388,-0.6859112974256277,0.1313088472932577,0.18511896952986717,0.13219388145953417,0.13247565552592278,0.10760545656085015,-0.5379046052694321,-0.5121140748262405,0.5833163220435381,1.3242188334465026,0.4888362243771553,0.2554046779870987,-0.40798546448349954,0.46354479654692116,-1.2096366502344609,-1.049240343272686,0.1064257450401783,0.5267153046559543,0.01147853946313262,-0.72830079048872,-0.20193984284996985,0.5741459676180967,0.5132962465286255,-0.346970134973526,0.7181221276521683,0.7504680126905441,1.0115682542324067,-1.1792204141616822,-0.6933147214353085,-0.022290663421154024,-0.3672526482492685,-0.672770619392395,-0.5820575643330812,0.4997589522972703,0.6689374543726444
-0.6825859755277633,-0.6751596197485924,-0.31664902698248626,-0.036149232648313046,-0.2322144611272961,-0.6643234878778458,0.23873669640161096,-0.06308577433228493,-0.33697048951871694,-0.7495315849781037,0.23657857105135918,-0.7695405296981335,0.0916379202157259,-0.6240202601999044,0.16239100471138954,0.16224125400185585,0.19831821117550136,0.08041812628507614,0.02860322818160057,-0.46128641739487647,-0.5022703409194946,0.5729512888938189,1.2911184430122375,0.5374756798148155,0.07072893083095551,-0.2882162965834141,0.36263701184652747,-1.2967100024223328,-1.046370117738843,0.035124094039201734,0.6089107237290591,-0.10130150616168976,-0.8114222630858421,-0.1881855234503746,0.44631107422756033,0.47822550795972346,-0.2919609934091568,0.7015931755304337,0.6513498798012733,0.962645274400711,-1.265200400352478,-0.4903900347650051,0.11985257789492607,-0.23041611798107625,-0.35713036060333253,-0.33144326098263266,0.4374026069417596,0.7340345360338688
-0.6455775149166584,-0.7275909706950188,-0.2901864079758525,-0.03826498594135046,-0.2306046409998089,-0.6226294681429863,0.26057466403581203,0.06614399775862694,-0.028252463834360243,-0.4558319866657257,0.3665540024638176,-0.6704232849180698,0.2004588831216097,-0.4321069594472647,0.13949414864182472,-0.0415076456964016,0.2484188787639141,-0.06631100922822952,-0.10448587313294411,-0.4407838705810718,-0.47740118466317655,0.4801367413252592,1.1546754896640778,0.37758083194494246,0.019490855932235717,-0.14855973199009895,0.29824014171026647,-1.294112926721573,-1.0710768301039935,-0.05576140955090523,0.5845970056485384,-0.22216208577156066,-0.9120144635438919,-0.13525505289435386,0.2622468617861159,0.41839574836194515,-0.17640229165554047,0.6621449828147888,0.5823928266763687,0.9175219058990478,-1.3382884919643403,-0.29868154153227805,0.22612951844930648,-0.05495616681873798,-0.12113195657730103,-0.1086531151086092,0.21892063561826944,0.7658370949327946
-0.5297811292111874,-0.7459072515368461,-0.24218939524143934,-0.05170152392238379,-0.17938490048982203,-0.49322731606662273,0.2862917184829712,0.24988282546401025,0.26485261390917003,-0.2132463276386261,0.5110945627093315,-0.5082919545471668,0.2932619500905275,-0.3085680242627859,0.11369492188096046,-0.06845379322767257,0.2903377439826727,-0.2293707475066185,-0.2687505580484867,-0.43094665742246435,-0.4122545626014471,0.38846999816596506,1.0686870336532592,0.44173117727041245,-0.00019342899322509765,-0.07915561571717263,0.38925115927122533,-1.251971673965454,-0.9688937593251467,-0.05254435762763023,0.6101680539082736,-0.1700023092329502,-0.7713025465607644,-0.08227887377142906,0.25947708311723544,0.34339391700923444,-0.14724809676408768,0.6843885004520416,0.5247206807136535,0.8751975983381272,-1.3450165450572968,-0.1378110371530056,0.2757635101675987,0.1628922652453184,0.05117901787161827,0.03973105438053608,0.20394671205431222,0.8405966259539127
-0.3757469352334738,-0.7605034157633781,-0.18777033369988202,-0.008197792433202266,-0.08819805518724025,-0.3259100325405598,0.35531519055366517,0.4165595017373562,0.5139072902034968,0.033102530241012576,0.6508223816752434,-0.3488571085035801,0.34790680892765524,-0.2327562626451254,0.2260336048901081,-0.09608745127916336,0.3484837021678686,-0.41659610718488693,-0.4254196502268314,-0.4836321864160709,-0.3426675882190466,0.33071913532912733,0.9471261143684387,0.4402628466486931,0.04572980552911758,0.0009496591985225678,0.4742453084792942,-1.103762024641037,-0.7702587712556124,0.015223858505487442,0.6664310149382799,-0.039943043142557144,-0.6336572542786598,-0.019767529517412185,0.313464829698205,0.26714889965951444,0.02072063535451889,0.7877412647008896,0.45504544377326966,0.8604007452726364,-1.2866118550300598,0.01148703768849373,0.36710329353809357,0.33942524120211603,0.23977835699915886,0.23757727034389972,0.18797880057245492,0.9377798676490784
-0.34629549346864225,-0.5965233191847801,-0.1923155603930354,-0.14846466686576604,-0.15396176418289542,-0.3641125805675983,0.33930487334728243,0.6286298714578151,0.6111422672402114,0.22054165601730347,0.6637204810976982,-0.222227893024683,0.3532601583749056,-0.18642210625112057,0.16082278601825237,-0.019654424488544465,0.3937237117439508,-0.5680806562304497,-0.5536861158907413,-0.5663846198352985,-0.457559260353446,0.24937333576381207,0.749524736404419,0.3946783199906349,0.00952596440911293,0.07874873504042626,0.5955306531395763,-1.0562518537044525,-0.5899454940110445,0.12348419204354286,0.7007534976582974,0.024822358042001724,-0.42931007891893386,0.1459812752902508,0.326229003444314,0.2873041685670614,0.21212164610624312,0.7631177037954331,0.3986520111560822,0.7852225184440613,-1.2485194757580758,0.20355331376194954,0.5402663111686706,0.49323376938700675,0.46335404440760614,0.44901508577167987,0.11254026237875223,1.0008350729942321
-0.2999417450278997,-0.6861863553524017,-0.18820979576557875,-0.2013573219999671,-0.16168602248653768,-0.33332987502217293,0.29726684242486956,0.5318874023854733,0.5754868857562542,0.27146795988082884,0.6507810384035111,-0.15332306399941445,0.242700457572937,-0.2821691777557135,0.17304315082728863,-0.004069952666759491,0.36163109801709653,-0.6803359016776085,-0.5566335808485746,-0.519358373049181,-0.5031976368278265,0.18063043765723705,0.4515281796455383,0.331593456864357,-0.043848013132810594,0.12161858975887299,0.5738799454178661,-0.9867804676294327,-0.4704421449452639,0.13704707399010657,0.7145296260714531,0.10506321564316749,-0.43660190850496294,0.14382920190691947,0.31880076266825197,0.2606140073388815,0.07670573741197587,0.5345629781484604,0.25232146978378295,0.724673193693161,-1.1384339466691018,0.38386485651135444,0.596829840540886,0.3447914235293865,0.734551202505827,0.5791568297892808,0.058812315203249456,1.0240012764930726
-0.16135879419744015,-0.4702358603477478,-0.13322669733315706,-0.2704553982242942,-0.21998463412746788,-0.24049947932362556,0.2595414936542511,0.5058380417525769,0.5622062377631665,0.35652744472026826,0.6347034938633442,-0.08074688389897347,0.06772449612617493,-0.22765059359371662,0.2120796661823988,0.11894262209534645,0.32086807731539013,-0.6650318503379822,-0.5114958997815847,-0.4159820224973373,-0.5505176272243262,0.12919166795909404,0.1714671730995178,0.29487221539020536,0.015223745256662369,0.26256785690784457,0.676381737133488,-0.6580640941858291,-0.14937512166798114,0.27765993773937225,0.664482145011425,0.20152138406410813,-0.307942770421505,0.22120658233761786,0.33775495626032354,0.25948322378098965,0.0911891371011734,0.3684233039617538,0.06839852929115295,0.601876649260521,-0.7974791303277016,0.6091472752392292,0.7338282883167266,0.4223193682730198,1.019402127712965,0.7680253822356462,-0.08475791718810796,0.9889319896697998
-0.018577131256461144,-0.2477570056915283,0.04753922652453184,-0.2511284423992038,-0.21803829511627554,-0.15579798743128775,0.26247170865535735,0.4891972802579403,0.5187197618186474,0.31529036462306975,0.44024187996983527,0.04235474094748497,-0.14877697229385375,-0.19686789475381375,0.2778260041028261,0.2019439958035946,0.32191518824547527,-0.4832317292690277,-0.40861675702035427,-0.267195058229845,-0.4898770313709974,0.15734655372798442,-0.0629059374332428,0.21708326786756516,0.27400030866265296,0.35814222097396853,0.8504473537206649,-0.23863979876041413,0.3020794939249754,0.3609578609466553,0.6149487897753716,0.3546285399235785,-0.006282733380794525,0.10630709305405617,0.34705410785973073,0.3258248534053564,-0.16064386069774628,0.12861700356006622,-0.1010810449719429,0.5208906382322311,-0.4947229400277138,0.6503631629049778,0.8620899140834808,0.5063601531088352,1.0590930994600058,0.8679064769297838,-0.1181092893704772,0.963284832239151
0.11742787696421146,-0.06577506065368652,0.1475627614185214,-0.2811886353418231,-0.20185007890686393,-0.02948388084769249,0.20575574040412903,0.4639131546020508,0.4089291371405125,0.2716601639986038,0.21323677971959115,0.11182047799229622,-0.3120306432247162,-0.16778383031487465,0.24108934737741947,0.23915566727519036,0.26803785245865586,-0.3168198823928833,-0.38779894076287746,-0.18550960904685782,-0.4728976797312498,0.11133321337401866,-0.2932489275932312,0.20836026966571808,0.2740588940680027,0.43401307463645933,0.9020361989736557,0.07543898522853851,0.6230459164828062,0.3890145480632782,0.4745194286108017,0.44690329367294906,0.22165982872247697,0.10776253715157509,0.2925191853195429,0.27421779148280623,0.032450929284095764,0.08500856459140778,-0.23863082081079484,0.394577419385314,-0.0915116086602211,0.6737403199076653,0.7413654208183289,0.35053514689207077,1.082992959395051,0.854654111713171,-0.15877373814582824,0.8657194525003433
0.20883020497858523,0.05849150121212006,0.20412895660847424,-0.31036189552396537,-0.24015084644779564,-0.007122447341680526,0.16985367089509965,0.415885504335165,0.18826195374131202,0.10404445827007294,-0.07846798226237298,0.11484042182564735,-0.5294368624687195,-0.2891239285469055,0.33088066168129443,0.4056511096656322,0.22162404041737319,-0.08368895649909973,-0.3399671625345945,-0.08791410512058065,-0.3938618343323469,0.19955572709441186,-0.4838231563568115,0.2838206648826599,0.24193308353424073,0.4680136203765869,0.8699775069952012,0.2802495568990707,0.829808808490634,0.4091160655021667,0.40700719952583314,0.6382714622654021,0.34366467148065566,0.1996824922040105,0.2595948237925768,0.2629709970206022,-0.014631418883800507,-0.10135774314403534,-0.3684762567281723,0.34074766193516554,0.2425101026892662,0.672863683104515,0.6458491921424866,0.1754823073744774,1.0277193609625102,0.7343236647546292,-0.05869753956794739,0.7885224483907223
0.2722903463989496,0.0740175038576126,0.20235382840037347,-0.30980714652687313,-0.3029787494800985,-0.07972795739769936,0.13896566033363342,0.22334768995642662,-0.12886713370680808,-0.14201163351535798,-0.337497728317976,0.0182514488697052,-0.8157344222068786,-0.36268914937973024,0.5022462178021669,0.5069777391850948,0.15042104851454496,0.12592982947826387,-0.2539711695164442,-0.006053699168842286,-0.3270873587578535,0.2480505548417568,-0.7111242532730102,0.26795126795768737,0.2669322073459625,0.44842017590999605,0.7650364980101585,0.38660293221473696,0.8899673372507095,0.34760117083787917,0.29397994428873064,0.7226559802889824,0.31971570402383803,0.1900013627484441,0.23434385508298874,0.2542619712650776,-0.15707660466432571,-0.29897949397563933,-0.4856356456875801,0.2687289819587022,0.4903846845030785,0.5538244754076004,0.4906191796064377,-0.08222164064645768,0.8367826554924249,0.49640166386961937,0.025968603789806366,0.6712559126317501
0.19958603493869304,0.21609719693660737,0.1815413750708103,-0.38852269742637874,-0.4594148381613195,-0.20600057765841484,0.131094491481781,0.02967994436621666,-0.4958306036889553,-0.4244171053171158,-0.6743591241538525,-0.16703549176454544,-1.101401138305664,-0.5727104604244232,0.5165246281772852,0.6581431768834591,0.1758510483428836,0.4238315910100937,-0.08276929073035717,0.0013360776007175445,-0.3819712921977043,0.33787980377674104,-0.8184344381093979,0.32577737271785734,0.19654496312141417,0.5015392065048218,0.8566162303090096,0.3685764133930206,0.9419694131240248,0.34396821558475493,0.2336957722902298,0.7486166700720787,0.3233637347817421,0.19995665568858384,0.379974003136158,0.26885085478425025,-0.27222864180803297,-0.32357936874032023,-0.5764527291059494,0.1906847119797021,0.6292598649859429,0.4098732188344002,0.4456674844026566,-0.24505372792482377,0.6252280149608851,0.2931464724242687,0.09990320801734924,0.5551362626254559
0.050454404577612876,0.3180904358625412,0.12499986961483955,-0.3881995568051934,-0.5227187885902822,-0.29831819199025633,0.2093680500984192,-0.23653402104973792,-0.7811775289475917,-0.7089399248361588,-0.9642443589866161,-0.39677204340696337,-1.3479128777980804,-0.8499019384384155,0.6245233003050089,0.6670247912406921,0.2636600388213992,0.7828589409589768,0.19593516178429127,0.07859391644597054,-0.45276069790124895,0.4736273795366287,-0.9005862534046173,0.3020270377397537,0.18142529726028442,0.4737159416079521,0.7830118164420128,0.2923482060432434,0.9536888724192977,0.2625092640519142,0.1631996214389801,0.6707444995641708,0.15466951131820678,0.21426119226962329,0.4199306830763817,0.37122714444994925,-0.3777685299515724,-0.4659901179373264,-0.675820118188858,0.15131881316192447,0.7226954236626625,0.2639292746782303,0.346772378240712,-0.4807194426655769,0.38740001656115053,0.08108865544199943,0.116482675075531,0.4853490374982357
-0.09770051836967468,0.4916904479265213,0.038751665502786636,-0.466243732906878,-0.6787586226128042,-0.37864420711994173,0.25853216648101807,-0.4457551874220371,-0.9927499674260616,-0.8998359709978103,-1.2644216291606427,-0.6397842839360237,-1.512589555978775,-0.8955745875835419,0.6004154462367296,0.656849479675293,0.39649340640753505,1.098839607834816,0.4692434389144182,0.14960558488965034,-0.5280302479863167,0.5470728039741516,-0.9394978359341621,0.31138252913951875,0.053463809192180634,0.5213034734129905,0.7422450860962272,0.17867859005928038,0.9031806347891689,0.1314383402466774,0.04771001935005188,0.5937018051743508,0.014615112543106079,0.3031159149482846,0.524741367995739,0.47435574010014536,-0.5105254009366036,-0.4985170401632786,-0.7180655129253865,0.11264821072109044,0.7631031081080437,0.271041551232338,0.3579558308469132,-0.7450735345482826,0.21915232290048153,-0.07224960252642632,0.1343359887599945,0.4058056823909283
-0.23038409352302552,0.40125588327646255,-0.019903775304555893,-0.4322171101346612,-0.7310313238762319,-0.41149464547634124,0.3316664665937424,-0.7339594163000583,-1.0690643042325974,-1.0626645177602767,-1.5979505203664304,-0.8510770574212074,-1.6248020112514496,-1.0367843121290208,0.5028766706585884,0.5411613047122955,0.5687452746555209,1.3539021521806718,0.6469165999442339,0.16193781569600105,-0.5224582508206368,0.6082514584064483,-0.9212284348905087,0.29915857762098313,-0.007406408339738846,0.5826603040099144,0.6177497720345855,0.07746192812919617,0.8656182257458568,0.006434406340122223,-0.03440555930137634,0.572885300964117,-0.21143245697021484,0.1340666340664029,0.5673193857073784,0.48690607622265814,-0.7422628059983254,-0.5528724856674672,-0.7416339688003063,0.0993134327698499,0.6526710212230682,0.21411447823047638,0.2697561676846817,-0.7913435697555542,0.11104605097789318,-0.17129212953732348,0.14192114472389222,0.3620623402297497
-0.2902226060628891,0.5541681960225106,-0.0462656132876873,-0.3420315937139094,-0.7290829940699041,-0.3613787919282913,0.47711472809314726,-0.733505678921938,-1.0877937376499176,-1.0775213211774826,-1.8258385725319386,-0.9765286400914193,-1.5681512475013732,-0.9476319998502731,0.3114528194069862,0.4391818106174469,0.820408365689218,1.590815332531929,0.7926951229572297,0.26761811450123785,-0.42260492891073226,0.6256838768720627,-0.801964595168829,0.28249794617295265,-0.13682034984230995,0.5772343412041664,0.5451547896489501,-0.10915225446224212,0.7195761231705546,-0.12809565514326096,-0.10024937838315964,0.4731249503791332,-0.08553359508514405,0.002796350605785847,0.5883524343371391,0.49907311871647836,-0.6695127084851265,-0.41445090249180794,-0.6643396191298961,0.12088032444007694,0.6599096238613129,0.2575343161821365,0.24703430340159685,-0.7734597325325012,0.04605505962390453,-0.1884351378364954,0.17985605597496032,0.3570658676326275
-0.49720718562602995,0.38181801587343217,-0.19035519286990166,-0.3107231640256941,-0.7669423921965063,-0.4208200931549072,0.5945165976881981,-0.8209283865988255,-1.1357748806476593,-1.0738824635744095,-2.0363958358764647,-1.1184581801295281,-1.4543965980410576,-1.0666206397116185,0.17677168697118759,0.3220992848277092,1.0022067077457906,1.821762704849243,0.8818906292319297,0.3072518646717072,-0.39615122228860855,0.6524115443229676,-0.5667178176343441,0.24486034289002417,-0.43184714689850806,0.5439005404710769,0.2703662430867553,-0.5147041648626327,0.3930262474343181,-0.3794135496020317,-0.16597202569246292,0.34655225798487665,-0.2722953945398331,0.0010289238765835763,0.5454512640833855,0.4377110846340656,-0.605024391412735,-0.276252568513155,-0.5141042165458203,0.16366195459850133,0.49328580498695374,0.2163214713335037,0.1168853233801201,-0.8157971069216728,-0.02667051802854985,-0.27291393038467504,0.19355104863643646,0.3656164936721325
-0.7016990154981613,0.22858280092477798,-0.3694570817053318,-0.24740666160359978,-0.754996944963932,-0.38645871430635453,0.7713639095425606,-0.9906341262161732,-1.0739439725875854,-0.9535848423838615,-2.0352861166000364,-1.2750441625714302,-1.3471755042672158,-1.2238350600004195,0.19854152649641038,0.2824398413300514,1.202318374812603,2.0192825138568877,1.0115859016776085,0.35053362026810647,-0.3726543873548508,0.684712392091751,-0.2652676962316036,0.33053249344229696,-0.7593463577330113,0.5589912682771683,0.010495642386376857,-0.9074580401182175,0.022778871469199657,-0.5799430891871452,-0.17430300526320935,0.22568637356162072,-0.493846121430397,-0.011369351856410503,0.5335230760276317,0.4203716225922108,-0.5898971140384675,-0.1302498834207654,-0.36130400039255617,0.22129617710597813,0.3145242840051651,0.23376861736178398,0.07622774646151811,-0.7951267585158348,-0.004582373681478203,-0.2572421951277647,0.257692351937294,0.3772653631865978
-0.8964071363210678,0.19400235265493393,-0.4369234345853329,-0.23312821174040438,-0.736189641058445,-0.36459364742040634,0.9097355529665947,-0.9134095430374145,-0.8710953891277313,-0.785375140607357,-1.9192926108837127,-1.3758324146270753,-1.2653638985008002,-1.3679420113563538,0.1826888222247362,0.22414754554629326,1.3916739448904991,2.1677932262420656,1.1177946969866752,0.23427745923399926,-0.5168969124555588,0.7014534324407578,-0.031769337505102156,0.3017227821052074,-0.9774179674685002,0.5694116473197937,-0.012109228409826756,-1.2212194889783858,-0.17659700382500887,-0.6615364924073219,-0.1625653501600027,0.14204503148794173,-0.6611967951059341,0.11924439836293459,0.6140441194176673,0.49986720010638236,-0.620975735783577,-0.01487008724361658,-0.31621385253965856,0.21921314862556757,-0.018835780024528504,0.2606897570192814,0.1233076284872368,-0.6222335450351238,-0.0014199121622368693,-0.1446636056585703,0.207276451587677,0.37514232471585274
-1.0906388968229295,0.07888717204332352,-0.4547820560634136,-0.2671625451184809,-0.6306646123528481,-0.2825900584459305,0.9984422370791435,-0.7780535876750946,-0.5041712343692779,-0.5127623662352562,-1.7544195823371411,-1.38710610717535,-1.0342278983443975,-1.2445627581328154,0.02579018659889698,0.10301400534808636,1.5671228066086769,2.1823684692382814,1.1365557938814164,0.10210349187254905,-0.6579859048128128,0.6203192979097366,0.15006697550415993,0.2543862320482731,-1.0691312491893767,0.6001708626747131,-0.13154732529073954,-1.475210902094841,-0.4264616655185819,-0.7536308363080024,-0.23899877034127712,0.005706910789012909,-0.7896857410669327,0.07245007380843163,0.5750541284680366,0.6264727257192135,-0.5520565152168274,0.11080721225589514,-0.20944868065416813,0.2378142349421978,-0.3562357872724533,0.34981818720698354,0.21991068825591356,-0.4161443285644054,0.06861102145630867,-0.013298580615082756,0.11965659260749817,0.38764009028673174
-1.166520756483078,0.11224608570337295,-0.36995441317558286,-0.23498401110991834,-0.4519906178116798,-0.07865670621395111,1.0562025129795074,-0.4409356236457825,-0.1179650604724884,-0.1798691377043724,-1.551996635645628,-1.1798264369368554,-0.6783788587898016,-0.9732157241553068,-0.1830363620072603,0.049315774068236354,1.7050877690315247,2.1647862911224367,1.127304121851921,0.08488561734557151,-0.7248003929853439,0.5090436220169068,0.3277489997446537,0.24549121037125587,-1.062987059354782,0.6528543144464493,-0.029309124685823917,-1.5969255208969115,-0.4864452278241515,-0.7479610234498978,-0.2796098615974188,-0.06304443329572677,-0.6053379446268081,0.1342725321650505,0.5705740332603455,0.6868943184614181,-0.3955101639032364,0.2734525939449668,-0.07712223213165999,0.30440597608685493,-0.5350195288658142,0.5243429712951183,0.2710376481758431,-0.17493296787142754,0.2059023426147178,0.21290129664703272,0.03610991761088371,0.3716862626373768
-1.1477369010448455,0.055884993821382525,-0.3092725068330765,-0.18761576740071179,-0.29471666663885115,0.062288838624954226,0.9596791863441467,-0.22713447213172913,0.21759119629859924,0.1573447600007057,-1.27311916872859,-0.9570668205618859,-0.29913703463971614,-0.729127598926425,-0.2405498031526804,-0.03836508579552174,1.658484873175621,2.040049582719803,0.9745589703321457,0.08747995719313621,-0.7136572688817978,0.3806915462017059,0.4188626803457737,0.25409017875790596,-1.0249351859092712,0.5198982447385788,-0.056381461955606935,-1.5804772794246673,-0.5459078323096037,-0.7483032882213593,-0.2873846355825663,-0.10042055808007717,-0.4334626466035843,0.04975765496492386,0.5093132764101028,0.6296908788383007,-0.24231733977794648,0.379688691906631,-0.04416846018284559,0.2428557090461254,-0.6199080884456635,0.5422831878066063,0.20549902759958058,-0.0258851520717144,0.2452897073002532,0.3748284989909735,0.0273816280066967,0.3162938542664051
-0.9522026628255844,0.12530261054635047,-0.1102055162191391,-0.010773524921387435,-0.09271862953901291,0.2976248264312744,0.7637126863002777,0.04622730016708374,0.49719013571739196,0.4794808641076088,-0.9326839737594128,-0.6448011860251427,0.07121351696550846,-0.549292216822505,-0.2314447734504938,-0.052515825256705284,1.4947095036506652,1.8485700011253356,0.6957111090421677,0.09332406148314476,-0.4775552719831467,0.2939426816999912,0.49248505011200905,0.2953095562756062,-0.9493623614311218,0.5073602607473731,-0.07265695724636316,-1.4032211212441326,-0.6212890606373549,-0.6103148430585861,-0.18215067125856876,-0.03394905142486095,-0.180728080868721,0.035097457468509674,0.37306909263134,0.5310948297381402,-0.17930025458335877,0.5512139676138759,0.04497320968657732,0.1949436619877815,-0.497909215092659,0.5642127491533756,0.19549401737749578,0.21253228262066842,0.3525171668501571,0.5214507633761969,0.049691247195005415,0.22387014403939248
-0.7439080506563187,-0.07761664614081383,0.0915138453245163,0.13573266537860035,0.13865890651941298,0.4202711284160614,0.4630918800830841,0.23682632446289062,0.7235648930072784,0.672165758907795,-0.576476090401411,-0.3142642959952354,0.43372165895998477,-0.3666519146412611,-0.252029399946332,-0.07986357547342778,1.1736507177352906,1.5524846613407135,0.33981711566448214,0.019699948281049727,-0.19560658633708955,0.22022987976670266,0.4921534568071365,0.21221909299492836,-0.8839141428470612,0.3384808233007789,-0.04344393163919449,-1.195506119541824,-0.7259215865284204,-0.4462373524904251,-0.047925743833184244,0.03205274678766727,-0.04956007301807404,-0.01349729299545288,0.09003636538982392,0.2902345463633537,0.05504518151283264,0.5993835924193263,0.004219675995409488,0.04693205803632736,-0.44936088658869267,0.38956436291337015,0.017093679681420327,0.34901935532689093,0.25272028148174286,0.4813334206060972,-0.04362906143069267,0.09592069461941719
-0.4810512691736221,-0.26992803886532785,0.28298538029193876,0.3154963460750878,0.31320226937532425,0.5420054361224175,0.2203992486000061,0.38882089108228685,0.7788823366165161,0.7648601874709129,-0.2393787495791912,0.019702233374118805,0.7169878099113702,-0.08079939894378185,-0.14798623453825713,0.025818615779280664,0.8043177008628846,1.2589346587657928,0.07462880313396454,0.08092790469527245,0.2020910769701004,0.18601517900824546,0.5100340224802494,0.10809790417551994,-0.9234024941921234,0.14917475488036872,-0.04217288196086884,-0.9707475123926997,-0.9231820706278085,-0.40290904641151426,0.07743405364453793,0.07552547864615917,0.18701227009296417,-0.023527151346206664,-0.14694950878620147,0.009259550273418427,0.07674618363380432,0.6024536354467273,0.013407904654741287,-0.11557926684617996,-0.3663658771663904,0.28849271312355995,-0.1035018052905798,0.38158322498202324,0.16111396104097367,0.38597963061183693,-0.0512592189013958,-0.05003530904650688
-0.303051283955574,-0.34919336810708046,0.3623619019985199,0.3775763366371393,0.30544369071722033,0.4635238215327263,-0.059110283851623535,0.5077861770987511,0.7867804884910583,0.7723348662257195,-0.037469302862882616,0.2559089556336403,0.8281842682510614,0.10135100074112416,-0.07413908671587706,0.08665550611913204,0.44371734857559203,1.0011013090610503,-0.19658166468143462,-0.0010989733040332795,0.35506115555763246,0.1207132451236248,0.5022782288491726,0.031115584075450897,-0.84853875041008,-0.036826021410524844,0.07650894820690154,-0.7154831109568477,-0.9004666093736887,-0.31532946666702627,0.132058048248291,0.09043771736323833,0.2693677097558975,0.04649840146303177,-0.4115621119737625,-0.2514028027653694,0.29771254062652586,0.583801238052547,-0.02742491737008095,-0.32353202253580093,-0.3751925233751535,0.044308499246835706,-0.23534460477530955,0.34685092493891717,0.00018964558839797973,0.3055752955377102,-0.088984864205122,-0.2011483244597912
-0.18455731272697448,-0.3976724423468113,0.4306952714920044,0.4156402241438627,0.3265830174088478,0.3959094300866127,-0.322771954536438,0.4577798888087273,0.7677667617797852,0.7185960248112678,0.10501937940716743,0.32784691601991656,0.7826139766722917,0.0551796693354845,-0.03804793935269117,0.13999476842582226,0.10363627672195434,0.7770926725119353,-0.4115867048501968,-0.10946733132004738,0.4094276487827301,0.08484445735812188,0.440562367811799,0.10612069815397263,-0.6841062158346176,-0.18948511723428965,0.1500026524066925,-0.49210547339171173,-0.9600770477205515,-0.26610632380470634,0.17302787192165853,0.13950616233050822,0.3411581486463547,-0.07383078932762147,-0.5688917607069015,-0.3390341058373451,0.2648760862648487,0.49511253032833336,-0.10492644980549812,-0.43003162890672686,-0.2975866112858057,-0.08665966019034385,-0.2643389444798231,0.2971739642322063,-0.06276912987232208,0.24013369008898736,0.05398141518235207,-0.2721105694770813
-0.043331748247146605,-0.4952315427362919,0.46761475801467894,0.453872038051486,0.33516162931919097,0.3327017925679684,-0.6137600302696228,0.5080550238490105,0.718179178237915,0.6597072750329971,0.19026539400219916,0.4154374644160271,0.7534719098359346,0.14096216149628163,-0.0833781747147441,0.12021051906049252,-0.2223387360572815,0.5230735834687948,-0.5780096083879471,-0.17142086997628211,0.3934804111719131,0.030283134430646896,0.3517266321927309,0.09148294776678086,-0.6960914701223373,-0.3407096052542329,0.2625376731157303,-0.3531982196494937,-0.9810498837381602,-0.2209255619905889,0.15813518464565277,0.16209798865020275,0.3800200611352921,0.116963791847229,-0.5502377323806286,-0.37415839061141015,0.4205475069582462,0.4678383696824312,-0.12842016331851483,-0.49691878221929076,-0.2007276240736246,-0.18614129573106766,-0.35484371297061446,0.2407876543700695,-0.17450880259275436,0.13155412673950195,0.04461256042122841,-0.3174162030220032
0.06063787043094635,-0.5788555331528187,0.4372906178236008,0.4765121374279261,0.35162287056446073,0.19806375727057457,-0.8741438627243042,0.31774030774831774,0.5667141795158386,0.5343951374292374,0.1641271121799946,0.4513468787074089,0.6710534155368805,0.18204173035919666,-0.1481637882068753,0.16373814828693867,-0.5131112694740295,0.3090791903436184,-0.7247782796621323,-0.05489815846085548,0.5511165529489517,0.046179520338773726,0.32442743964493276,0.13442783951759338,-0.6489905804395676,-0.5473168039694428,0.09623216092586517,-0.21705985423177482,-1.1388708163052796,-0.28303203722462056,0.15125485211610795,0.15934853963553905,0.45048112869262696,-0.08436906933784485,-0.5117838010191917,-0.3892157278954983,0.3645556800067425,0.38553834669291975,-0.11221622042357922,-0.4465659480541945,-0.05084140338003636,-0.3833355978131294,-0.49632900170981886,0.09159141182899475,-0.3181631937623024,-0.06327808499336243,0.20589104071259498,-0.29117981642484664
0.19696101993322374,-0.6141639657318592,0.4310574039816856,0.5618476573377847,0.32816644608974455,0.11665697172284126,-1.0668448746204375,0.21072068363428115,0.3229986071586609,0.3422126442193985,0.0860657274723053,0.5089581996202469,0.5355204284191132,0.19700463563203813,-0.1321114467456937,0.11975793838500977,-0.8172877907752991,0.08837846741080284,-0.8549078285694123,0.007322478108108044,0.7025417953729629,0.054319191724061966,0.23349113054573536,0.0711347594857216,-0.6041266173124313,-0.8062787855044007,0.18539257645606994,-0.08640677388757467,-1.1067168820649385,-0.3213419093750417,0.1626891866326332,0.1323477577418089,0.5904894530773163,-0.13366326987743377,-0.5469353049993515,-0.5423804484307766,0.23622992262244225,0.22913958542048932,-0.15726109258830548,-0.4840687241405249,0.05962461195886135,-0.743520374596119,-0.6584573727101087,-0.20920612215995787,-0.5714715018868446,-0.2526529610157013,0.2778429351747036,-0.3091204289346933
