-1.2712849725270643,0.4651831228286028,-1.5236403986811637,-1.215894877910614,-0.4152235113084316,-0.3539227992296219,0.006482578068971634,-0.1413975343806669,0.04089620392769575,-0.9186800479888916,-0.6165685832500458,-1.618100780248642,-0.9994700700044632,-0.2458826018497348,-0.829683680087328,0.23756752479821444,-0.08117670565843582,0.36241681724786756,0.26822217777371404,-0.3331847980618477,-1.4676456496119499,-0.5005765922367573,1.23691888153553,0.38082136269658806,-0.7803024396300315,-0.6161559119820594,-0.9897493481636047,-1.281988501548767,-0.4594618692994118,-0.9353037193417549,-0.8725031197071076,-0.37764461487531664,-0.91427356377244,-0.4885675460100174,0.31341478750109675,-0.12747927829623223,-0.08937030583620072,0.40227918326854706,0.917552649229765,0.9782336739823222,-0.10423296242952347,0.1503966473042965,0.21674865186214448,0.7035103686153888,0.12729623168706894,-0.258470918238163,0.2010951429605484,0.6423516727983951
-1.3719396461034195,0.3502445060759783,-1.4649247094988822,-1.1632176518440247,-0.38146263882517817,-0.3428489863872528,-0.004065966978669166,-0.10708373438101262,-0.03714375961571932,-0.9145992904901504,-0.5714365005493164,-1.6232246100902556,-1.0106900006532669,-0.2720043361186981,-0.900838664919138,0.23065830934792758,-0.10648616999387742,0.21907959133386612,0.17018846198916435,-0.37812994569540026,-1.4317211672663688,-0.5828272193670273,1.1929915577173233,0.3978488421067595,-0.81630869358778,-0.6205208227038383,-1.0129274249076843,-1.2812506198883056,-0.5438905850052833,-1.0446695223450662,-0.8582394182682037,-0.4090053975582123,-0.8807037152349949,-0.5044994443655014,0.3431842975318432,-0.13284198567271233,-0.07782288044691085,0.35607118010520933,0.8541833631694317,0.8778803972527385,-0.12996913343667985,0.03357444927096367,0.14491069838404655,0.5816260404884815,-0.0674794927239418,-0.37223727256059647,0.23524805009365082,0.48750495687127116
-1.4684123266721145,0.16758777387440205,-1.376252941787243,-1.08828045129776,-0.3997372977435589,-0.3668253213167191,0.06817543767392635,-0.11796767066698521,-0.033654082007706164,-0.8671961456537247,-0.5159166127443313,-1.6155532896518707,-1.0104554921388627,-0.3012290820479393,-0.9436184354126453,0.15908164251595736,-0.10967446118593216,0.11651223301887512,-0.025521189719438554,-0.4856755346059799,-1.4697571337223052,-0.6120410859584808,1.1237000852823258,0.5322831710800529,-0.6928719818592072,-0.6806332528591156,-0.900145635008812,-1.272608184814453,-0.6864872470498085,-1.116231907904148,-0.8477248966693878,-0.3460042797029018,-0.9647679783403873,-0.5348465144634247,0.16909184381365777,-0.04919761046767235,-0.1747632846236229,0.32611136734485624,0.8203794948756695,0.7752730129286647,-0.30314052253961565,-0.20040199980139733,0.026750027388334274,0.3633534871041775,-0.23864963799715042,-0.4268643761985004,0.3837908923625946,0.5158599972724914
-1.4800069332122803,-0.0002853434532880783,-1.2861907839775086,-1.028595798742026,-0.4736661233007908,-0.4047536998987198,0.09305264614522457,-0.11875099453609436,0.043819525837898256,-0.7809630200266838,-0.4120861541479826,-1.581409227848053,-0.9366035057231784,-0.31159553974866866,-0.9375860914587975,0.14295012224465609,-0.17214055210351945,0.1388433426618576,-0.19964449480175972,-0.4473135083913803,-1.387541813030839,-0.5560308426618576,1.1288499385118484,0.7104193380102515,-0.5530237808823586,-0.7035986721515656,-0.8133483380079269,-1.2365570157766341,-0.7321351543068886,-1.0992216408252715,-0.7571354538202286,-0.17761797532439233,-0.991305810213089,-0.40149390399456025,0.33507140502333643,0.1551258958876133,-0.24752619713544846,0.44776628613471986,0.9475713431835174,0.7744343457743526,-0.37027447372674943,-0.36864201053977014,0.04904338046908378,0.2637636803090572,-0.24291671067476273,-0.35391634358093144,0.6081862449645996,0.6645253837108612
-1.3695331752300262,-0.04370688311755657,-1.0116302013397216,-0.7943594331853092,-0.47451900169253347,-0.2965788125991821,0.32147366665303706,0.04556676235515624,0.3154591232538223,-0.5220294639468193,-0.265530651435256,-1.3232038855552672,-0.6513720227405428,-0.2616834666579962,-0.8612780869007111,0.23357562208548188,-0.00371883362531662,0.40632773339748385,-0.15994952097535134,-0.2615842387080193,-1.149047875776887,-0.28876307904720305,1.2090715289115905,0.9923945059999824,-0.465535905957222,-0.614363544434309,-0.677921948581934,-1.0635523051023483,-0.6099398687481881,-0.8617685616016388,-0.4457900673151016,0.12202035561203957,-0.9382737368345261,-0.4873214513063431,0.481786685436964,0.47474568262696265,-0.13092498630285263,0.6108440637588501,1.1961008548736571,0.9309991866350174,-0.3950461320579052,-0.27467075958848,0.23458410128951074,0.44359046444296835,-0.0821581870317459,-0.1994256536476314,0.9023550599813461,0.8146194130182266
-1.1465003073215485,0.050603197887539864,-0.8049728751182557,-0.5757784600369632,-0.46028866693377496,-0.24543453752994537,0.4149614181369543,0.08500292387325317,0.4218775719404221,-0.34562979489564893,-0.2113106157630682,-1.127201533317566,-0.45599340330809357,-0.2593658272176981,-0.8547126412391662,0.30772893512621524,0.09085440784692764,0.5532789319753647,-0.010124168545007705,-0.033726964890956876,-0.90214660204947,-0.047497916221618655,1.2410792469978333,1.0966592540964484,-0.3524711072444916,-0.4995462827384472,-0.5872212238609791,-0.8926797896623612,-0.5034761428833008,-0.629501360654831,-0.2160541981458664,0.2916975297033787,-0.8195591777563095,-0.3880895167589188,0.48429121300578115,0.666506788879633,-0.24531687796115875,0.5696182250976562,1.2197622537612915,1.04025037586689,-0.31154982969164846,-0.06147108823060989,0.4082415245473385,0.5603807471692562,0.17332530319690703,0.07615731256082654,1.0355099946260453,0.9118804126977921
-1.0227531492710114,0.047065962478518485,-0.5682525932788849,-0.3631375665776432,-0.45787937119603156,-0.09748883545398712,0.5670550610870123,0.19174809325486422,0.5369753211736679,-0.09806297272443772,-0.1957813050597906,-0.8776485800743103,-0.3050644351169467,-0.1901732835918665,-0.7792206771671772,0.3222810634411871,0.18206892758607865,0.8010273426771164,0.1852226011455059,0.18388779908418657,-0.6827018920332193,0.2851872622966766,1.3230836868286133,1.1762029996141792,-0.2376396119594574,-0.3149219088256359,-0.5345860548317433,-0.7759336680173874,-0.35778085589408876,-0.3593734219670296,0.06976788341999055,0.5325065828859806,-0.8561266213655472,-0.35577806234359743,0.2598849467933178,0.8918743796646595,-0.13012300146510825,0.42687676548957826,1.174495482444763,1.229314026236534,-0.2593538615852594,0.2552668139338493,0.707033958286047,0.7320242993533611,0.47318958342075346,0.4115276296623051,1.1148889511823654,1.075913193821907
-0.7418960511684418,0.06502670720219612,-0.26581810116767884,-0.15926318718120455,-0.41420081332325936,-0.028137019276618956,0.6203320149332285,0.23261571247130633,0.5964119583368301,0.13742491751909255,-0.12681383453309536,-0.6468188047409058,-0.26971516441553833,-0.19036908335983754,-0.6227094225585461,0.29648127341642977,0.17081415057182311,0.9307815551757812,0.28305858820676805,0.43133990913629533,-0.4371442023664713,0.5570314407348633,1.2972830057144165,1.181501035951078,-0.24687139838933944,-0.10496639534831047,-0.6570017643272876,-0.6048915810883045,-0.2856864329427481,-0.033704204857349394,0.27965115010738373,0.7579763807356358,-0.7088215531781316,-0.36235442757606506,0.18202955052256584,1.0267759282141924,-0.3226627947180532,0.4454758703708649,1.1636743545532227,1.3749209612607955,-0.1501950655132532,0.44159274846315383,0.9822673633694649,0.8915989845991135,0.8063630014657974,0.7208853741176426,1.096959176659584,1.1946293979883194
-0.655679089576006,0.08880644161254167,-0.13522055074572564,-0.1539010520093143,-0.2900799326598644,0.006799254706129432,0.594462138786912,0.2754586586728692,0.6982445120811462,0.2655714645981789,-0.044527116045355794,-0.5744095325469971,-0.17849065493792296,-0.18162518478929995,-0.5944155149161816,0.2920113422907889,0.1732802450656891,0.9594337612390518,0.27310223430395125,0.522917352616787,-0.3356634024530649,0.7061414539813995,1.25721515417099,1.1737007474526764,-0.23813836723566056,-0.12503548189997674,-0.620176998525858,-0.49959424063563346,-0.22088833376765252,0.11982331424951553,0.41332008242607116,0.8850006975233555,-0.5618317516520619,-0.37079169154167174,0.16271186619997025,1.1497521299868823,-0.3725442053168081,0.41461747586727143,1.0949692606925965,1.4694214671850205,-0.12934431210160255,0.5197602540254593,1.1248847901821137,1.135279469192028,0.9242788016796112,0.7586964373476803,1.0363573163747788,1.291849759221077
-0.4607024870812893,0.2581983031705022,0.037567698210477826,-0.10193969560787082,-0.011437159031629562,0.21437182812951505,0.5692299079149962,0.3004363561049104,0.7210490852594376,0.35476904064416886,-0.035066982731223106,-0.4110915780067444,-0.036372063867747786,-0.10823782123625278,-0.45540536716580393,0.31003826344385743,0.18390980660915374,0.9160534888505936,0.31145498156547546,0.6719110652804374,-0.17897513844072818,0.7568204626441002,1.187135750055313,1.1198712408542633,-0.3047852173447609,-0.07406156286597251,-0.5834922172129154,-0.33325738087296486,0.0016694076359272004,0.2581048563122749,0.4801716148853302,0.9345845259726048,-0.3838679285719991,-0.30114180147647857,0.18840104788541795,1.1658217776566744,-0.3098637462942861,0.3379189699888229,0.951648262143135,1.3816419810056686,0.11944343671202659,0.7408736497163773,1.3055165708065033,1.244768662750721,1.1341867983341216,0.9054061596281826,0.9843126118183136,1.3268796235322953
-0.24034938737750053,0.26169886756688354,0.2583065539598465,0.01487680124118924,0.13942454531788825,0.29246520339511334,0.5032670002430677,0.38952891174703835,0.738903671503067,0.4125990763306618,0.09005345292389393,-0.17798508405685426,0.2572072522714734,-0.07414201311767102,-0.2899076886475086,0.2844159505330026,0.10724907368421555,0.9370775550603867,0.4277794659137726,0.8691387638449669,0.040370650216937067,0.82815652951831,1.0635472595691682,0.983188071846962,-0.24823259562253952,-0.0152265302836895,-0.5680298902094364,-0.18091066256165506,0.19531056955456733,0.4689142256975174,0.5642709076404572,0.9101599074900151,-0.3130924554541707,-0.2272418409585953,-0.08340291231870652,1.1074313312768935,-0.2657377184717916,0.21635776460170747,0.7840914398431778,1.2158097267150878,0.15394180938601493,0.7776803061366081,1.3265851140022278,1.017167492210865,1.1524492637254298,0.9731010352261364,0.8223914325237274,1.264638566970825
-0.03387412652373314,0.455099536664784,0.44077845513820646,0.07900182055309415,0.14917397424578666,0.45753672658465805,0.627119667083025,0.4317896518856287,0.7917201742529869,0.48636053651571276,0.13357254657894374,0.01086813658475876,0.4487376259639859,-0.006400866433978081,-0.1864653415977955,0.24335761433467268,0.13260075002908706,1.1711803764104842,0.6842384815216065,1.0813594207167625,0.14866295866668225,0.9360466094338336,1.01755890250206,0.9284436851739883,-0.18942654579877855,0.15030415132641792,-0.5396297194063664,-0.04073033109307289,0.48352114036679267,0.6273493945598603,0.6158143550157547,1.0017155684530734,-0.3193755539134145,-0.16612654477357863,-0.23994672745466233,1.113633507490158,-0.1517329396097921,0.13976287543773652,0.6664844065904617,1.1298798840492963,0.2129579283297062,0.9671983376145363,1.6088378012180329,1.1951934590935707,1.3621741072274745,1.1363064621575176,0.8004172950983047,1.2702287912368775
0.06848346963524818,0.48390042055398225,0.5309633374214172,0.03444433258846402,0.13750888034701347,0.484228136530146,0.7331898041069508,0.4446963522583246,0.8525185257196426,0.5015074409544468,0.13739582542330026,0.03876016587018967,0.42497367728501556,0.005981807038187981,-0.1615629144012928,0.1971807516179979,0.19689555168151857,1.4154354840517045,0.8554816305637359,1.2042736619710923,0.14993687383830548,0.975677429290954,1.0115741968154908,0.8765403538942337,-0.23063810765743256,0.28708134964108467,-0.5974984534084797,-0.08728685155510903,0.458486158400774,0.6618532955646514,0.6313659325242043,1.0563223779201507,-0.2713931115344167,-0.2236107662320137,-0.2705651164054871,1.091314285993576,-0.1315921307890676,0.0835166409611702,0.6226975709199906,1.1381272625178098,0.281424105912447,1.0985678344964982,1.8011035203933716,1.326088011264801,1.5501261548139156,1.2503729924559592,0.7446092635393142,1.278396737575531
-0.06055633053183555,0.6033460037782788,0.4852084249258041,-0.02938295006752014,0.2171012558043003,0.6195729041006416,0.8080762065947056,0.44372523166239264,0.8053210854530335,0.4977958120405674,0.0643200820311904,0.023237840831279756,0.3725054532289505,0.0332319401204586,-0.21188862547278403,0.20567052280530335,0.28377594947814944,1.5035360693931579,0.9806911230087281,1.230969950556755,0.12188277095556259,0.94927842883626,1.0665015697479248,0.8532395273447037,-0.41332926899194716,0.3624979265034199,-0.6524805553257466,-0.1383670039474964,0.5187066443264484,0.6298667654395104,0.598361149057746,1.033212947845459,-0.3301636906340718,-0.32999673336744306,-0.2006540983915329,1.0848260939121246,-0.07095032943179831,0.030383248627185822,0.6109977155923844,1.1691539954394101,0.4534845359623432,1.2634794026613236,1.9138118863105773,1.4636859714984893,1.5689267949201167,1.2704962536692619,0.666877594590187,1.2902611672878266
-0.12011234387755394,0.7585883723571897,0.48969014585018156,-0.14309563040733336,0.27702549919486047,0.7857272440101951,0.8045666374266147,0.3790223654359579,0.6961402416229248,0.4594832040369511,-0.008967901207506656,-0.11250133067369461,0.28535125851631166,0.006689909473061561,-0.16352035775780677,0.2983676791191101,0.272340352833271,1.4534925937652587,1.0587631821632386,1.294446024298668,0.08863947838544846,0.842741089744959,1.116047203540802,0.729414239525795,-0.5979047894477845,0.5250216364860535,-0.8435064792633057,-0.18386127315461637,0.6465812809765339,0.5346176967024803,0.4387668456882238,0.9238418102264404,-0.33933175522834064,-0.2662657484412193,-0.18594355881214142,1.0517469227313996,-0.030577524879481642,-0.024977613985538483,0.61753149330616,1.1674567889422178,0.7267532482743263,1.401188686490059,1.9664509654045106,1.468636339902878,1.5699712590314447,1.2925951525568962,0.5137282282114028,1.3135391891002655
-0.16576670929789544,0.7640452729538083,0.534357127547264,-0.2467957530170679,0.2670107573270798,0.9770718598272652,0.8357385315001011,0.2901596862822771,0.5810906410217285,0.40844035521149635,-0.11305989716202021,-0.21353836506605148,0.1681588262319565,0.014093790575861931,-0.1753245510160923,0.23480591773986817,0.2431708201766014,1.439326810836792,1.1865400671958923,1.4053824156522752,0.030043549835681915,0.7040032204822637,1.1278144001960755,0.6388413578271865,-0.7928868263959885,0.6195510685443878,-1.0095103293657304,-0.2991505067795515,0.632393492013216,0.3016236424446106,0.2730014260858297,0.768530547618866,-0.35905241016298534,-0.3798785373568535,-0.28819269835948946,0.9834914743900299,0.1075868314714171,-0.03507451266050339,0.6095481067895889,1.1589678954333067,0.8878336444497108,1.370282343029976,1.9484028697013855,1.357654482126236,1.4299714521504938,1.2326469704508782,0.4175533205270767,1.2551450669765472
-0.17098573669791223,0.8260869095101953,0.48605399429798124,-0.36882664151489736,0.31074170023202896,0.9567742133047432,0.6586435236036777,0.20198158361017704,0.3667609577998519,0.279075650125742,-0.26214118096977473,-0.32733988016843796,0.08191435784101486,0.0021280597895383833,-0.1964912921190262,0.19492352306842803,0.11678812652826309,1.143911400437355,1.2271691799163817,1.471418496966362,0.04196773916482925,0.4530625936225988,1.0852878212928772,0.4999484747648239,-0.9414498299360275,0.47304871380329133,-1.052903977036476,-0.40441543571650984,0.6113452441990376,-0.02752637267112732,0.03525124005973339,0.5156701803207397,-0.3264652336016297,-0.550183741748333,-0.3022673338651657,0.7999965012073517,0.11622385904192925,-0.11725804656744003,0.5253826647996902,1.047296328470111,0.929002445563674,1.2149130433797837,1.7327527761459351,1.299726939201355,1.2721352295018733,1.0699237987399102,0.3532743364572525,1.1395971953868866
-0.12929704412817955,0.8107133569195867,0.5276164919137954,-0.33589433021843434,0.4494908407330513,1.0631289267446846,0.6046933993697167,0.15854479186236858,0.25399734284728764,0.24082376733422278,-0.33001023922115563,-0.2715184256434441,0.12507160753011703,0.044360799714922905,-0.1837148532271385,0.16300581265240907,0.09377493485808372,0.9763341436162591,1.2775294065475464,1.5044192880392075,0.1230728879570961,0.2786667060689069,1.051325225830078,0.38962032496929166,-1.04796923995018,0.39867467430885883,-1.1526971191167832,-0.42029836364090445,0.6000447113066911,-0.2463110715150833,-0.08812531679868699,0.270855176448822,-0.35803918465971946,-0.5024923369288444,-0.5083192199468612,0.6225699633359909,0.3365378312766552,-0.2374936267733574,0.45323837995529176,0.9202711772173643,0.9272659223526716,1.0828535094857217,1.4964419335126877,1.197473293542862,1.084382750187069,0.8963762536644936,0.22389669716358185,1.000674045085907
-0.015564276278018952,0.8962303943932056,0.6383960328996181,-0.17607617564499378,0.4182049289345741,1.0865786328911782,0.6019562587141991,0.12519060112535954,0.10397569444030523,0.28895109668374064,-0.3574099997058511,-0.1623026892542839,0.12149924486875534,0.1266630183905363,-0.0727342501282692,0.044039161689579484,0.04709552749991417,0.8750348189845681,1.2816261857748033,1.6546694457530975,0.3607505038380623,0.17021527072647585,1.0157812654972076,0.3325495898723602,-1.067512759566307,0.4909177787369117,-1.2421121180057526,-0.40838216952979567,0.5745985731482506,-0.3811855375766754,-0.14948779344558716,0.1499180853366852,-0.36235084012150764,-0.4716513201594353,-0.5829272881150246,0.48417508900165557,0.3359293334186077,-0.23987492471933364,0.4191816657781601,0.7907105337828397,1.053672906756401,1.0689350481145083,1.3654485203325748,0.999652823805809,1.0952302769757807,0.9440735548734664,0.2150736153125763,0.864974981546402
-0.032455130107700826,0.9007586218416691,0.7315794803202152,-0.09378529079258442,0.1938985303044319,0.9677010461688041,0.6241598308086396,0.15632193572819233,0.12279460933059454,0.4236718870699406,-0.33611107114702465,-0.0731831893324852,0.1204514518380165,0.12617228291928767,-0.11308793425559997,0.023837562836706638,0.022364097088575362,0.944566355086863,1.2532846610993147,1.767569798231125,0.5326499387621879,0.20460492601851002,1.0527575373649598,0.5013164162635804,-1.2115437299013139,0.5412970416015014,-1.2789443731307983,-0.48682323656976223,0.5006093963980675,-0.37406720370054247,-0.03981855511665344,0.2648228585720062,-0.5947701819241047,-0.39257818907499314,-0.6249386891722679,0.6333867728710174,0.5829200379550457,-0.16745867989957333,0.5001209318637848,0.7837057452648878,0.9768815487623215,1.0540107334963977,1.3293245978653432,0.9688846290111541,1.1567306832410396,1.0170465558767319,0.3581962466239929,0.7359500125050544
0.033537940494716166,1.0208420984447002,0.8817505419254303,-0.02542407400906086,0.16468246430158615,1.1059530287981034,0.7922660946846009,0.16711261160671712,0.11290306057780981,0.4542820952832699,-0.34574841652065513,-0.07267382219433785,0.04580832719802856,0.15705033726990222,-0.03266759440302849,0.1125291595235467,0.030485301464796066,0.9966995159164072,1.3127761106938123,1.829113495349884,0.6118424594402313,0.3018610618077219,1.1578277349472046,0.7276929169893265,-1.2862709641456604,0.7480189822381362,-1.2820138037204742,-0.4436189975589514,0.5653768286108971,-0.3134743332862854,0.07729726433753967,0.4732150673866272,-0.581436563283205,-0.4160833343863487,-0.3369411453604698,0.8777201533317566,0.7251529507339001,0.07826376892626286,0.6710398435592652,0.9219451736658811,1.1692509636282922,1.185485316347331,1.3603506214916705,1.1528750598430633,1.325967252254486,1.0365119248628616,0.5919733107089996,0.6878032498061657
0.14510984551161527,1.115615963190794,1.0178738236427307,0.01324530653655529,0.261344900727272,1.1782735258340835,0.7916132569313049,0.1106366116553545,0.09935023542493582,0.46472557112574575,-0.42284404635429385,-0.11563340947031975,0.01693897843360901,0.08922981210052967,0.04781080558896065,0.15667016450315713,0.007807161659002304,0.9754694262519479,1.3479737143963575,1.9065706372261046,0.6920616418123245,0.36093885665759445,1.2332086205482482,0.7652116864919662,-1.2877559065818787,0.7906320832436904,-1.2509615898132325,-0.3067897941917181,0.6367561683058739,-0.2097184032201767,0.1203465529717505,0.5740725278854371,-0.4548454977571964,-0.2710188031196594,-0.24530992656946182,0.9622073262929917,0.7409825675189495,0.13739333786070346,0.7802963495254517,1.0334117084741592,1.393869085609913,1.2503329168073833,1.3001623995602132,1.1690928280353545,1.3094384670257568,1.0128303915262222,0.658011618256569,0.7248150758445263
0.2895484251901507,1.2141558639705181,1.150991639494896,0.1661721806973219,0.4864119678735733,1.3344513654708863,0.68418889939785,0.10191008038818836,0.022713747806847095,0.5379349768161774,-0.47664308696985247,-0.04733597859740257,0.20231484174728392,0.047845229133963586,0.064036513119936,0.2900494093075395,-0.020530419796705245,0.8685903796926141,1.4060444097965956,1.9968605399131776,0.8077420115470886,0.358349051233381,1.2660864174365998,0.7071198701858521,-1.2833597898483275,0.7094319946831092,-1.2428600251674653,-0.13378957584500312,0.7248694993555546,-0.10921795442700385,0.08619917267933488,0.46792006492614746,-0.247039745002985,-0.21468173265457152,-0.3349349856376648,0.8953356713056564,0.8108966611325741,0.08425226099789143,0.7944436609745026,1.0595419138669968,1.5188802406191826,1.2532890806905925,1.110409627109766,1.0235418885946275,1.0845446765422821,0.8880983613431453,0.6488933652639389,0.7093494586646557
0.49962878655642273,1.1094329826533795,1.2031582474708558,0.2534970249980688,0.5410649806261063,1.3319263339042664,0.5248994529247284,0.09824480153620244,-0.004004737129434943,0.5165173269808292,-0.4603996410965919,-0.005630248039960861,0.2716918244957924,0.047024743258953096,0.12251170799136162,0.28812095914036034,-0.149897550791502,0.737214382365346,1.396856163069606,1.9958029866218567,0.8755814850330352,0.335626171156764,1.2602632462978363,0.5091701567173004,-1.1081510305404663,0.5733883358305321,-1.1418527722358705,-0.048007183521986005,0.606674824655056,-0.1611119605600834,-0.003820331674069166,0.24739522337913514,-0.07602222338318824,-0.08757111728191376,-0.34747729301452634,0.6511993736028672,0.884258046001196,0.08344439752399921,0.7392213344573975,0.9970401763916016,1.4230278179049491,0.951963300537318,0.7731577433645725,0.7238748103380204,0.7343035757541656,0.6302147649228573,0.5457278937101364,0.6840207926928997
0.5158689172938467,0.9131361305713653,1.0803246393799781,0.23856944106519223,0.4887011650018394,1.201896744966507,0.3583037078380585,0.02827414982020855,-0.1782687389757484,0.36870151534676554,-0.47063797861337664,0.007447577267885208,0.23227384686470032,0.009142173826694489,0.036562391370534894,0.24510904345661402,-0.25054408684372903,0.642829580977559,1.3465263705700636,1.860144966840744,0.846449738740921,0.26745399199426173,1.1527217864990233,0.3187385261058807,-1.0302553176879883,0.36078981531318277,-1.010453736782074,-0.11780977882444858,0.44107900410890577,-0.2859894074499607,-0.11099333940073848,0.08079347312450409,-0.10671746209263802,-0.08611996173858642,-0.45178050696849825,0.3643099516630173,0.989185617864132,0.04345836974680424,0.5264040201902389,0.8501883454620838,1.2122263118624688,0.6540011773817241,0.5872611127793789,0.4812494784593582,0.48180171847343445,0.4302691452205181,0.4160922169685364,0.5550806924700737
0.5254778059199452,0.8559963285923005,0.9615691065788269,0.2204917386174202,0.5424624624662101,1.1105751812458038,0.17605288922786713,-0.010244868323206901,-0.34881056188605725,0.192477897554636,-0.4812502935528755,0.004644302278757095,0.23144351541996003,-0.06544474959373474,0.047371330112218855,0.14461529050022365,-0.2769565373659134,0.5436567027121783,1.205949692055583,1.7045622050762177,0.7920090965926647,0.21301204040646554,1.005161814391613,0.20505373552441597,-0.8419062703847885,0.19349412096198648,-0.8680892795324325,-0.09525938834995032,0.4044845178723335,-0.2727966349571943,-0.16443795142695308,0.029795971512794495,-0.09583979249000549,0.021366730332374573,-0.45870294272899625,0.15174637734889984,0.932381733506918,-0.02750365398824215,0.4055935971438885,0.6123139567673206,1.0971003040671348,0.48386141275987027,0.299872799962759,0.27365641593933104,0.21038824915885926,0.13356769010424613,0.2777065083384514,0.4058377638459206
0.5849737824872137,0.9028329491615296,0.8926307946443558,0.18941942751407623,0.6380647930316627,1.0684703469276429,0.12010474056005478,-0.03295555673539639,-0.4108944266568869,0.07982873693108558,-0.46837021261453626,-0.03777580671012402,0.25092792361974714,-0.10122933983802795,0.07082226723432541,0.1150466414168477,-0.2660271167755127,0.5279323184862733,1.1088995378464461,1.5739930033683778,0.7533258073031902,0.20925945714116095,0.9034116432070732,0.23182619586586953,-0.6898735791444779,0.18240293336566538,-0.7657404005527496,0.027137238718569278,0.4977670148015022,-0.1517264883965254,-0.09779196707531809,0.09097497165203094,0.044820016622543334,0.10969484150409699,-0.30015950500965116,0.0735099732875824,0.9018173687160015,0.02742503918707371,0.3665461461991072,0.40706272795796394,1.1976504430174828,0.3780010989867151,0.14558990821242332,0.12593551874160766,0.023564106225967406,-0.07088062837719918,0.267780701816082,0.26084146052598955
0.6032671513035893,0.9732220001518727,0.8932197242975235,0.21118160784244538,0.5642464640550315,0.959801384806633,0.2132515527307987,0.052333494648337364,-0.36610931302420796,0.0539437510073185,-0.4448445012792945,-0.08989462070167065,0.3182354137301445,-0.1427187941968441,0.017145977914333345,0.17156212478876115,-0.1335136942565441,0.5854203626513481,1.089770881459117,1.4636820197105407,0.7162080459296704,0.32418188974261286,0.8848408028483391,0.40515106096863746,-0.5283366411924362,0.19722243323922156,-0.6153792858123779,0.1574122542515397,0.6092188000679016,0.04135454185307026,0.07530902558937669,0.26642496287822726,0.14755766689777375,0.1939181298017502,-0.0403104692697525,0.17225618064403533,0.976274847239256,0.18185236491262913,0.4405690263956785,0.3321954168379307,1.1927687309682369,0.3017240411601961,0.1030880905687809,0.04583069533109665,-0.06385859847068787,-0.12095261141657829,0.5038652941584587,0.19241546094417572
0.6397945584729314,0.8908091109246016,0.8605366677045823,0.2676584988832474,0.46676524011418224,0.9421524867415428,0.3315778113901615,0.07352549210190773,-0.32282926882617174,0.044251203536987305,-0.4751782862469554,-0.10604118518531322,0.36805363148450854,-0.2559645615518093,-0.03572504073381424,0.28670401126146317,0.021531764417886734,0.6264680925756693,1.1379720013588668,1.3336277842521667,0.6193179063498974,0.4714278068393469,0.8778299018740654,0.4907896675169468,-0.4324083238840103,0.24895047396421432,-0.4315180003643036,0.311601329036057,0.6733756929636001,0.25529694445431234,0.25744085097685454,0.3658546984195709,0.1172520563006401,0.28183713257312776,0.11346565186977386,0.226160928606987,1.0931562088429927,0.2715975049883127,0.4984178405255079,0.31882755532860757,1.1186022721230984,0.23147560469806194,0.02338159382343292,0.017625980265438556,-0.24080291986465455,-0.19992537125945092,0.6401557639241219,0.21791468560695648
0.6841244388371706,0.85104552191915,0.7903241783380508,0.2936901867389679,0.5475107251666487,0.9976569131016731,0.27927470952272415,0.08223112449049949,-0.27383058513514696,-0.03915911130607128,-0.44124775361269714,-0.1444889258593321,0.4085135594010353,-0.33145876303315164,-0.021954058110713957,0.3845053903758526,0.08357974104583263,0.46389046050608157,1.1607436314225197,1.20170456469059,0.5560304753482341,0.54540677331388,0.8604312524199486,0.40589817240834236,-0.1856140077114105,0.17902032434940338,-0.33586679846048356,0.4348152788355947,0.68209128677845,0.3043925169855356,0.34817351484671233,0.2790960865095258,0.26745829433202745,0.15954445600509642,0.23560844361782074,0.11662885248661041,0.9242387495934963,0.3119773641228676,0.48462288491427896,0.35969201996922495,1.0013403676450252,0.11340421847999096,-0.024273891746997834,0.16739663053303958,-0.45088123083114623,-0.37271790131926535,0.6136121317744255,0.31637951284646987
0.6762513924390078,0.6603574125212617,0.5929707795381546,0.2851691678166389,0.5261830835603177,0.7792144313454628,0.06748585253953934,-0.02241944745182991,-0.27129767681472006,-0.07042156718671322,-0.47681316267699003,-0.11687338836491108,0.39823315292596817,-0.41063104197382927,-0.1093211941421032,0.33030924052000044,0.05949856899678707,0.18349801637232305,0.9692339077591896,1.0393729314208031,0.4801355592906475,0.439834638312459,0.7673664540983737,0.19106346741318703,-0.10756657421588897,-0.104537233710289,-0.3275167360901833,0.3881582381203771,0.4044195681810379,0.21522000171244143,0.3399123468436301,0.04660350251942873,0.2716420516371727,0.14910759329795836,0.05537606179714203,-0.15383056104183196,0.8014804951846599,0.11623613983392715,0.3173043023794889,0.3029799111187458,0.6744509838521481,-0.08041997142136097,-0.17315248996019364,-0.037823603861033915,-0.682708466053009,-0.4623904459178448,0.3959010288119316,0.3573587812483311
0.5248918939381838,0.32371160668553783,0.3097615510225296,0.2063808485865593,0.3159018008969724,0.41427420526742936,-0.11442333906888962,0.004128354042768479,-0.34004363710992036,-0.15408908389508724,-0.39922681283205746,-0.0757162932306528,0.29798644632101057,-0.4245256774127483,-0.3861605994403362,0.14046372324228287,0.016720918565988542,-0.16210382841527463,0.6644364610314369,0.6631141766905785,0.3832932822406292,0.2222455758601427,0.5452122301794589,-0.04894153699278832,-0.03076336029917002,-0.39201718270778657,-0.2616740331053734,0.23608396667987108,0.11159094274044037,0.0736972663551569,0.27333239912986756,-0.23468988966196774,0.0738330140709877,0.04184708595275879,0.09155049473047257,-0.40596507489681244,0.764139711111784,-0.09403707832098007,0.07704209201037884,0.1537982054054737,0.2458953522145748,-0.3611076969653368,-0.4185479417443275,-0.3040475292131305,-0.881196653842926,-0.6132074408233166,0.11902989596128463,0.19988935366272925
0.37519244737923146,0.063166680757422,0.058647599816322324,-0.003055723011493683,-0.01401804992929101,0.1385079637169838,-0.2047134354710579,-0.0832553394138813,-0.3544435809832066,-0.2790105905383825,-0.394674782268703,-0.0836769375950098,0.014498399198055267,-0.4435964159667492,-0.463179861754179,-0.019422106444835663,-0.0049861367791891095,-0.40611674152314664,0.363419808447361,0.25212923139333726,0.1735791139304638,0.07012773938477039,0.3007160396315157,-0.15577811524271964,0.034724058024585246,-0.4399821415543556,-0.26275531500577926,0.12455606888979673,-0.014294692128896714,-0.03905579932034016,0.22859960794448853,-0.3287425084039569,-0.23012035936117173,0.08589786617085338,0.0766523614525795,-0.5237056583166122,0.8249736152589321,-0.18654360622167587,-0.1310504961758852,-0.06342965289950371,-0.05838974490761757,-0.46515561230480673,-0.4694940984249115,-0.28970862459391356,-0.8145538426935672,-0.6135075807571411,0.033413974940776824,0.07415641024708748
0.20970616526901723,-0.14059420543489978,-0.12066787779331208,-0.0679256796836853,-0.1644118488766253,-0.09872400611639023,-0.17479147091507913,-0.12315519787371158,-0.4316514119505882,-0.33267272599041464,-0.4194904251024127,-0.16435694135725498,-0.20100378692150117,-0.5035305611789227,-0.633539504557848,-0.2032677099108696,0.08211796395480633,-0.5553123002871871,0.10327899605035781,-0.012299682199954986,0.06286407336592674,-0.018128032609820367,0.019846949074417353,-0.1255025051534176,-0.05299756396561861,-0.5211937114596367,-0.3975513204932213,0.021150824241340162,-0.18010958135128022,-0.07069148905575276,0.2668429106473923,-0.271129940263927,-0.45076738446950915,-0.04918100805953145,0.04781468659639358,-0.44708141684532166,0.6134177587926388,-0.2934673175215721,-0.2684844065457582,-0.1825716458261013,-0.2202909119427204,-0.5123836923390627,-0.532503354549408,-0.24454353880137206,-0.7317066170275212,-0.5870164632797241,0.06258038356900215,-0.07722775861620904
0.15183430016040803,-0.11412775608478114,-0.14284565299749374,0.02120315730571747,-0.1316381637006998,-0.2056145653128624,-0.09520325735211373,-0.05682125948369503,-0.33196104019880296,-0.2632950771600008,-0.4439524574205279,-0.14849156476557254,-0.22460049241781235,-0.4943909697234631,-0.6768768258392811,-0.2990395173430443,0.19274326972663403,-0.7587463861331344,-0.17583830207586287,-0.23138463050127028,0.061643606424331664,-0.037265076860785486,-0.16174311330541968,-0.0904480092227459,-0.008207337744534016,-0.5167659148573875,-0.3949014350771904,0.08688722271472216,-0.24936638176441192,-0.080983142927289,0.37156539857387544,-0.2965059680864215,-0.4105981335043907,-0.1304451105184853,0.35846378952264785,-0.3187636733055115,0.5693172179162502,-0.24050616025924682,-0.24992507584393026,-0.2608934253454208,-0.29361464753746985,-0.44519495256245134,-0.7306953713297843,-0.1779358757659793,-0.6913691259920597,-0.6731255620718002,0.13337014392018318,-0.22700989693403245
0.22026491165161133,-0.1195765862124972,-0.105491241812706,0.08857671469449997,-0.03333305455744266,-0.2831630870699883,-0.04071205928921699,0.010304060950875282,-0.20199268609285354,-0.17140197195112705,-0.33948626052588227,-0.0843616385012865,-0.15208411067724228,-0.462848349660635,-0.583604571968317,-0.21558736115694047,0.25778574384748937,-0.9199623292312026,-0.36672021001577376,-0.4458091929554939,0.08390991911292076,-0.046091700345277785,-0.35067974468693136,-0.09458573497831821,0.045991568081080916,-0.39966837614774703,-0.3880106847733259,0.16686139144003392,-0.17336166203022002,-0.051292964816093446,0.45011268854141234,-0.283991969935596,-0.3898949235677719,-0.054035982210189105,0.5437139108777046,-0.21641204059123992,0.5893160179257393,-0.04847931563854217,-0.1908113371580839,-0.25662249624729155,-0.2810899533331394,-0.33234341740608214,-0.7328720197081566,-0.07280353140085935,-0.6155465729534626,-0.596644988656044,0.19610294327139854,-0.2891680493950844
0.19402676820755005,-0.16558964940486476,-0.06082884669303894,0.20310523062944413,-0.04537389613687992,-0.219829760491848,0.07059041038155556,0.08707520700991153,-0.06393996626138687,-0.05028978623449802,-0.26556586306542157,-0.0102447509765625,-0.09284242540597916,-0.448973523825407,-0.5745636910200119,-0.1649923361837864,0.38876812495291235,-0.8440986257046461,-0.4599302545189857,-0.5734255209565162,0.06985876187682152,0.03458897992968559,-0.49312883159145715,0.0345186498016119,0.022527602128684522,-0.22258261293172837,-0.36567120961844923,0.1263763163238764,-0.2877784788608551,-0.0015464693307876587,0.5492647618055344,-0.18446349631994963,-0.4601732313632965,-0.06440943451598287,0.615290667116642,-0.02634590268135071,0.6352645501494407,0.017433977127075194,-0.06619318127632141,-0.13903927505016328,-0.35916338935494424,-0.21338194310665132,-0.7651213213801384,0.08640892077237368,-0.5008626975119114,-0.5267679460346699,0.2542385958135128,-0.27697498351335526
0.17755273580551148,-0.2134889060514979,-0.11058038473129272,0.16498791724443435,-0.08587033487856388,-0.16138787418603898,0.12738411799073218,0.020595166459679605,-0.10103978291153907,-0.11488499976694584,-0.22147370502352715,-0.041108009219169614,-0.17798586040735245,-0.47257003784179685,-0.4985061317682266,-0.17902681306004525,0.3098477993160486,-0.8487017255276441,-0.4568533316254616,-0.6424935013055801,-0.03595176413655281,-0.018149406462907792,-0.5738729453645647,-0.0309540543705225,-0.10928817111998797,-0.15597378611564636,-0.35965198688209055,0.03427312411367893,-0.4073035031557083,-0.1668213138822466,0.41883480846881865,-0.19017897378653287,-0.5435615286231041,-0.1183618632145226,0.529399873316288,0.01578456163406372,0.5211578473448754,0.07316091060638427,-0.02121275067329407,-0.10415719151496887,-0.2825032114982605,-0.05079832971096039,-0.7195446074008942,0.12782307136803867,-0.4362080920487642,-0.5314749829471112,0.09756098364014179,-0.25423450767993927
0.05595564544200897,-0.27752577940700573,-0.1682131201028824,-0.001639673113822937,-0.06838419660925865,-0.13393914997577666,0.17320089116692544,0.02005288563668728,-0.1597468860447407,-0.2249291893094778,-0.2479960575699806,-0.099354487657547,-0.35086348205804824,-0.46691795587539675,-0.5384856920689345,-0.13720936849713325,0.2727570842951536,-0.7123233824968338,-0.3700875654816628,-0.7490469545125962,-0.1979030080139637,-0.06204613521695137,-0.6318820423446596,-0.07321724686771632,-0.22183778006583452,-0.1978744998574257,-0.4757792096585035,-0.1764300163835287,-0.4968233972787857,-0.3693881879094988,0.2874935269355774,-0.2565048230811954,-0.58645109385252,-0.24968465836718678,0.4301398202776909,0.051685374975204465,0.5413665816187858,-0.01737290173768997,-0.05652095079421997,-0.02485124468803406,-0.3516193121671677,0.041302619874477385,-0.7041394948959351,0.1027301862835884,-0.4447641957551241,-0.6367269806563854,-0.04121001388411969,-0.3423330619931221
-0.04634048938751221,-0.2736484963446856,-0.2200801581144333,-0.1931583672761917,-0.11159602887928485,-0.11884422302246093,0.1787772573530674,0.011425259336829186,-0.3088480271399021,-0.3898911789059639,-0.34426305443048477,-0.2689820259809494,-0.49657799750566484,-0.4667484760284424,-0.6075482558459043,-0.22993364268913866,0.21511143520474435,-0.6753989472985268,-0.27815721929073334,-0.7496261328458786,-0.39932954385876657,-0.2237525351345539,-0.75375213092193,-0.27783821914345025,-0.28101080674678086,-0.1873539850115776,-0.4236209448426962,-0.28757986091077326,-0.4779805213212967,-0.544439802551642,0.11218014359474182,-0.3869454950094223,-0.5756602689623833,-0.14491722257807851,0.4466559574007988,-0.07051544189453125,0.4778108403086662,-0.06623088605701924,-0.12460587620735168,-0.1988576829433441,-0.27847729064524174,0.08237638622522354,-0.7728391632437706,-0.1108384981751442,-0.44956592209637164,-0.6989905588328839,-0.26406140651088206,-0.6154855147004128
-0.15104102194309235,-0.15283863730728625,-0.3170452803373337,-0.36495927423238755,-0.20368597991764545,-0.02342619001865387,0.2057812787592411,0.10521658025681972,-0.2936475731432438,-0.5187605395913124,-0.35004196912050245,-0.4401097148656845,-0.5712417960166931,-0.43441511392593385,-0.5677835416048765,-0.23527003498747945,0.2116490252315998,-0.6035738661885262,-0.14181192219257355,-0.7073438733816146,-0.5477744169533253,-0.3531262636184692,-0.806521325558424,-0.44512151274830103,-0.28687265533953904,-0.0619240939617157,-0.3400797750800848,-0.41984347365796565,-0.3532766729593277,-0.6114398846868425,-0.043270403146743776,-0.43346516191959383,-0.5378784980624914,-0.11869922252371908,0.5624428203329443,-0.1600811719894409,0.5067500248551369,0.0041624438017606735,-0.13362424969673156,-0.38124737739562986,-0.15508501157164573,0.1040660336613655,-0.7089121628552675,-0.004028131067752838,-0.4083858419209719,-0.6966089002788067,-0.32144894923549144,-0.8497871503233909
-0.1772172123193741,0.13214753679931163,-0.33651648461818695,-0.33209552615880966,-0.037851103022694586,0.24217358529567717,0.29254635944962504,0.14565126560628414,-0.1638421006500721,-0.5326456233859063,-0.43363658636808394,-0.5684723630547523,-0.5139583200216293,-0.47155013084411623,-0.39349638037383555,-0.0548854541964829,0.2345845814794302,-0.4763747051358223,-0.017644277215003966,-0.5494834013748914,-0.6632778234779835,-0.33399252891540526,-0.7816684536635876,-0.2923172878101468,-0.2950376905500889,0.12053632140159606,-0.3173473385046236,-0.3671648111194372,-0.2185215413570404,-0.5413044499699027,-0.06097997426986694,-0.26808310151100156,-0.3549394320696592,-0.056187957245856526,0.5939327364787459,-0.12915929555892944,0.453536094725132,0.265546215698123,-0.008794936537742614,-0.46880643963813784,0.09802791252732276,0.22589286118745805,-0.6758247006684541,0.19781451672315598,-0.26544052846729754,-0.6437803722918034,-0.13050332691054792,-0.8892300769686698
-0.1745542913675308,0.27568433694541455,-0.36616445481777193,-0.23370220512151718,0.2536987941712141,0.3973544746637344,0.3365528717637062,0.1816605504602194,-0.11870111152529716,-0.5310122534632683,-0.5025543317198753,-0.7167247250676155,-0.3984794169664383,-0.534503972530365,-0.38111728243529797,0.1105235862545669,0.21659621596336365,-0.3698563352227211,0.04094296395778656,-0.4413154729176313,-0.6741620607674121,-0.2995766282081604,-0.7226595751941204,-0.14667857754975558,-0.22586565166711808,0.22684344351291658,-0.20896038532955571,-0.24804378487169743,-0.07788908630609512,-0.427439301321283,-0.07316386699676514,-0.029560774564743042,-0.0784831952303648,-0.08966868221759797,0.6989124974235892,-0.0569050133228302,0.4093169465661049,0.48492875806987285,0.11094890534877777,-0.4288597822189331,0.4427344001829624,0.29469942301511765,-0.7201061639934778,0.31562061458826063,-0.1494119416922331,-0.5780493639409542,0.03391867850441486,-0.8259093210101127
-0.08093670345842838,0.5000812094658613,-0.2647249300032854,-0.11267741769552231,0.5184414338320493,0.6022595793008805,0.4479864962399006,0.228838874027133,0.0749066300690174,-0.4935412898659706,-0.4796328112483025,-0.7272451594471931,-0.1946723408997059,-0.5367462635040283,-0.3310992818325758,0.4285403060726821,0.2570165418088436,-0.2194930175319314,0.12605527341365813,-0.39739757855422797,-0.7494287855923176,-0.2688580572605133,-0.618335136026144,0.027831427566707135,-0.07805158942937851,0.43126762807369234,-0.10490818143589423,-0.10047242380678653,0.13599966317415238,-0.23828146369196473,-0.08303195536136627,0.17527003288269044,0.11962256915867328,-0.03914535045623779,0.5594397624954581,0.012913864850997925,0.5994999960064888,0.5249086644500494,0.21650673151016236,-0.36469310224056245,0.5482629783451557,0.54949801415205,-0.5832420486956835,0.3891155943274498,0.058508597686886786,-0.3418097756803036,0.23122021306771784,-0.718624459207058
0.12041583321988583,0.5883075844496488,-0.1953994084149599,0.02043600529432297,0.6700901489704847,0.7327670842409134,0.517221150547266,0.23948641158640385,0.15067434981465339,-0.5270268753170967,-0.4262457326054573,-0.7322831019759178,-0.13174107000231744,-0.5129905372858048,-0.2260406207293272,0.6332212436012924,0.2281340930610895,-0.06784752681851387,0.23248423039913177,-0.2881617017555982,-0.7728321313858032,-0.24096716269850732,-0.48243647143244744,0.15421265494078398,0.065247543156147,0.560728469491005,-0.03894457117421553,0.04335307404398918,0.30494428128004075,0.008245492866262794,-0.06549584567546844,0.3755693107843399,0.21837395317852498,0.020570626854896544,0.4246733268722892,0.05502896904945374,0.5785507008433342,0.6187885787338019,0.309159180521965,-0.2183968871831894,0.6718568779528141,0.6876546129584312,-0.4125727403908968,0.6563425675034523,0.2227420199662447,-0.15853609666228294,0.33432423521298915,-0.5157913908362388
0.04554133675992489,0.5075460147112608,-0.260748391225934,-0.02777741737663746,0.541473476216197,0.7305117666721344,0.43216279819607734,0.15254921950399875,0.08823296502232551,-0.5522789493203163,-0.5611847326159477,-0.8172788560390473,-0.14707626923918724,-0.5701609075069427,-0.3400482635945082,0.6110185909084975,0.11464032270014286,-0.06968119218945504,0.27818424105644224,-0.17848604773171245,-0.7236703976988792,-0.22460646256804467,-0.34312176927924154,0.09659674931317568,0.03336883038282394,0.4571960300207138,-0.02252903812332079,0.06165282055735588,0.3030810162425041,0.16827503829263152,0.0026239901781082153,0.33595426781103016,0.11148935742676258,-0.10495321154594421,0.3438212176784873,0.009979538340121507,0.5521222665905953,0.4307957302778959,0.23641378581523895,-0.10053345561027527,0.6105837412178516,0.5814194791018963,-0.40427890308201314,0.6887825265526771,0.20153499729931354,-0.17943199202418328,0.2888075922848657,-0.4745999976992607
-0.01328565813601017,0.3609902154654264,-0.2943939734250307,-0.22489515133202076,0.4165590386837721,0.6296298749744892,0.2905793197453022,-0.023238199576735497,-0.059111689776182176,-0.6891213551163673,-0.737001022696495,-0.9217709898948669,-0.3511654697358608,-0.629866698384285,-0.4301893960684538,0.4445543217472732,-0.08522794507443905,-0.25063762739300727,0.28148217885755,-0.1756464794743806,-0.7561174437403679,-0.39078624472022055,-0.3433631382882595,-0.2428207440301776,-0.04758715629577637,0.3638028711080551,-0.17583262854022905,0.06513718888163567,0.2510004058480263,0.14446647553704678,-0.09602257907390595,0.1129115710966289,0.039004712179303166,-0.16024124324321748,0.11587376799434423,-0.23924983916804193,0.5845930874347687,0.25245078317821024,0.008224233984947205,-0.2001070111989975,0.5074887283146381,0.45902627930045126,-0.3969955075532198,0.5984201580286026,0.12251268215477466,-0.2731146767735481,-0.016682198154740036,-0.611006872355938
-0.2817600939422846,0.18155286870896817,-0.569864260032773,-0.44602281637489793,0.3696177076548338,0.4511168785393238,-0.0404195062816143,-0.13539268933236598,-0.28351899087429044,-0.8192675158381462,-0.9182590305805206,-1.125049439072609,-0.6263546548783779,-0.6900481730699539,-0.66772252433002,0.25657234964892267,-0.29733874164521695,-0.5222059316933155,0.03715543239377439,-0.3752126992214471,-0.9223537400364876,-0.7045988760888576,-0.6187115609645844,-0.4662278635427356,0.006533435732126236,0.10846606791019439,-0.16888323955936357,-0.01854039803147316,0.10163996070623398,0.04579240269958973,-0.3093375593423843,-0.1260159601457417,-0.09265950582921505,-0.09207600355148315,-0.025400016643106937,-0.5011569756083191,0.4012184739112854,-0.08948079831898212,-0.3571686059236526,-0.4432976573705673,0.28409175351262095,0.17989404425024985,-0.6279102403670549,0.45957657843828204,-0.06398382484912872,-0.4312426343560219,-0.2009268581867218,-0.8574348852038384
-0.4815580788999796,0.02761087380349636,-0.8182060021907092,-0.5975330267101526,0.30744375884532926,0.28800958171486857,-0.3795924179255962,-0.25325247943401336,-0.4182850569486618,-0.8931304857134819,-1.0413598090410232,-1.2654229700565338,-0.7174343429505825,-0.7743251711130142,-0.8196652889251709,-0.007051388639956713,-0.5008768502622842,-0.8613211818039417,-0.2783474496100098,-0.5331822514999658,-1.0408722832798958,-1.0854845069348813,-0.9974189072847366,-0.5019094623625279,-0.005685123056173325,-0.06369757801294326,-0.2720184319536202,-0.08902663961052895,0.0387560173869133,-0.0093793373554945,-0.5383959889411927,-0.1520052750594914,-0.19359533451497554,-0.161278635263443,-0.25756989810615777,-0.6898786204867065,0.27500387355685235,-0.36024389006197455,-0.6596482008695602,-0.816338273882866,0.26202916279435157,-0.03948260471224785,-0.7930406052619219,0.37891619354486467,-0.2033477693796158,-0.5267002120614052,-0.13113301545381545,-1.011105054616928
-0.5485990647226572,-0.02403811812400818,-0.9737142700701952,-0.5400267336517572,0.4213274985551834,0.1650695450603962,-0.606404497474432,-0.3815627619624138,-0.4405502647161484,-0.8997361227869988,-1.1079288393259048,-1.2614838421344756,-0.7268407605588436,-0.844878825545311,-0.8522657513618469,-0.13544694744050503,-0.684129673615098,-1.1120683960616589,-0.5746264150831848,-0.7131812364328652,-1.01492430716753,-1.3408708594739438,-1.3001130431890489,-0.3457394428551197,0.05453295931220055,-0.20243031829595565,-0.3343159966985695,-0.041313204914331436,0.028939677774906157,0.04662034697830677,-0.666066724061966,-0.024701287876814602,-0.14048500321805477,-0.2638266384601593,-0.3903833696618676,-0.6843706148676574,0.24739438518881798,-0.5539795160293579,-0.9104120612144471,-1.0551937729120255,0.34361497573554517,-0.2206565521657467,-0.9176082212477923,0.31661634892225266,-0.3084611564874649,-0.6357675209641457,0.08743248581886291,-1.0337064564228058
-0.3837943259626627,0.09399486780166626,-0.7447776038199663,-0.2590959880501032,0.7590859860181809,0.2586131788790226,-0.5696054299362003,-0.3232604578137398,-0.38006343841552737,-0.7770174100995064,-1.0400921236723661,-1.1173695161938668,-0.6088970147073269,-0.8758395344018937,-0.9029864609241486,-0.20060542076826096,-0.6913114193826914,-1.1304253987967967,-0.7374693742487579,-0.7258978561032563,-0.8439273342490197,-1.2698119424283505,-1.413801595568657,-0.08009124472737313,0.10951635763049125,-0.1741083472967148,-0.38593097262782977,0.3206453822553158,0.2979066386818886,0.23214976973831652,-0.5150944977998734,0.19250834928825497,0.16783915907144548,-0.4072927564382553,-0.4885504260659218,-0.51914357310161,-0.08045745864510537,-0.6362694680690766,-0.9318855285644532,-1.09161995947361,0.5478188246488571,-0.2746775887906551,-1.0351705744862556,0.2544251725077629,-0.4230134218931198,-0.6913664832711219,0.3272522509098053,-0.919316565990448
-0.17568135894834996,0.04310634732246399,-0.5291439849883318,-0.07785706259310246,0.8382653594017029,0.122565246373415,-0.6416011323221028,-0.3664644159376621,-0.45883331038057806,-0.6680579856038094,-0.8974794100970029,-0.8696944907307624,-0.3591564349830151,-0.6255695194005966,-0.5782072216272354,-0.29731135070323944,-0.7334763038903475,-1.0254059173166752,-0.8146825781557709,-0.4933239914476871,-0.4511257275938988,-0.9915863178670407,-1.31626795232296,0.09073940515518189,0.2503883741796017,-0.280444797873497,-0.1635471485555172,0.5504556201398373,0.3934239611029625,0.4121755059808493,-0.26577253043651583,0.40100902365520597,0.40899938344955444,-0.5146956369280815,-0.5327650560997427,-0.25613319044932725,-0.4405244566500187,-0.6012681901454926,-0.7433178156614304,-0.9978344172239304,0.5239391773939133,-0.5024624250829219,-1.0720466032624245,0.12174751311540603,-0.6082425504922867,-0.7878716439008713,0.4604884833097458,-0.922568941116333
0.07796552740037441,-0.06538057923316956,-0.19948076792061328,0.11109775565564632,0.5890872716903687,-0.0959006242454052,-0.5522657957859337,-0.2805986888706684,-0.4318627241998911,-0.5338207319378853,-0.5958193134516477,-0.5183099702000618,-0.1839144103229046,-0.18624764382839204,-0.1533201366662979,-0.44151721298694613,-0.6549874249845743,-0.8429780878126621,-0.781817420432344,-0.26015892401337626,-0.1046131357550621,-0.6424301885068416,-1.1420128971338273,0.1375644326210022,0.3084836207330227,-0.3405904442071915,0.04872707352042198,0.6209541171789169,0.37985384911298753,0.48161213397979735,-0.05018876492977142,0.43504999922588466,0.37858766317367554,-0.2742298230528831,-0.47801451971754433,-0.048464701231569055,-0.34218394532799723,-0.4965354323387146,-0.5858615666627884,-0.775851371884346,0.1435401290655136,-0.6528213165700436,-1.0083316199481487,-0.056012611091136935,-0.7594395518302918,-0.8181693762540817,0.41329661309719085,-0.9368067800998687
0.1736627221107483,-0.22763436436653137,-0.04283876121044159,0.2183459486812353,0.28793497681617736,-0.3182710699737072,-0.5045000878162682,-0.31714269146323204,-0.38494803942739964,-0.3625670775771141,-0.49086134843528273,-0.26652199774980545,-0.1341219499707222,0.034288474917411806,0.1628055065870285,-0.6122642427682876,-0.6346833143383265,-0.8089760584756732,-0.7518060164991767,-0.08209079280495643,0.23093648105859757,-0.3750306211411953,-1.0054963290691377,0.031483051180839536,0.35064440295100213,-0.42552718967199327,0.09184601232409477,0.6122986823320389,0.25833004266023635,0.4428019642829895,0.0984594076871872,0.36457812832668424,0.21204839944839476,-0.14025507718324662,-0.3699993192218244,0.0026108079589903356,-0.43043065443634987,-0.356795896589756,-0.4549591302871704,-0.5858136296272278,-0.020378276705741882,-0.7334029279649258,-0.8938234753906726,-0.03405253440141678,-0.7788622498512268,-0.8290508717298508,0.1708377331495285,-0.9485990777611732
0.0064956903457641605,-0.4530415713787079,0.002961277961730957,0.16447580717504023,0.05222828388214111,-0.46654332205653193,-0.4982025352306664,-0.28335425779223444,-0.2359410349279642,-0.12511229366064072,-0.31997232548892496,-0.09569877535104751,-0.08526314795017242,0.1567789137363434,0.22660161852836608,-0.7757476430386305,-0.644776863232255,-0.8212714925408363,-0.759211994940415,-0.08524252250790595,0.3844535857439041,-0.24643767178058623,-0.945560023188591,-0.09669961631298066,0.2407887067645788,-0.5004218991845846,0.09467744566500187,0.42801871299743655,0.015482063591480254,0.21300670504570007,0.06542296707630157,0.1723091815598309,0.037507712841033936,-0.032335154712200165,-0.4901009171269834,-0.04703743075951934,-0.40028846338391305,-0.3931271567940712,-0.4607597470283508,-0.46357218623161317,-0.24286052882671355,-0.7259507022798062,-0.8035203851759434,-0.2636669650673866,-0.8440439999103546,-0.7398066431283951,-0.03651573359966278,-0.9226611271500588
