-0.5979772880673409,0.8010738879442215,-0.1456901405006647,-0.09917300418019295,-0.8511491887271404,-0.19810451082885266,-0.018792081624269485,-0.009986576810479163,-0.08789632357656955,-0.09032319636899047,-0.27633865028619764,-0.4272274002432823,0.13191581554710866,-0.12476826086640358,-0.1250016588717699,0.35043769888579845,0.5120546408928931,0.8893540143966675,1.216826955974102,0.8896130084991455,-0.1760345647111535,0.24113266048952936,1.2312428593635558,1.9018829762935638,-0.9957640111446381,0.18280226523056625,-0.5721355158369988,-0.2762599193258211,0.40060224011540413,0.08738394603133201,0.02092738226056099,1.241783970594406,0.23357333410531284,0.3395992934703827,0.3391603738069534,1.4687064468860627,0.12746191080659627,0.22338512632995844,1.0380094200372696,1.4143166482448577,0.496710342541337,0.48600902226753534,0.9567630425095558,0.3469317093491554,1.1046024499461056,0.9228840142488479,1.5733361423015595,1.6224734783172607
-0.6025173142552376,0.753276064991951,-0.14595237001776695,-0.07767192870378495,-0.9171761028468609,-0.2836129229515791,-0.055102080851793286,0.07638443000614643,0.19312493167817593,0.16541472224635073,-0.1447545900940895,-0.28978808373212817,0.06101449616253376,-0.18692109733819962,-0.12862830348312854,0.312065739557147,0.37684420729056,0.7443773925304413,1.0734123572707177,0.8486154615879059,-0.10970767382532358,0.2348938244394958,1.2431533336639404,1.842139995098114,-0.9736940264701843,0.13688130313530564,-0.5000222462695092,-0.34308134615421293,0.30315308198332785,0.0629530243575573,0.07881293967366218,1.1687361165881156,0.1657828064635396,0.27379820346832273,0.33740244507789613,1.4639996528625487,0.06857829745858908,0.1276448169723153,1.0505593717098236,1.502533733844757,0.4062972906976938,0.5872564401943237,0.9373602703213691,0.49311289489269255,1.2212617998942732,1.0919245541095735,1.5455220639705658,1.6410310029983521
-0.7219591677188874,0.7845656685531139,-0.2114690773189068,-0.17025588303804398,-0.8828753136098385,-0.3773197527974844,-0.1144484080374241,0.23317482359707356,0.5179411705583334,0.4570774808351416,-0.07849326580762864,-0.17764830440282822,-0.05594787560403347,-0.22989658936858176,-0.08813699372112752,0.21560144536197184,0.22153680408373475,0.48149033188819884,0.8200547322630882,0.7132838666439056,-0.09850958827883005,0.14096160707995295,1.1718499585986137,1.6578707575798035,-0.8714279189705849,0.05510117569938302,-0.3690537996124476,-0.4584660828113556,0.167997532337904,0.009355878084897995,0.025378746539354326,0.949106578528881,0.07899767775088548,0.18778184652328492,0.28800453543663024,1.3288048699498176,0.148093768209219,0.1819169083610177,1.017788189649582,1.4628610253334045,0.34362576007843015,0.6816680517513305,0.9481098711490631,0.7468963474035263,1.3711523026227952,1.2908289641141892,1.37365682721138,1.557512778043747
-0.9072617411613464,0.6742302916944027,-0.28648746535182,-0.2992140308022499,-0.9164698086678982,-0.4446532275527716,-0.15834498181939125,0.3570901948958635,0.796489679440856,0.7215667977754492,0.01922413259744644,-0.09890558645129204,-0.18221763372421265,-0.242166568338871,-0.19031369276344776,0.10288634113967418,0.08811202133074403,0.18780606091022492,0.5918579384684562,0.5859071731567382,-0.12757120970636607,-0.02133401157334447,1.099070843309164,1.4260786443948745,-0.8749496236443519,-0.03337945928797126,-0.3828056402038783,-0.5968947798013687,-0.03884127140045166,-0.18375428393483162,-0.1031065158545971,0.6796881005167961,-0.07395227383822203,0.10107726454734803,0.16001197099685668,1.144746045768261,0.1258893243968487,0.04401894304901362,0.9269594982266426,1.415611743927002,0.25742036700248716,0.7582553770858794,0.8448634207248688,0.8529206782579422,1.4164902150630951,1.4028474330902099,1.0993848741054535,1.453912228345871
-1.0674839675426484,0.5196655057370663,-0.3204176925122738,-0.3905047081410885,-0.8925108186900615,-0.4349102683365345,-0.23631361201405526,0.41720058061182497,1.0239636339247227,0.9137368038122077,0.08940553292632103,-0.05901034325361252,-0.2813209056854248,-0.04406572729349136,-0.2419884789735079,0.007554444298148155,-0.10727403676137329,-0.06663945019245147,0.3501612052321434,0.49720136523246766,-0.11432637963443995,-0.20794658185914158,0.9854028878733516,1.178463361156173,-0.9558252140879631,-0.17343646874651314,-0.4218272782396525,-0.7045613050460815,-0.16469041407108306,-0.3503873609006405,-0.24466313868761064,0.3988973304629326,-0.19608522187918426,0.01654769629240036,0.025733250379562377,0.9801954738795757,0.1083252839744091,-0.0316002419218421,0.8493822112679481,1.2893454134464264,0.21406645104289054,0.7231333282310516,0.6755812585353851,0.8796349257230759,1.362129157781601,1.4248958349227905,0.78301722407341,1.3132305502891541
-1.1687947869300843,0.2961801789700985,-0.47060935720801356,-0.5090593241155148,-0.8310640014708042,-0.47256835401058195,-0.3936935611069202,0.4350462231785059,1.1129690416157245,1.0606937601987738,0.06585230380296707,-0.03338998854160309,-0.4029539093375206,-0.14081497341394425,-0.2728763449937105,-0.0975219551473856,-0.3839717618189752,-0.3961681991815567,0.042847178876399994,0.34494915092363954,-0.11072533074766397,-0.40388460280373695,0.8648569224402308,0.9096485753776505,-0.9237785503268242,-0.44561812272295354,-0.42022526036016644,-0.8191900625824928,-0.3807247966527939,-0.546360083669424,-0.4120927110314369,0.16184962540864944,-0.2978442503139377,-0.057898867130279544,0.030334454774856568,0.7542538486421109,-0.06160920634865761,-0.10226267781108618,0.7447582110762596,1.1364444375038147,0.028970962017774583,0.5764878999907523,0.44657098725438116,0.8173630654811859,1.268943327665329,1.33003568649292,0.5140795893967152,1.1587585866451264
-1.1786887526512146,0.13668803703039883,-0.5469677969813347,-0.559169840067625,-0.736992210894823,-0.43859454467892645,-0.36423839926719664,0.38857142366468905,1.341270922869444,1.266797141713323,0.1129700317978859,-0.0006426736712455749,-0.43282293528318405,-0.20462370794266463,-0.3098246086388826,-0.25078388340771196,-0.5241109124384821,-0.6474488288164139,-0.16318415254354476,0.24276941502466798,-0.11298882309347391,-0.5478739363141358,0.7368971584364772,0.7502596100093797,-0.8058317586779594,-0.4798085830174387,-0.3390471435617656,-0.8658588781952858,-0.5308665275573731,-0.6861897610127926,-0.5275434792041779,-0.018729012086987497,-0.41792523171752693,-0.15940096378326415,0.0153079092502594,0.6516039274632931,-0.0884686328470707,-0.1623101195320487,0.6473956808447838,1.1021347761154174,-0.0953560121357441,0.44449634370394053,0.2917164221405983,0.8903321266174317,1.1263619303703307,1.3437541484832765,0.3029837630689144,1.013240647315979
-1.2475911021232604,0.016845027916133404,-0.6390762254595757,-0.6142669878900051,-0.5878485344350338,-0.4107130832970142,-0.3391000044066459,0.41508011855185034,1.4715618513524533,1.3924719303671735,0.14178812354803086,-0.0010174855589866639,-0.4601222828030586,-0.2056581972166896,-0.35016553327441213,-0.40676846392452715,-0.6462333283387125,-0.9461233049631119,-0.3870085462927818,0.12063036048784852,-0.10468814615160227,-0.7211957854218781,0.6286131201311946,0.48665573198813944,-0.6987662300467491,-0.5094695657491684,-0.3456256843637675,-1.0291892901062965,-0.7832343742251396,-0.9629012189805508,-0.6950287044048309,-0.27362676747143266,-0.570599670894444,-0.19266284108161927,-0.11254052817821503,0.43430197760462763,-0.10345254689455033,-0.22843288090080022,0.5482422672212124,1.0462341398000716,-0.2855348505079746,0.3384267744142562,0.16562022417783737,0.9206798374652863,0.9430310308933259,1.2797576576471328,0.03674953207373619,0.9137355804443359
-1.2833890199661255,-0.24894766379147767,-0.6690045222640038,-0.662588556855917,-0.3700501747429371,-0.32304400987923143,-0.3103722099680454,0.4310381919145584,1.5967164099216462,1.468092983943643,0.19669192433357238,0.06870733648538589,-0.532090462744236,-0.06679375749081373,-0.4199004713445902,-0.4613258928060532,-0.7246636337600648,-1.1999414771795274,-0.6423351153731346,-0.0651236585341394,-0.08464740682393312,-0.8825784045271575,0.4855599692091346,0.06477623779792338,-0.6931632265448571,-0.64382184445858,-0.3084088630508631,-1.1415641084313393,-0.9751734390854836,-1.2192786686122417,-0.8541937604546547,-0.5843766797333956,-0.7028061496093869,-0.287021504342556,-0.2704658776521683,0.20799458548426628,-0.07539912462234497,-0.31359541416168213,0.4283356063067913,0.9457478933036327,-0.46472678557038305,0.23673875001259148,0.03714844211935997,0.8848751366138459,0.7260352045297622,1.1918040335178375,-0.3516956068575382,0.7899506568908692
-1.3825235426425935,-0.3947393910959363,-0.8523611590266228,-0.7529501385986805,-0.2844350166618824,-0.41643129773437976,-0.3836048219818622,0.41115702092647555,1.6142700970172883,1.473171715810895,0.1773274213075638,0.05873507112264633,-0.5490619972348213,-0.09898133855313063,-0.3841324273496866,-0.5921535521745682,-0.8856110841035842,-1.3958232700824738,-0.8515102073550225,-0.17431071614846588,-0.0922032780945301,-1.040068509336561,0.3011971404775977,-0.21949831645470114,-0.6443668350577354,-0.796519136428833,-0.32102546165697277,-1.3017824470996857,-1.1991690024733543,-1.409970722347498,-1.0157215908169746,-0.8786829698830843,-0.7750024305656552,-0.3495999027043581,-0.19154633730649948,-0.007657749205827713,-0.03992091119289398,-0.3035064458847046,0.31301438733935355,0.7555373542010784,-0.6744207657873631,0.14127132263965905,-0.12805121913552284,0.9054809033870697,0.6076719656586647,1.0187442988157271,-0.6165655948221683,0.5981914043426514
-1.3792698562145234,-0.39859004262834785,-0.8900326386094093,-0.7988602884113789,-0.18516815528273584,-0.3356650102883577,-0.3567738060373813,0.4421268656849861,1.5113585954997688,1.3980393905192614,0.11535888761281968,0.03662324920296669,-0.4984484016895294,-0.10893807392567396,-0.42069585658609865,-0.700564156472683,-0.8933995515108109,-1.4411285102367402,-0.943254753947258,-0.2195930383168161,-0.1353539139032364,-1.1142774119973182,0.12039366271346807,-0.36291397612076254,-0.5541738018393516,-0.8313600540161132,-0.4012989182025194,-1.3300696909427643,-1.2427703797817231,-1.5002678245306016,-1.0603403016924857,-0.9936603415757418,-0.857770087569952,-0.40779682584106924,-0.14184352159500122,-0.22242479398846626,0.07655996382236481,-0.251963971555233,0.1338915042579174,0.5012596003711224,-0.649167425185442,0.1418379216454923,-0.20591437444090843,0.7791518613696098,0.4516102448105812,0.8731468163430691,-0.7548473693430424,0.4018051505088806
-1.3177039403468371,-0.49768741969019176,-0.9385550528764725,-0.8049754098057746,-0.1253787212073803,-0.29468651451170447,-0.3740695242304355,0.35136740282177925,1.3181475772056728,1.2309570629149675,0.0647055521607399,-0.05556565672159195,-0.41080560982227327,-0.06612107213586568,-0.3486720833927393,-0.6983197502791881,-0.9230978608131408,-1.4123032957315445,-0.8933152101933957,-0.21172613417729735,-0.1576993077993393,-1.0937124673277139,0.0639980373904109,-0.40449403326492755,-0.38255570977926256,-0.9119266360998154,-0.35422107167541983,-1.2585119552910329,-1.1822372421622276,-1.4777320057153702,-1.0312063172459602,-0.9456836614757776,-0.8671575419604778,-0.43711091838777066,-0.0771069124341011,-0.3289705224335194,-0.05459614098072052,-0.2128083474934101,0.06729299649596214,0.3131723068654537,-0.7606005378067493,-0.0854683549143374,-0.2287483863532543,0.6564418952912092,0.25978058129549025,0.6885274015367031,-0.827971176803112,0.2775747489184141
-1.1823545329272747,-0.6413726115599274,-0.8705482214689255,-0.7036160007119179,-0.064982920140028,-0.21452880315482617,-0.3136636991519481,0.12717720344662667,1.0133231653366237,0.9648867744952441,-0.03585568219423294,-0.12182423025369644,-0.27983127236366273,-0.052715929411351684,-0.456035191193223,-0.7293626748025417,-0.8548940479755401,-1.261661782860756,-0.8036208055913449,-0.17217885022982954,-0.123032546043396,-0.9533902056515217,0.020460633747279643,-0.42831185858231036,-0.3356225699186325,-0.8835175126791001,-0.42859245240688326,-1.1769380278885364,-1.2001850590109826,-1.4439791291952133,-0.9472654059529304,-0.8196579907089472,-0.9271815113723278,-0.47448906265199187,-0.17450919896364211,-0.38959780558943746,-0.16363224983215333,-0.3649880297482014,-0.10212210789322854,0.1987798735499382,-0.8267947025597095,-0.2670844347216189,-0.2567762233316898,0.41170038394629954,0.03906083256006241,0.4811300002038479,-0.7941733852028847,0.21734047308564186
-0.949144496768713,-0.6190994823351502,-0.7421744361519813,-0.5626923859119415,0.09088113382458687,-0.10328225009143352,-0.2540298007021192,0.0859661690890789,0.721980012813583,0.6131070870906115,-0.03844205588102341,-0.22496892288327217,-0.1311412751674652,0.06276207510381937,-0.27498432733118533,-0.635562514141202,-0.8017566859722137,-1.0181158532388508,-0.7003029368817806,-0.12840755796059966,-0.1359289288520813,-0.7845235571265221,-0.00852761659771204,-0.4650199482915923,-0.1809708744287491,-0.8547640144824982,-0.3932062238454819,-1.0465262599289418,-1.0251453533768653,-1.2958377689123153,-0.843661917746067,-0.72250293828547,-0.7747905381023884,-0.3208589728921652,-0.005288143455982208,-0.38039065822958945,-0.14610877633094788,-0.22763196900486946,-0.06409788653254508,0.13930564224720002,-0.7415089212357998,-0.39961026618257167,-0.2293332450091839,0.36249738596379755,-0.1241829976439476,0.27582777962088584,-0.7527519002556801,0.1669031023979187
-0.8580847643315792,-0.6129725525155664,-0.7352461591362953,-0.5624094247817993,0.06065457761287689,-0.16499779857695102,-0.2365363254735712,0.036982496827840806,0.3948308660183102,0.33746609576046466,-0.11613888442516326,-0.2737492933869362,-0.10317085236310959,-0.0020673340186476707,-0.28565125800669194,-0.5533836651593447,-0.7396042257547378,-0.8778434683568775,-0.6638055466115474,-0.16992950355634093,-0.17946621775627136,-0.6601887658238411,-0.05768948346376419,-0.5794696226716042,-0.1857715666294098,-0.8266561627388,-0.44902324080467226,-1.0315510578453542,-0.9928836895152926,-1.2211089462041855,-0.7717294290661811,-0.6413886163383722,-0.7615590624511241,-0.2810619603842497,-0.02006790488958359,-0.500895556807518,-0.11201891303062439,-0.25090720430016517,-0.13439298495650293,0.03295012414455414,-0.7419602707028389,-0.5008332760073244,-0.24666623696684836,0.20733999274671078,-0.22134872227907182,0.05080009922385216,-0.7498586431145668,0.09891513139009475
-0.6794553063809872,-0.39817468021064994,-0.6703519731760025,-0.5169265180826187,0.04501891210675239,-0.1546365225687623,-0.19944206919171847,0.03674766644835472,0.22204817668534815,0.12191599495708942,-0.0469604954123497,-0.258350270986557,-0.10827218294143677,0.10632342640310526,-0.15879395939409732,-0.4279768098145723,-0.705008727312088,-0.7679587622173131,-0.6274346970021725,-0.11149597764015198,-0.1507781818509102,-0.5856839552521705,-0.14701715260744094,-0.6307687222957611,-0.13126078099012375,-0.7219712555408477,-0.45810642540454866,-0.864999882131815,-0.7994904352352024,-1.0760474979877472,-0.6791468373150564,-0.6114455599337816,-0.6654023699462414,-0.2321859740652144,0.003956694900989532,-0.5434858739376068,0.0845029592514038,-0.2398735173046589,-0.1600042201578617,-0.05609374344348907,-0.528115339577198,-0.4567925647832453,-0.230567117780447,0.2500489644706249,-0.23733258694410325,-0.05737554654479027,-0.7642813704907894,0.013444100320339204
-0.602902277559042,-0.4094023272395134,-0.6823380678892136,-0.5435461372137069,-0.11915393993258476,-0.24462209213525057,-0.3193369671294931,-0.033304662257432935,-0.023278899630531667,-0.13881587497889997,-0.1596645087003708,-0.27857707515358926,-0.2725622534751892,0.0986054740846157,-0.17523152865469455,-0.4288791257888079,-0.7434353649616241,-0.7744098444469273,-0.6293185524642467,-0.16734474524855614,-0.2370365723967552,-0.5881314262747764,-0.30343414694070814,-0.6893264882266521,-0.27203342169523237,-0.802292189002037,-0.5778418630361557,-0.7781593011692166,-0.6632120652124286,-0.9937727063894272,-0.6696943736285903,-0.5933577135205269,-0.6982589825987816,-0.31287017101421954,-0.12771309167146683,-0.6387014839798212,0.0036151379346847532,-0.34689590707421303,-0.3231173850595951,-0.21590117812156678,-0.45538189113140104,-0.4908954010345042,-0.2798812687397003,0.11615341156721115,-0.3049655631184578,-0.26548848375678064,-0.749536020308733,-0.08145324140787125
-0.3908367849886417,-0.27313640862703326,-0.5905259817838668,-0.5281436711549758,-0.22631396427750589,-0.2499747382476926,-0.4014904978743289,-0.1295602388679981,-0.2566845254506916,-0.32324336282908916,-0.22832610607147216,-0.2986976958811283,-0.34193502068519593,0.14637285098433495,-0.20662616789340973,-0.3756810951977968,-0.727495539188385,-0.6715265055187046,-0.5069845810532569,-0.11441255286335945,-0.28836670368909834,-0.5531187996268272,-0.4172458484768867,-0.5927342228591442,-0.3260549530386925,-0.8433294504880905,-0.5086193453520537,-0.5190363751724363,-0.2852908415719867,-0.7409751534461975,-0.5641410744399764,-0.46319173723459245,-0.6142806872725487,-0.1987562202848494,-0.14781827181577684,-0.6515072915703058,0.0358482301235199,-0.38714657798409463,-0.4548979356884956,-0.3073751538991928,-0.2673584342002869,-0.4451252640224993,-0.29158641695976256,0.052631668746471405,-0.2881768080405891,-0.3455869995057583,-0.6208862848579884,-0.1588865652680397
-0.23622825518250465,-0.1534688349813223,-0.5655141025781631,-0.5492533951997757,-0.28877525553107264,-0.28789027985185384,-0.49391094847233036,-0.21993960216641426,-0.38620956665836276,-0.43274285905063153,-0.3534871071577072,-0.3368359364569187,-0.3800027906894684,0.00394711121916771,-0.16982390880584716,-0.3661827135831118,-0.7263735592365265,-0.574883880186826,-0.36298024505376814,-0.040508127957582477,-0.32958862408995626,-0.48988001197576525,-0.49285355880856513,-0.45607885643839835,-0.2778477296233177,-0.8684750467538833,-0.45660031847655774,-0.33696762304753064,-0.046912376396358015,-0.4512978881597519,-0.4383637687773444,-0.29818997979164125,-0.45017640590667723,-0.17067852998152375,-0.19947412461042405,-0.6202026043087244,0.009796378016471863,-0.4329065062105656,-0.47576124519109725,-0.3877884320914745,-0.1644112855195999,-0.4335909427143633,-0.2707742668688297,0.02263660281896591,-0.2130630793981254,-0.35985824689269064,-0.436514437943697,-0.2215933695435524
-0.04271174445748329,-0.06979168318212033,-0.4442803665995598,-0.4814820155501366,-0.16509590968489646,-0.14310974385589362,-0.41016382082016206,-0.1408396504819393,-0.2946967733558267,-0.3579135715961456,-0.2163871318101883,-0.23670151606202125,-0.3720292806625366,0.12270398959517478,-0.10664764568209648,-0.3179820705205202,-0.638273298740387,-0.5329950232990086,-0.2742156460881233,0.0318502239882946,-0.27539222985506057,-0.3880709454417229,-0.47216005995869637,-0.3590029440820217,-0.13820390403270721,-0.6993505448102951,-0.332229570671916,-0.13005797546356918,0.22160288263112307,-0.20132411420345306,-0.28404695900389926,-0.13363585621118546,-0.2990383327007294,-0.13566344128921629,-0.19890206903219224,-0.5057950977236032,0.01172029972076416,-0.40046918764710426,-0.48176235407590867,-0.35666507855057716,0.012033864855766296,-0.3236374915577471,-0.16137344315648078,0.0789990946650505,-0.08279545782133937,-0.22125441953539848,-0.3206090070307255,-0.2163332924246788
0.018529081717133522,-0.07172808460891247,-0.42589065581560137,-0.4172650009393692,-0.09340321198105812,-0.12478265669196845,-0.3757760400942061,-0.07289963588118553,-0.12013889141380787,-0.23576087057590484,-0.033135661482810976,-0.15218658447265626,-0.3583316213451326,0.22700623497366906,0.06674307659268379,-0.28474947698414327,-0.6217448472976684,-0.5357540209777654,-0.2854075625538826,0.08623475357890129,-0.11565362960100174,-0.32878521382808684,-0.40659176260232927,-0.3641554735600948,-0.07253227233886719,-0.5485618971288204,-0.2379698257893324,-0.09379628542810678,0.23307421375066043,-0.09005964249372482,-0.16267300160834566,-0.0871818408370018,-0.17279003858566283,-0.04812477277591824,-0.18798978477716446,-0.337241879478097,0.02298426628112793,-0.3784383490681648,-0.37362402826547625,-0.2534469373524189,-0.027543993294239046,-0.2539573758840561,-0.05631360784173012,0.2245940387248993,0.08618312599137426,-0.062184940278530124,-0.30046300664544107,-0.18353612385690213
-0.025423914939165116,0.014818846061825753,-0.3681293696165085,-0.365006323158741,-0.0466014988720417,-0.06022461708635092,-0.2686627383402083,0.111712746322155,0.11060099937021732,-0.010318776965141297,0.09518330097198487,-0.045051521807909015,-0.35102570718154313,0.3015201598405838,0.10232215002179146,-0.29921718649566176,-0.5424903426319361,-0.5486582566983997,-0.33077181205153466,0.12353009209036828,0.017522823810577393,-0.31683604829013345,-0.37718669399619104,-0.35907168611884116,-0.16801332533359528,-0.36576434001326563,-0.3916756432503462,-0.16628528404980897,0.14793002624064683,-0.09882950037717819,-0.07544220300624147,-0.11267630029469729,-0.19987547546625137,-0.0012550887651741505,-0.15934257060289383,-0.21739556528627874,0.25968109369277953,-0.31653172597289086,-0.3089251831173897,-0.2003605104982853,0.0724791243672371,-0.05106892883777618,0.08893131241202354,0.35915253795683383,0.29276220919564366,0.16932720094919204,-0.2783416509628296,-0.1332002706825733
-0.1126503262668848,0.15458902008831502,-0.35820054113864896,-0.3180346891283989,-0.12131823375821113,-0.029754322580993177,-0.19360353155643678,0.3530946061015129,0.4337915811687708,0.2583343118429184,0.3145458400249481,0.053407644480466844,-0.35783485090360045,0.3072999343276024,0.2327442742884159,-0.2083281610161066,-0.4644903365522623,-0.5508412440307439,-0.24800322577357292,0.22230070307850838,0.13630578219890593,-0.31248354306444526,-0.27867877408862113,-0.23238346204161645,-0.2555764228105545,-0.24641388282179832,-0.47363646440207957,-0.19733350444585085,0.1981346311047673,-0.05708879679441452,0.0356633493094705,-0.03422290552407503,-0.19770519882440568,0.08137226244434714,0.032590894401073454,-0.052551201358437535,0.2857456629164517,-0.15228286609053612,-0.13537787944078444,-0.10467140674591065,0.17375744879245758,0.16136303842067717,0.26730275973677636,0.6282125297933817,0.5373246979899704,0.4099245920777321,-0.24137865602970124,-0.044652000442147254
-0.16974887289106846,0.3154416013509035,-0.32722915410995485,-0.23485370874404907,-0.22403563931584358,0.005329844541847706,-0.1181264914572239,0.4239953249692917,0.7161122594028712,0.5497212499380112,0.44337200224399564,0.1900789938867092,-0.3316112569533288,0.22344684451818467,0.2518566019833088,-0.16278477385640144,-0.3445197883993387,-0.5242943644523621,-0.13046485111117362,0.37863273546099663,0.31927838623523713,-0.28617079919204114,-0.14576498344540595,-0.025571241229772567,-0.3951487630605698,-0.07231185361742973,-0.5633513133972883,-0.1492304915562272,0.27716997284442185,0.015851683914661407,0.20298078743508086,0.11593688260763883,-0.2320298969745636,0.07417764505371452,0.07410217374563217,0.13369089923799038,0.31228699246421454,-0.08868993744254113,-0.046576352417469026,0.004162539541721344,0.2563942238688469,0.35081900656223297,0.3933006264269352,0.8191902954131365,0.7380167973227799,0.6256625488400459,-0.0821008950471878,0.08236764706671237
-0.129099715128541,0.4641402158886194,-0.25273538678884505,-0.11586680710315704,-0.24885425344109535,0.06652460005134345,-0.08036710768938064,0.44642881155014036,0.903567710891366,0.666368305683136,0.5136221542954444,0.2738401465117931,-0.20742749636992813,0.17928416803479194,0.3219835586845875,-0.12765562310814857,-0.2741631630808115,-0.47116312980651853,0.02385687306523323,0.5501178465783596,0.4786784678697586,-0.21754047041758895,0.03493078276515007,0.18160673156380652,-0.4791560977697372,0.007443798333406448,-0.5908027451485396,-0.06458417717367411,0.37671675384044645,0.14681095033884048,0.3579135009436868,0.23350625168532133,-0.23467205464839935,0.034284460451453926,0.14910862296819688,0.39738852344453335,0.3007150010205805,-0.032798612117767335,0.07946550995111465,0.1946427717804909,0.3727757528424263,0.49359887540340425,0.5982889361679554,0.99086361117661,0.9246363979764283,0.8767947152256965,0.060954627394676206,0.26556678898632524
-0.17209016159176826,0.42971586920320987,-0.1897808015346527,-0.045468646287918094,-0.2275747612118721,0.09781557060778141,-0.051953405560925606,0.40896871834993365,0.9687791775912047,0.6672570586204529,0.4748218089342117,0.20069259628653527,-0.14254565900191665,0.10578802190721034,0.26137427911162375,-0.11689011827111244,-0.2434278715401888,-0.4328664898872375,0.1600802071392536,0.5830844067037105,0.4914979666471481,-0.16526243155822157,0.2155019037425518,0.25838039591908457,-0.5285640344023704,0.03148034885525704,-0.5498327445238829,-0.11795797217637301,0.3379948854446411,0.1824204668402672,0.464804707467556,0.2774300305172801,-0.24541930258274078,0.045143389329314235,0.3041264280676842,0.5589557226747275,0.30563056031242014,0.03162574768066406,0.1431952714920044,0.4025055006146431,0.34605844169855116,0.4299346297979355,0.6478224515914917,1.0015674389898777,0.8835340713150799,0.9115843035280704,0.19663431346416474,0.40058320946991444
-0.1980465181171894,0.47973869629204274,-0.11393470987677574,0.05164059698581695,-0.08329253047704696,0.17063277252018452,0.001680683670565486,0.46395903676748274,1.0513389270752669,0.6706776916980743,0.5422428980469703,0.1333984613418579,-0.016290128882974386,0.11727641429752111,0.29093244597315787,-0.08177208229899406,-0.20277041383087635,-0.3746600835584104,0.24123143032193184,0.6151612505316735,0.5698016375303269,-0.13705676428762673,0.322114547342062,0.2118733763694763,-0.47352792173624036,0.07859968021512032,-0.481476442143321,-0.1358116574585438,0.28297027945518494,0.12192833572626113,0.5174993678927422,0.20285467188805342,-0.2039177358150482,0.13097274266183376,0.463205923140049,0.6143487423658371,0.3555042908526957,0.17536708414554597,0.2722227215766907,0.4986274167895317,0.32565197832882403,0.35810534060001376,0.6116311579942704,0.9754712000489235,0.7261755530722439,0.8879709519445896,0.16665937677025794,0.43860353007912634
-0.2985814861953259,0.35486097522079946,-0.08310732766985893,0.14443679600954057,0.033850941061973575,0.2111166689544916,0.051205566106364134,0.43832201808691024,1.0885011982172728,0.6828356206417083,0.5601844921708107,0.0905921459197998,0.16833831006661057,0.012198775075376034,0.2542447917163372,-0.04850629270076752,-0.15196965150535108,-0.32330487249419093,0.22201531752943993,0.6264584705233573,0.6761337444186211,-0.052956748826181864,0.3747320406138897,0.060610896348953246,-0.43354355841875075,0.11051438525319099,-0.4631513461470604,-0.22073757722973825,0.025505346059799195,-0.015396226942539216,0.5811679109930992,0.1077929524704814,-0.201765775680542,0.09971132688224316,0.5394939839839935,0.5839861989021301,0.2843810454942286,0.24539241045713425,0.3470734655857086,0.48693069666624067,0.253997715190053,0.20758755505084991,0.5479637026786804,0.8244781032204628,0.5015814088284969,0.7850183434784412,0.05025163069367409,0.4126086629927158
-0.332090949267149,0.37060669511556626,-0.02959432974457741,0.2696807622909546,0.04696934223175049,0.26203198470175265,0.10755057292990386,0.4564165219664574,1.1062794260680675,0.64589604139328,0.6876046255230903,0.09784239530563354,0.3882655554451048,0.13740792777389288,0.2668409489095211,0.020098824799060822,-0.08258928172290325,-0.2241376462392509,0.26158683821558953,0.6815835699439049,0.758048452436924,0.05461392395409348,0.4127576522529125,-0.04689262509346008,-0.372648324072361,0.15087199881672858,-0.5051852211356163,-0.2244633764028549,-0.0257648766040802,-0.07699192464351653,0.6487695187330246,0.06579214464873076,-0.21935694366693498,0.09279819838702678,0.6733206391334534,0.5272026240825654,0.3366053716279566,0.42551332861185076,0.37242082357406614,0.4288198634982109,0.2973134357482195,0.11499416232109069,0.4523953676223755,0.7554688170552254,0.24963152632117272,0.590888062864542,-0.017645814269781113,0.3333786644041538
-0.3593254677951336,0.4099989280104637,0.026855162531137466,0.3630375638604164,-0.07959691286087037,0.29094147570431234,0.14403645410202442,0.3960345424711704,0.8949949346482754,0.43885334134101867,0.565316079556942,0.0185775488615036,0.48495079660788176,0.07430183049291372,0.23502219170331956,0.060197987407445905,0.02695973701775074,-0.07536464361473919,0.3844489596784115,0.7464705005288124,0.773062278330326,0.1459677486887813,0.36898826286196706,-0.09021608531475067,-0.4830988794565201,0.15509290732443332,-0.6073945298790931,-0.2130763053894043,-0.00303117036819458,-0.07978828251361847,0.6797407329082489,0.050260945968329904,-0.2730185568332672,0.0851260881870985,0.5922767117619514,0.46192139089107515,0.289167954120785,0.45846722200512885,0.35771276354789733,0.3208581656217575,0.30490319319069387,-0.0075147032737731935,0.33396277725696566,0.5879865169525147,-0.0395818330347538,0.30361936464905737,-0.03896894976496697,0.2578437693417072
-0.2801382694393396,0.5465621694922447,0.08670214489102364,0.4188168436288834,-0.20874727070331572,0.2638093698769808,0.17608526512049139,0.3130187399685383,0.6960607953369617,0.15602880120277404,0.3968125209212303,-0.14421916306018828,0.4702642023563385,-0.009487440623342992,0.16490375846624375,0.07187758907675743,0.12931941337883474,0.07096897037699819,0.532099898904562,0.7563841000199318,0.6262535199522972,0.15252195812972785,0.2905031442642212,-0.01364731416106224,-0.5192688807845116,0.16569328717887402,-0.6932480409741402,-0.1595556352287531,0.08834861814975739,-0.08980087004601955,0.6339190289378166,0.017278718762099743,-0.3270084083080292,0.05103547088801861,0.5199991598725319,0.39920047521591184,0.26958550671115517,0.3746867209672928,0.2736158162355423,0.20624654293060302,0.42830240465700625,-0.03726105690002442,0.21942325830459594,0.4457224503159523,-0.22766363397240638,0.03947052136063576,0.014514023810625077,0.18822491951286793
-0.23268616469576955,0.4612397953867912,0.03309338912367821,0.3792031046003103,-0.33010793626308443,0.1884420920163393,0.1069278874900192,0.10615829303860665,0.3774531729519367,-0.26205275654792787,0.15695222467184067,-0.38925950825214384,0.35833688974380495,-0.1300566339865327,0.14283994175493717,0.08241845294833183,0.1351749189198017,0.1747486528940499,0.6189559392631054,0.6727144427597522,0.41203521341085436,0.14890001930507424,0.18718070387840272,-0.07109865918755531,-0.6114380076527596,0.0627059530466795,-0.745826305449009,-0.15966656543314456,0.15785985291004181,-0.09592374823987485,0.5611694097518921,0.028553792834281923,-0.36082143187522886,-0.04755398817360401,0.37961534410715103,0.28066870123147963,0.08090123096480965,0.2637644588947296,0.16202945709228517,0.11313705444335938,0.41383245922625067,-0.21318622231483458,0.0440093994140625,0.23154863268136977,-0.5414246059954166,-0.2997380457818508,0.025787285715341567,0.12845970652997493
-0.10139258773997425,0.5253095552325249,0.09271457567811012,0.37923864983022215,-0.24542837738990783,0.2324444193392992,0.08917850940488278,-0.03611161932349205,0.10104335024952889,-0.5669077694416046,0.02747528851032257,-0.4873690217733383,0.34999061971902845,-0.03842774871736765,0.07015120722353459,0.0986255630850792,0.16677923873066902,0.27189200194552543,0.6175066493451595,0.6181276850402355,0.2830063119530678,0.17159451378720406,0.08464768230915069,-0.09983868971467018,-0.5485030367970467,0.012465493753552437,-0.5883855015039444,-0.02584269382059574,0.2944039314985275,-0.061966041848063466,0.5096120506525039,0.020949020981788635,-0.24180813878774643,-0.04343027314171195,0.32078327387571337,0.21926767975091935,0.11894521228969097,0.19124168157577515,0.031034713983535765,0.029234710335731506,0.47413695640861986,-0.378615403175354,-0.1722025215625763,0.0366437241435051,-0.8845726467669011,-0.6178774319589138,0.056792200356721875,0.07230966351926327
-0.06059654513373971,0.428521378710866,0.031611862033605574,0.2613215234130621,-0.2559551030397415,0.08495105095207692,-0.002574779698625207,-0.11424630507826805,-0.10676603242754937,-0.8204486966133118,-0.054688204731792214,-0.5842560410499573,0.2477376475930214,-0.08785245362669229,0.03728719092905521,0.016752468049526216,0.09790359369944782,0.23207798721268774,0.4981160633265972,0.4731018543243408,0.1338530883193016,0.12877161188262107,-0.1200208157300949,-0.1924752898514271,-0.4706031233072281,-0.23666737787425518,-0.49903578460216524,0.00022299624979496002,0.24670354649424553,-0.0709770005196333,0.3673694163560867,-0.03825151026248932,-0.21291963905096054,-0.0987057133577764,0.17926615476608276,0.08642046302556991,0.06902632117271423,0.10390407368540763,-0.07273009950295091,-0.14021000266075134,0.38190978653728963,-0.5239017099142075,-0.3384655237197876,-0.19276366382837296,-1.0264564462006092,-0.8049002610146999,0.03541561439633369,-0.10093684531748295
-0.013435621652752161,0.334983204677701,0.04791858568787575,0.23419298492372037,-0.272757026553154,0.0751214724034071,-0.020263722399249673,-0.16090303882956505,-0.20187033768743276,-0.879043523967266,-0.09763460895046591,-0.6202758938074112,0.12547360211610795,-0.08715261090546847,-0.06716732643544673,-0.04464914053678513,0.11394548348616809,0.20810056002810598,0.3643817014992237,0.3672265648841858,0.02946018725633621,0.11743842644827965,-0.3969264715909958,-0.15290137007832527,-0.3542450124048628,-0.3431639265269041,-0.4396055847406387,0.03617411591112614,0.2168423466384411,-0.03399460129439831,0.33226833045482634,0.009747156500816345,-0.2602151095867157,-0.09923778614029288,0.11173990666866303,-0.05183839648962021,0.08663319051265717,0.007103243470191955,-0.2995106690563262,-0.397708934545517,0.3093287754803896,-0.6015015192329883,-0.5491920709609985,-0.3479518458247185,-1.2042929254472257,-0.9518037222325801,0.13159626796841623,-0.38912811614573
0.0627064156346023,0.3463427472859621,0.03099236860871315,0.2153666015714407,-0.3251170143485069,0.046973100118339065,-0.021627097390592098,-0.16007901206612588,-0.19537494238466024,-0.8535430312156678,-0.05085321953520179,-0.6343459397554397,0.039622141420841216,-0.01622059103101492,-0.03538583777844906,-0.13800874799489976,0.1397999145789072,0.19949390115216376,0.26802009269595145,0.3017980545759201,-0.01708717495203018,0.09250779731410148,-0.6852219194173813,-0.15803666189312934,-0.2792350345873274,-0.44810409657657146,-0.45122575759887695,0.12064033709466457,0.29557990059256556,-0.0024255972355604173,0.2764889389276505,0.05439291298389435,-0.22089000940322875,-0.10002167811617255,-0.034272680431604384,-0.1501424081623554,-0.05163519084453583,-0.10779207944869995,-0.3658478447236121,-0.6580437004566193,0.26337656266987325,-0.5793896533548832,-0.5531245410442353,-0.3084174782037735,-1.1171337708830833,-0.8523061335086822,0.08304976895451546,-0.6758867535740137
0.0984004287980497,0.25261144526302814,0.024594272673130035,0.16427015773952008,-0.37399313896894454,0.048053480498492715,-0.020671448670327663,-0.2228146679699421,-0.27833040710538626,-0.8524168431758881,-0.18802414527162908,-0.6465570598840713,-0.11252616494894027,-0.061897875368595125,-0.1759731438010931,-0.15364323370158672,0.13928853950928896,0.12765418402850628,0.1292980842292309,0.21726642549037933,-0.1269425556063652,0.07955023646354675,-0.8683963894844056,-0.17171934321522714,-0.3188727164291777,-0.5399969708174467,-0.4843121200799942,0.10649101994931698,0.24025072380900384,0.016183258965611458,0.1987528920173645,0.09678945392370224,-0.3175648033618927,-0.10034688701853156,-0.2172647275030613,-0.3154397077858448,-0.03620951473712921,-0.24742797911167144,-0.5442787238396705,-0.8322672128677369,0.24539380371570588,-0.4899578519165516,-0.5408905982971192,-0.3229514598846436,-0.9646035261452198,-0.7932206302881241,0.07159571833908558,-0.8464397840201855
0.21585064521059394,0.3254991639405489,0.0862467035651207,0.16167703978717327,-0.2769344925880432,0.19397729318588972,0.054297261871397495,-0.21607349589467048,-0.2503895090892911,-0.8447275519371032,-0.20058648576959967,-0.6091755419969559,-0.2679538235068321,-0.015861685574054717,-0.08660366497933865,-0.16911718882620336,0.10915349132847041,0.05549163520336151,0.08236218690872192,0.1856905534863472,-0.2732915937900543,-0.010436268150806427,-0.9898456484079361,-0.15517151430249215,-0.2586712972843088,-0.5443458419293166,-0.4700880631804466,0.20381790958344936,0.42137650176882746,0.09530539400875568,0.03145844936370849,0.0925716683268547,-0.24197688233107328,-0.15360549231991172,-0.2512509159743786,-0.3507639653980732,0.11800942122936249,-0.1887557849287987,-0.5602330096997321,-0.8673530220985413,0.37105713188648226,-0.3747789613902569,-0.5403937995433807,-0.18787096738815307,-0.7549026630818844,-0.683899438381195,0.07544652409851552,-0.9378107778728009
0.2020061313174665,0.3028768185526133,0.03822067677974701,0.07157793901860714,-0.21958785653114318,0.24686656873673202,0.13559751752763988,-0.2078830637037754,-0.2460117580369115,-0.787864676117897,-0.3303859530948102,-0.622477725148201,-0.47558174580335616,-0.11060981601476669,-0.1621635016053915,-0.2242590744048357,0.08277562863659113,-0.060050959885120395,-0.004484331607818604,0.0887005940079689,-0.45608544647693633,-0.09740954861044884,-1.0353973835706711,-0.05185329392552376,-0.2855575816356577,-0.503825705870986,-0.5076099917292595,0.15884495675563812,0.34207055494189265,0.012027767673134803,-0.18769943714141846,0.13410506546497344,-0.2696927709504962,-0.21120914360508322,-0.2566328041255474,-0.32160444334149363,0.13274748921394347,-0.23973641358315945,-0.5920104512013495,-0.7759863913059235,0.36344182640314104,-0.3217245273292065,-0.5390145480632782,-0.21045617312192916,-0.6426851771771908,-0.5940543651580811,0.16663442738354206,-0.9182932011783123
0.19342871746048332,0.3505263838917017,-0.028103068470954895,-0.04972180463373661,-0.006701326370239258,0.31883653681725266,0.22149155624210834,-0.16247231662273406,-0.2016456188634038,-0.6538744986057281,-0.29170426046475767,-0.6357945591211319,-0.5311852693557739,-0.02768755257129669,-0.1291579533368349,-0.19951114915311335,0.07814758724998683,-0.1356917753815651,-0.14551059901714325,-0.10795602649450302,-0.6842165142297745,-0.22347977086901666,-0.9791110426187515,0.03512530513107777,-0.1468063311302103,-0.44537165090441705,-0.4305353119969368,0.09937717318534851,0.2295613030786626,-0.14321855567395686,-0.4181471347808838,0.11993376016616822,-0.24530640747398139,-0.12233467539772391,-0.15997114405035973,-0.3249639101326466,0.2916214883327484,-0.22405320666730405,-0.5349795558489859,-0.6626569263637065,0.3351640537381172,-0.22014101967215538,-0.45523941833525894,-0.18862873818725348,-0.47713401541113853,-0.37043008506298064,0.16797948367893695,-0.8625395111739635
0.058982555475085977,0.1797806415706873,-0.1427016019821167,-0.19057069756090642,0.14565199613571167,0.35175608079880477,0.26637033112347125,-0.18334930911660194,-0.08132816422730685,-0.4951926231384277,-0.23816356053575874,-0.5578563719987869,-0.6309570342302322,-0.0032692685723304748,-0.1796200145035982,-0.14064511023461818,0.09126780338119715,-0.1997634917497635,-0.2343510553240776,-0.32357719391584394,-0.8071867942810058,-0.2552436500787735,-0.8871647499501705,0.009699780866503716,-0.08794296697014943,-0.44612180814146996,-0.31971318274736404,0.010810589790344239,0.08673051398945972,-0.2522143468260765,-0.5804500564932823,0.1418175667524338,-0.2801509162411094,-0.0638228609226644,-0.16094951555132866,-0.30517193153500555,0.2888542711734772,-0.11749020479619503,-0.3987681665457785,-0.5146967820823193,0.1759275570511818,-0.2343142293393612,-0.3433460326865315,-0.0906784063205123,-0.38082423731684684,-0.19259896576404573,0.11738834269344807,-0.8051264591515064
0.04394471421837807,0.3207620922476053,-0.06698774993419647,-0.15570383369922638,0.2864116013050079,0.501072153262794,0.3831190373748541,-0.0951562501490116,0.13870036136358976,-0.2587153136730194,-0.10917166536673903,-0.3519659489393234,-0.6130001276731492,0.08531607538461686,-0.17968449871987105,-0.07386370860040188,0.2142341986997053,-0.1717667579650879,-0.18117472678422927,-0.344731492549181,-0.785986065864563,-0.26566334906965494,-0.8002680025994777,0.0457215677946806,0.011320938018616288,-0.2578738979995251,-0.1200750932097435,0.13017476797103883,0.1749647478456609,-0.2149735126644373,-0.6253781408071518,0.10853911936283112,-0.15902812983840703,0.06464713672176003,-0.019805096834897996,-0.22096442207694053,0.38155288994312286,-0.006411516293883324,-0.28527318621054293,-0.37056351229548457,0.2511828109622002,0.02855180874466896,-0.12952658254653215,0.1993633145466447,-0.10695248171687126,0.06974579393863678,0.09075868390500545,-0.8095651470124722
-0.03263169154524803,0.27408728636801244,-0.09124288917519152,-0.15327035784721374,0.2679076135158539,0.48113247435539963,0.41566590033471584,-0.02759988382458687,0.28559059035032985,-0.1131856083869934,-0.1382360494695604,-0.27208993434906004,-0.6593730747699738,0.014193887636065484,-0.244839876703918,-0.058543380722403525,0.3013227031333372,-0.11536492705345154,-0.08838381320238113,-0.38505508229136465,-0.7675602823495865,-0.23077054265886546,-0.7557003580033779,0.02710113041102886,-0.021521010564174502,-0.16968163549900056,-0.13011449724435806,0.08562617972493172,0.0941839421982877,-0.1791287038475275,-0.6228760182857513,0.08800129741430282,-0.18872746881097555,0.05863566622138024,-0.023860248178243636,-0.2213657818734646,0.4302201509475708,-0.020583346113562585,-0.21830189609900116,-0.320972003787756,0.24265200942754744,0.28766263499855993,0.09025006573647261,0.3706592882052064,0.20213108733296395,0.3029035121202469,0.07821668051183224,-0.8801503591239452
-0.030559895932674407,0.3480822116136551,-0.01639366210438311,-0.04828062951564789,0.36399533450603483,0.6261249689385295,0.5410396900027991,0.059692125767469406,0.41047001015394924,0.021497303247451784,-0.16477167531847953,-0.1759195327758789,-0.5930785059928894,0.04786176085472107,-0.3293903945013881,0.0671079907566309,0.49032876789569857,0.052030183374881744,0.060433126986026764,-0.4056910276412964,-0.7620042979717254,-0.13998278323560953,-0.6115873537957668,0.03657490722835064,-0.056203017698135224,0.04744935929775238,-0.08093299325555563,0.06141706928610802,0.09496198882116005,-0.07955023981630802,-0.5091996490955353,0.07685397416353226,-0.1914564138278365,0.12116953358054161,0.05940380319952965,-0.19500732347369193,0.6180912673473358,0.06692960076034069,-0.14766254276037216,-0.19542978331446648,0.26803809627890585,0.5094584174454212,0.2610589949414134,0.6249920392408967,0.3182954825460911,0.42817181050777436,0.1018386211246252,-0.84643413759768
-0.06680526519194245,0.32116362266242504,-0.08737517655827105,-0.030980649590492248,0.4141105405986309,0.5830806063488125,0.56321518458426,0.1534677676856518,0.5192122098058463,0.058981023728847504,-0.134722950309515,-0.1086031436920166,-0.5878851674497128,0.06482126265764236,-0.2267696974799037,0.17930033542215823,0.5660375148057938,0.14962034225463866,0.1612559199333191,-0.5302303493022918,-0.8190504252910614,-0.14078007582575083,-0.4154557667672634,-0.1265117634087801,0.010994569794274867,0.09537039138376713,0.036856153048574924,-0.0003938518464565277,0.021130842610727996,-0.09036473371088505,-0.5246664762496949,-0.058720308588817716,-0.1325013006106019,0.23876676186919213,0.10709571912884712,-0.15835945829749107,0.751839742064476,0.22505352310836316,0.08906036764383315,-0.02680931016802788,0.14282146319746972,0.6051504120230675,0.35201790612190964,0.8205373222008348,0.4214421920478344,0.4559828728437424,-0.09583091177046299,-0.7612086448818445
-0.13402373949065804,0.2298387061804533,-0.12786020995117725,0.022968533635139465,0.4980215333402157,0.6342132747173309,0.6077167704701424,0.1579894356429577,0.573814957216382,0.15377514958381652,-0.1781970165669918,0.022770971059799194,-0.4980832152068615,-0.013939186930656433,-0.2668748689815402,0.26824325062334536,0.6239980578422546,0.22425576001405717,0.2277349129319191,-0.5786725744605065,-0.7892729252576828,-0.09152705911546946,-0.21350816413760185,-0.18596452213823794,0.016462214128114282,0.20645922608673573,0.09399123732000589,-0.047339605540037154,-0.09504592689918354,-0.08712944127619267,-0.5126959323883057,-0.09504749183543026,-0.21571085844188928,0.2281924355775118,0.13381328731775283,-0.12111604511737824,0.7941165134310723,0.35140276364982126,0.1791158527135849,0.15501957014203072,0.05460782274603844,0.6800758078694343,0.3242329178377986,0.8443138355389237,0.39157040044665337,0.41893629133701327,-0.13599201925098897,-0.6042626518756151
-0.09866813393309712,0.28307028822600844,-0.06654823631979526,0.13886476010084153,0.5543535642325879,0.6048736721277237,0.6499336943030357,0.10881622359156609,0.6711559910327196,0.276690399646759,-0.1256689764559269,0.09272257443517447,-0.29033602997660635,-0.052551683783531186,-0.14012484680861234,0.3031062185764313,0.7135589361190796,0.4407245948910713,0.3543381080031395,-0.5020036861300469,-0.6330732017755508,0.025637607835233212,-0.05218109264969826,-0.07782999612390995,0.12875692977104336,0.34498952366411684,0.12270295564085246,0.01807258203625679,-0.02107742402004078,0.04498024247586727,-0.3958696901798248,-0.02037145649082959,-0.13670409861952065,0.27127863802015784,0.18830651082098485,0.06212504208087921,0.689405782520771,0.34283386282622813,0.34946992695331575,0.3456146366894245,0.03493677601218224,0.7478854984045029,0.39034437336958944,0.9538295621052384,0.488509501516819,0.5054091513156891,-0.044379691034555434,-0.43146060071885584
-0.05998865636065602,0.20490300767123698,-0.012808718392625451,0.22401440739631653,0.4329300455749035,0.3899948626756668,0.6130092464387417,0.11874370500445366,0.6687387336976827,0.3731012850999832,-0.11576802507042885,0.1141105717048049,-0.09058499857783317,-0.10417597591876984,-0.23451545666903256,0.4360351860523224,0.799211573600769,0.6292677000164986,0.4070085734128952,-0.4282366618514061,-0.3895131140947342,0.2155851235613227,0.10037883594632149,0.07449096702039242,0.0786425834754482,0.4055855114012957,0.042501031793653964,0.005860335379838944,-0.03843843314098194,0.1466313000768423,-0.17892557382583618,0.14974512900225817,-0.24344668202102185,0.16849248744547368,0.20062712095677854,0.21784366369247438,0.5042855754494667,0.37913929037749766,0.495807346701622,0.5189939446747303,-0.15071849003434182,0.7745857059955596,0.4789662337396294,0.9544752771034837,0.5269443660974502,0.5712980449199676,0.060842796415090564,-0.24989670030772687
0.03219452528283,0.23739929907023907,0.11607548980973662,0.34689706563949585,0.3328681938350201,0.2526279479265213,0.5839097432792186,0.03925755247473717,0.6018184353597462,0.4266848012804985,-0.05527729466557503,0.2035828759893775,-0.009686969965696336,-0.1652503192424774,-0.17408892940729856,0.47268462562933566,0.903776279091835,0.7926076546311378,0.4514021687209606,-0.3901242032647133,-0.2547601372003555,0.3378248592838645,0.150966564565897,0.1632107701152563,0.11074135659728199,0.4095895681530237,0.03643775526434183,0.06166577748954296,0.040252915292512625,0.27866534553468225,0.03619861900806427,0.19891425068490207,-0.2270766269415617,0.06634266413748265,0.09804205559194087,0.2772247135639191,0.3198962703347206,0.22410733923316,0.5015693157911301,0.5489884302020073,-0.25400145575404165,0.8710950702428818,0.5463835081551224,0.9599754767492413,0.5731863975524902,0.6636759534478187,0.12194381728768348,-0.16068156324326993
0.07059416798874736,0.17228095047175884,0.15780429928563536,0.37888177633285525,0.037862836569547656,0.06115814745426178,0.4784860901534557,-0.14374578967690468,0.5213063259609043,0.33890295773744583,-0.08631642013788224,0.10659206714481115,-0.0955234371125698,-0.26294430494308474,-0.19019042160362004,0.45496400985866786,0.8506637290120125,0.87063699811697,0.5482984565198421,-0.2759427629411221,-0.17467510402202607,0.371490921638906,0.12146786823868752,0.1714379420503974,0.035228577838279304,0.4313234005123377,-0.013264264725148679,0.05936733148992061,0.047706277668476106,0.37927564680576326,0.20386620853096246,0.230356466723606,-0.28690601475536825,-0.10154948793351651,-0.0006550434976816177,0.3344720922410488,0.3007726803421974,0.14628570675849914,0.4772993803024292,0.5330631352961064,-0.29755079448223115,0.8510510012507438,0.5549416065681726,0.9370680905878543,0.5817182846367359,0.6176202520728111,0.22033113613724709,-0.16064476929605007
0.10713497726246715,0.32708556167781355,0.2700188913848251,0.3978785932064056,-0.26723182275891305,-0.07078526318073272,0.427717699855566,-0.26535795331001283,0.3828801651485264,0.2061251297593117,-0.2039992518723011,-0.07005596552044153,-0.08831133469939231,-0.2397643618285656,-0.21183349397033452,0.3287354776635766,0.8327461555600166,0.9848545283079148,0.6594878830015659,-0.12413752153515815,-0.14800922572612762,0.32995231654495,0.00644586980342865,0.2198496362194419,-0.17809400202240794,0.5867760676890612,-0.07175661083310843,0.0657855924218893,0.17063488513231279,0.48977128490805627,0.3615041831508279,0.27187520074658095,-0.3423257369548082,-0.21525970064103603,-0.11074227429926395,0.32963952049613,0.34518632739782334,0.02126789093017578,0.300580769777298,0.438171011954546,-0.22162165939807893,0.8564812377095222,0.5321717575658113,0.90276615396142,0.5727851934731006,0.5240612342953682,0.2947248607873917,-0.25396550111472604
0.09928230671212077,0.4256861757487059,0.26636352627538146,0.36327226981520655,-0.3931379772722721,-0.16479431390762328,0.3325996778905392,-0.35234090089797976,0.26277456087991596,0.07974839359521865,-0.26786081194877626,-0.26319024357944726,-0.10401413664221763,-0.26087790802121164,-0.24954998791217803,0.18981950972229242,0.7336982741951943,0.9954623967409134,0.6891040481626988,-0.04099963679909706,-0.08160166144371032,0.28627494871616366,-0.12792623937129974,0.20988602545112373,-0.33416579456534234,0.5888297695666551,-0.13637607749551534,0.047812267765402795,0.2447011485695839,0.5497243773192168,0.4147330829873681,0.28920354950241745,-0.38342851800844074,-0.22171652279794216,-0.20299816839396953,0.22517679557204245,0.33259389251470567,-0.007746803760528565,0.19504711627960206,0.26894004419445994,-0.22148416340351104,0.7853406146168709,0.47417703424580393,0.8325583077967167,0.5197599448263646,0.47089176923036574,0.32224065288901327,-0.38984651304781437
0.16104309884831308,0.48787481896579266,0.32800652384757994,0.37124164029955864,-0.40331037566065786,-0.24751917868852616,0.30305627807974816,-0.3698466390371323,0.22784942789003254,0.008748270571231842,-0.29334756582975385,-0.36837576124817134,-0.026974713057279588,-0.18205534256994724,-0.2090503664687276,0.14364279452711343,0.6563871279358864,0.9999922305345536,0.6876968063414097,0.05972977504134178,0.004063117504119873,0.2832591861486435,-0.1493703957647085,0.19591057132929562,-0.29423334300518034,0.579950376227498,-0.08504776265472173,0.16097437925636768,0.36316496431827544,0.6130266036838293,0.45817435476928947,0.3082283403258771,-0.26844759387895467,-0.1245800394564867,-0.29578106515109537,0.16532013528048992,0.29390825182199476,0.040022096037864684,0.15142080038785935,0.17547766342759133,-0.1858154445886612,0.656801475584507,0.4315700963605195,0.8443422891199589,0.4244425930082798,0.38379021883010866,0.2908804673701525,-0.42753533758223056
0.27216455778107046,0.5765640210360289,0.44440528750419617,0.44182825908064843,-0.327588801831007,-0.20666666179895402,0.33011377081274984,-0.3595206826925278,0.1781095395796001,-0.07118003256618977,-0.21586965769529343,-0.39999454710632565,0.009369385987520218,0.024608323723077773,-0.21982006151229144,0.15764826480299235,0.5602302566170693,0.9913369446992875,0.7090217985212803,0.17092078551650047,0.08394615948200226,0.28342566192150115,-0.11010692678391934,0.1356601832434535,-0.2612451732158661,0.6831169683486223,-0.10561672896146775,0.34339342452585697,0.5161275569349527,0.5924164202064276,0.41301597002893686,0.29278460699133574,-0.09487511916086078,-0.03941947109997272,-0.40556649677455425,0.11452901102602482,0.25484321266412735,0.053885987401008605,0.19507823437452315,0.12967301085591315,0.0009514592587947845,0.5715976908802987,0.4526929930318147,0.8095541454851627,0.3984968699514866,0.36397862434387207,0.2122331853955984,-0.4158970095217228
0.31935076490044595,0.6612130671739578,0.5670308083295822,0.4806572996079922,-0.29764188677072523,-0.17352737486362457,0.36908388659358027,-0.38327608406543734,0.05542486859485507,-0.21008762605488301,-0.2800791382789612,-0.48179614935070275,0.010396777093410492,-0.00420895591378212,-0.3128897430375218,0.1460882717743516,0.5021219208836556,0.9645803183317184,0.7456071712076664,0.3073457799851894,0.10685780495405198,0.302914622426033,-0.07382233701646328,0.19708297532051802,-0.37230096459388734,0.8598693624138832,-0.23985167294740678,0.41632021851837636,0.6051490124315023,0.5513398285955191,0.37755342815071347,0.29203446352039464,-0.039492552634328604,-0.026365642622113227,-0.43129338063299655,0.10407089330255985,0.1784915454685688,-0.026693108677864074,0.16764154881238938,0.10749541595578194,0.2091498516499996,0.5583075240254403,0.4038209483493119,0.7621675826609134,0.3653660513460636,0.27563811987638476,0.28879544101655485,-0.34340030029416085
0.3439674243330956,0.7774924099445343,0.6275864571332932,0.3971199972555041,-0.394972650706768,-0.25968971848487854,0.4230036161839962,-0.44519282281398775,-0.06382786678150296,-0.3204676199704409,-0.4187872886657715,-0.6493887403979898,-0.12465350478887557,-0.046373676508665085,-0.34649564046412706,0.10350440982729196,0.5218480244278908,0.9523645669221878,0.8172857858240604,0.3155514277517796,0.0028183743357658385,0.2149924010038376,-0.0797878798097372,0.21957663651555775,-0.49733632504940034,1.0785825043916701,-0.35635294765233994,0.4194094199687243,0.7224147826433182,0.5047254260629416,0.34353092703968285,0.22168779534404165,-0.04493321245536208,-0.08861576169729232,-0.5054311815649271,0.03665259219706059,0.2077496401965618,-0.135769847035408,0.09239538256078958,0.023354966193437576,0.3599372886121273,0.6377722457051277,0.43670963202603164,0.7580618657171726,0.36366626992821693,0.2413642719388008,0.28988884799182413,-0.30496213063597677
0.3267022669315338,0.9267095237970352,0.5763832688331604,0.30464050490409134,-0.4828742191195488,-0.2981646150350571,0.44911990538239477,-0.3132475435733795,-0.12139819832518697,-0.39287110455334184,-0.4344612367451191,-0.7034608021378517,-0.2361162777990103,0.05683203861117363,-0.3490877838805318,0.08746592197567224,0.5251134410500526,0.8904879003763199,0.9575941987335682,0.28766844905912875,-0.08318942412734032,0.09653039425611495,-0.041132445260882375,0.12095980402082204,-0.5516426667571068,1.2470340684056282,-0.3718271479010582,0.4122973043471575,0.8373075425624847,0.42783673368394376,0.28514519724994897,0.13961699766223318,0.027511633280664683,-0.028188714385032655,-0.511898347735405,-0.027762871608138083,0.22374899908900261,-0.12071458399295806,0.11312314812093974,-0.07023579701781273,0.3916642554104328,0.7190458208322525,0.6222317550331354,0.856827775388956,0.3593527294695377,0.32260420471429824,0.1566800396889448,-0.24531130641698837
0.244233868829906,0.953647967427969,0.5156279474496841,0.19999441150575875,-0.5542202040553093,-0.28955488502979276,0.4979069888591766,-0.2699992686510086,-0.12909178901463747,-0.44888673163950443,-0.4118900530040264,-0.7528290197253227,-0.29881688617169855,0.1385868016630411,-0.37312484104186294,-0.01620653588324785,0.5798815712332726,0.9068337827920914,1.1261198423802852,0.30394600667059424,-0.11732837781310082,0.08260973542928696,0.010681414976716042,0.1573539650067687,-0.5416249707341194,1.2996945917606353,-0.3309817187488079,0.38023501317948105,0.831605675816536,0.4053695615381002,0.2884903946891427,0.13886204523150808,0.09001832390204072,0.1008143275976181,-0.5868084751069546,-0.06654923371970653,0.29557484164834025,-0.20695348232984542,0.07812170330435038,-0.14672510400414468,0.40421630814671516,0.7208942770957947,0.7610986329615116,0.8213719932362438,0.378096017986536,0.3316191539168358,0.18372110538184644,-0.22158278226852418
0.27856307160109284,1.1426328502595424,0.5779428273439408,0.23720922712236642,-0.3466072127223015,-0.065443155169487,0.6328067809343338,-0.06810104548931122,-0.06643261779099703,-0.4532754559069872,-0.27271985039114954,-0.742642480134964,-0.13838539980351924,0.2593570057302713,-0.33227242686552927,0.04633406000211835,0.6670397326350213,0.9703443557024002,1.298368376493454,0.46708851791918277,0.012821940332651138,0.14220041185617446,0.09665276743471622,0.2429941212758422,-0.46842070668935776,1.4366742730140687,-0.21312614008784295,0.4791524583473802,0.9562861740589141,0.4371749576181173,0.32533288691192863,0.2190272734791506,0.21318360650911927,0.23594694323837756,-0.3145620428025723,0.000582437589764595,0.5062407650053501,0.03149359375238418,0.1661231392994523,-0.12719710618257524,0.6565969951450825,0.8722439914941787,0.9276450209319591,0.9065842797979713,0.5072032161056995,0.38263488113880156,0.28882285915315153,-0.2017542265355587
0.3412902085110545,1.2644828401505948,0.6986666977405548,0.3741927588358521,-0.04037138670682907,0.1628957659006119,0.8120693832635879,0.123704794049263,0.08048601280897856,-0.3523720446974039,-0.1002233199775219,-0.5682498961687088,0.08377154804766178,0.3490417841821909,-0.1939783410052769,0.13437338061630727,0.8477447748184204,1.0605930805206298,1.4146516859531402,0.5932760756462813,0.19667684212327002,0.3007062330842018,0.23883811570703983,0.28400354236364367,-0.37563429921865465,1.4712894022464753,-0.1781657285988331,0.6008169630542397,1.0674015551805496,0.4921379707753658,0.3624369204044342,0.24821613666717895,0.3321854629553854,0.22316656298935414,-0.18268824443221093,0.10732994340360165,0.4527648605406284,0.1385320767760277,0.34887692276388405,0.0017843887209892273,0.8567728027701378,0.9832864865660668,1.0569349989295005,1.0788109531626104,0.6505991697311402,0.48767346441745757,0.28444433473050595,-0.1348200611770153
0.47155792098492383,1.3548912845551968,0.8053763955831528,0.5586531424894929,0.3198812797665596,0.4059779316186905,0.9394213676452636,0.3462356239557266,0.17393702398985625,-0.1756498221307993,0.105975092202425,-0.3412437468767166,0.22077628411352634,0.47737346701323985,-0.016340304992627352,0.27676210887730124,0.9276680827140809,1.0339775025844573,1.391117012500763,0.655645414814353,0.37911838069558146,0.4783996656537056,0.4125461492687464,0.31601630598306657,-0.17715898007154465,1.3490997910499574,-0.11457873806357384,0.7293804565444588,1.1610598295927048,0.524571567773819,0.3745076388120651,0.30432209496502766,0.4712485977448523,0.3417923886328936,0.024509081989526747,0.1802364196628332,0.4493151046335697,0.2958185598254204,0.5100395256653428,0.14466986209154128,1.006092070043087,1.073887123167515,1.1171951740980148,1.2094417860731483,0.7493291407823562,0.5899194478988647,0.32790281511843206,0.0005529172718524933
