-0.4420859176898375,-0.7502428852021694,-0.5513230577111244,-0.24237206317484378,-0.08460015861783177,-0.5832945592701435,-0.8969408988952636,-0.12164488397538661,0.2909898072481155,0.21797902062535285,-1.1190121829509736,-0.5145523019134999,0.14301259592175483,-0.7376522421836853,-0.5382706005126238,0.0590840969234705,-1.1997312009334564,-0.8786673499736934,-1.655788826942444,-0.7178801119327545,-0.38797226175665855,0.07673566639423371,0.8784337773919105,0.9005181014537811,-0.3404718820936978,-1.0248832702636719,-0.6186395611613988,-0.4846764102578163,-0.6905018895864486,-0.3174905166379176,-0.22201095893979073,-0.015549994260072707,-0.032860645279288295,-0.17878549098968505,0.2731028527021408,0.8622421123087406,-0.052321866154670715,0.034658614359796044,0.6882900573313236,1.3098377883434296,-0.5550334602594376,-1.015515822172165,-0.5564346671104431,0.12744165314361453,0.10287544635648374,0.41791624380275605,0.8303571596741677,0.7118820361793041
-0.48732152024749664,-0.7926393799483776,-0.5828989073634148,-0.28060079701244833,-0.21902156679425389,-0.7011866092681884,-0.968884003162384,-0.14558282047510146,0.2564932256937027,0.18113196566700934,-1.051468849182129,-0.459084901958704,0.10137209817767143,-0.739363718032837,-0.5839391727000475,-0.0781090047210455,-1.2367130041122436,-1.0379214704036712,-1.7424960255622863,-0.7533193379640579,-0.3403617188334465,-0.07152936160564423,0.8131134070456028,0.8442500829696655,-0.43747183131054046,-1.037322562932968,-0.677740928158164,-0.5156408801674843,-0.7879709780216217,-0.34240986484801395,-0.2785591907799244,0.0032261140644550324,-0.19124664328992366,-0.1940089702606201,0.1409686803817749,0.7969791926443577,-0.01387188732624054,-0.02875460833311081,0.5063867600634694,1.2388838082551956,-0.5828161269426346,-1.0710453271865845,-0.6310683488845825,0.14672778500244021,0.03286841867084149,0.32400240702554584,0.8068316116929054,0.7348550096154213
-0.4694525663042441,-0.8136187545955181,-0.5789160773158073,-0.3229201816022396,-0.312423442886211,-0.7589954048395157,-0.9628427028656006,-0.23181107193231582,0.14624434411525727,0.044865303486585614,-1.0297626614570619,-0.44647330418229103,0.050339820235967635,-0.7832598969340324,-0.7140858430415392,-0.1685272842645645,-1.2096179246902465,-1.0653194725513457,-1.7103192687034607,-0.784153625369072,-0.35377853363752365,-0.24530520141124726,0.716051921993494,0.7759312525391578,-0.49384371684864165,-0.975102323293686,-0.8066246923059225,-0.5206611827015877,-0.8159867078065872,-0.39661357331788166,-0.387701316177845,0.003431309014558792,-0.23901129513978958,-0.19427929520606996,-0.04446058832108975,0.6930608510971069,-0.11734595894813538,-0.20184289664030075,0.421098798699677,1.128314410150051,-0.5280473329126835,-1.1195452570915223,-0.6633717179298401,-0.0062500213272869585,-0.09998249056225177,0.1391359726898372,0.788103286921978,0.7161500208079815
-0.5313325628638268,-0.8214585296809673,-0.5846117481589317,-0.3957895927131176,-0.39071645254734905,-0.7869133949279785,-0.974816519021988,-0.3327649623155594,-0.004778523743152618,-0.12944117113947867,-1.0526869297027588,-0.4874316491186619,0.07530167400836944,-0.8461412057280541,-0.8695821035653353,-0.25385865569114685,-1.1872952222824096,-1.0752901434898376,-1.601838266849518,-0.768790277838707,-0.42034670859575274,-0.3362676531076431,0.6403402544558048,0.754468847811222,-0.5958602850325405,-0.9243192553520203,-0.9412155855447054,-0.570203697681427,-0.8262321263551712,-0.4766333170584403,-0.4261874482035637,0.05952199772000313,-0.3678833618760109,-0.13686141073703767,-0.08770112358033658,0.646472230553627,0.09161731600761414,-0.26803642362356184,0.3018649162724614,1.037772960960865,-0.5119357623159886,-1.1675962924957275,-0.661563241481781,-0.11122909085825086,-0.24424362423305865,-0.06046372847631574,0.81594697535038,0.6877331413328648
-0.5490067049860954,-0.8141132049262524,-0.6110251411795616,-0.4827686958014965,-0.36703358406666664,-0.7599450796842575,-0.959394633769989,-0.3863974496722221,-0.1725761130452156,-0.3418519489467144,-1.129160749912262,-0.537687586992979,0.057061117887496945,-0.7143342345952988,-0.998607411980629,-0.36082900166511533,-1.1563388109207153,-1.061030286550522,-1.4863473057746888,-0.8262561410665512,-0.5636871442198753,-0.508887705206871,0.5292193442583084,0.6255928784608841,-0.6279044091701508,-0.8772349059581757,-0.9605858225375414,-0.6084355503320694,-0.8481473207473755,-0.5806268759421073,-0.5723845764994622,-0.0524526908993721,-0.36326034665107726,-0.14525921046733856,-0.17799937389791012,0.5117560546845198,0.064523845911026,-0.41804180294275284,0.22314986009150745,0.8854658879339695,-0.47599963918328286,-1.1625761568546296,-0.5951122626662254,-0.1909671110101044,-0.3170263307023561,-0.21216603713110088,0.7356877654790879,0.6262906111776829
-0.5841323435306549,-0.8935385346412659,-0.6589230000972748,-0.5366167306900025,-0.32028509583324194,-0.735630002617836,-0.9225653171539306,-0.46593461483716964,-0.30981434136629105,-0.5083623938262463,-1.1361545205116272,-0.640004350990057,0.07021810114383698,-0.6390464171767235,-0.9558201223611832,-0.40360861271619797,-1.1328596234321595,-1.0201978594064713,-1.369909018278122,-0.8633150488138199,-0.7131342872977257,-0.5764819651842117,0.46032828092575073,0.5811069726943969,-0.6070066064596176,-0.8399894952774047,-0.9703174211084843,-0.6863079994916916,-0.9055737555027008,-0.718479111790657,-0.6151589378714561,-0.09476437270641327,-0.37597776502370833,-0.14125613272190093,-0.1823288407176733,0.445546643063426,-0.04095575511455536,-0.4108587108552456,0.27487888652831316,0.7809102900326252,-0.49041874781250955,-1.1514392375946045,-0.54932349473238,-0.3645510834641755,-0.3367137821245706,-0.31914382772520183,0.6979982882738114,0.5470076180994511
-0.6060335874557495,-0.8103508293628693,-0.6103253632783889,-0.5014391764998436,-0.2005182823166251,-0.66427386328578,-0.8480843216180801,-0.46582086612470447,-0.4224069431424141,-0.6467704884707928,-1.1692078292369843,-0.6821846269071102,0.057237014174461365,-0.5468466624617576,-1.043914657831192,-0.5281559810042381,-1.0587651997804641,-0.9263428449630737,-1.2248675495386123,-0.7924145787954331,-0.7323764130473137,-0.6410687088966369,0.3414049208164215,0.5222050607204437,-0.5693203993141651,-0.7923215925693512,-0.9601536966860295,-0.7099405199289321,-0.9222836673259736,-0.7538320571184158,-0.6422371432185173,-0.26429328620433806,-0.40638208836317063,-0.3982977896928787,-0.12235916070640088,0.3335777100175619,-0.16723505556583404,-0.44956196174025537,0.2536355020478368,0.5952954985201359,-0.5178546465933322,-1.10484898686409,-0.43198570162057875,-0.39719772459939123,-0.2562969924736535,-0.3661334772594273,0.6747606068849563,0.45648023560643197
-0.5829761832952499,-0.7366151750087738,-0.544326813519001,-0.40680922344326975,-0.11331210639327764,-0.5764078803360462,-0.7561692010611296,-0.45677156080491843,-0.5183785572648049,-0.756906782835722,-1.1406735599040985,-0.6438673041760922,0.0959588497877121,-0.5679461464285851,-1.0307390600442887,-0.5491840675473213,-0.9854224741458892,-0.8128878526389599,-1.1072333842515945,-0.6848023608326912,-0.6953924104571343,-0.60579794049263,0.3201469421386719,0.5019518792629242,-0.6105131007730961,-0.7739091575145721,-1.0019173838198185,-0.7725382655858993,-0.959129923582077,-0.8013586431741715,-0.6203383222222328,-0.3418574884533882,-0.5042362436652184,-0.297768571972847,-0.10910981260240078,0.2670149203389883,-0.2421794354915619,-0.4472010485827923,0.29495938736945393,0.4898335076868534,-0.5022568114101886,-1.0190180152654649,-0.32405846267938615,-0.42283101649954913,-0.21998211070895196,-0.39351576315239073,0.6694555729627609,0.4093732722103596
-0.6143563479185105,-0.6918929994106293,-0.436687470972538,-0.2846836157143116,-0.04961705710738897,-0.49882084764540197,-0.6692564111202955,-0.4709616505075246,-0.6204602435231209,-0.7892496839165688,-1.1194885671138763,-0.5794801793992519,0.18625739216804504,-0.5853815361857414,-1.0241473764181137,-0.6015985876321792,-0.8898481547832489,-0.6998539425432682,-0.933886194229126,-0.5295430943369865,-0.5962709292769433,-0.5382692486047744,0.2656672686338425,0.49704468846321104,-0.6760931618511676,-0.7388367235660553,-1.0604836441576482,-0.7927502900362015,-0.970718514919281,-0.7600246042013168,-0.5586469799280167,-0.41957534700632093,-0.5995940193533897,-0.06477101147174835,0.07403537966310977,0.2830086048692465,-0.1833237111568451,-0.3993117831647396,0.24020949769765138,0.35760133489966395,-0.49359566941857336,-0.9738526076078415,-0.19333385974168776,-0.4251550202257931,-0.18781744167208672,-0.41006780015304684,0.709586676955223,0.3882892854511738
-0.543844336271286,-0.6748039662837982,-0.33985339254140856,-0.23204719834029675,0.049427242018282413,-0.3488021794706583,-0.5782812114804983,-0.528231653617695,-0.7010350242257118,-0.8849289432168007,-1.1507384121417998,-0.4632783465087414,0.23129455149173736,-0.6493641078472138,-0.9568234831094742,-0.6196323662996293,-0.7806524246931076,-0.6314112700521946,-0.7700504675507546,-0.4591972649097443,-0.5962842479348183,-0.5465041011571884,0.1483341097831726,0.446980619430542,-0.6229950286448002,-0.6201325675472618,-0.9357427962124347,-0.7617454439401626,-0.9284982681274414,-0.7657950818538666,-0.5492386311292649,-0.4626726873219013,-0.5908146485686302,0.017584872245788575,0.0852002564817667,0.2336956974118948,0.02950124740600586,-0.45265704318881034,0.23656624127179385,0.22485712692141532,-0.43899586275219915,-0.878279060125351,-0.07887805849313737,-0.5038984616287052,-0.2085941217839718,-0.4480005964636803,0.687170746922493,0.3436541445553303
-0.5260141715407372,-0.6684020578861236,-0.23351508229970933,-0.19441317729651927,0.20292103979736567,-0.2159533951431513,-0.48546250723302364,-0.5834480798337609,-0.7049216032028198,-0.9035342916846275,-1.1011923849582672,-0.4251871585845947,0.3495616018772125,-0.6479586780071258,-0.9347285896539688,-0.6385679632425308,-0.7018683731555939,-0.5478093482553958,-0.583750519156456,-0.3585436105728149,-0.6102537579834462,-0.45843849182128904,0.08719317764043807,0.5620109856128692,-0.6146275319159031,-0.4982855683192611,-0.9532087571918965,-0.7399167433381081,-0.8541557520627976,-0.7721639588475228,-0.4213752955198288,-0.37858485653996465,-0.5948509976267815,0.012863296270370483,0.1701108131557703,0.31473800726234913,-0.12910024523735047,-0.46204926893115045,0.23843871895223856,0.14930004104971886,-0.29973558261990546,-0.8433342635631561,0.018450402468442918,-0.6066821046173573,-0.23927870616316796,-0.4481289729475975,0.7793967813253403,0.341715157777071
-0.44471743553876875,-0.5215340256690979,-0.1036627933382988,-0.13787761889398098,0.3992791960015893,-0.02067391611635685,-0.3711535707116127,-0.5445634840521961,-0.6670027792453765,-0.8635196849703789,-1.0743798971176148,-0.28859173953533174,0.46770026087760924,-0.5684520691633225,-0.8782707482576371,-0.5814537733793259,-0.6197061270475388,-0.42068601623177526,-0.37495156824588777,-0.25506581366062164,-0.5971339762210846,-0.3868811151012778,0.07917486503720284,0.6788549184799194,-0.47734702229499815,-0.35429218467324974,-0.8087285988032817,-0.6245463147759438,-0.7354541689157486,-0.6533945679664612,-0.30521954596042633,-0.2655127547681332,-0.44041212648153305,-0.2629729568958282,0.28765976466238496,0.38476894088089464,-0.24858285784721373,-0.3856667585670948,0.3442923903465271,0.12792274132370948,-0.08880520835518838,-0.7475886434316635,0.1781322591006756,-0.6910812623798848,-0.18767385967075825,-0.3918845891952515,0.8944099396467209,0.36762958839535714
-0.3396409496665001,-0.35682740807533264,0.023922421038150787,-0.0489858653396368,0.5912409583106637,0.1452295508235693,-0.2406596377491951,-0.44965834920294584,-0.48477581739425657,-0.7175267420709133,-1.0468010187149048,-0.1601187914609909,0.651269119977951,-0.44119636714458466,-0.6507963806390762,-0.40796262919902804,-0.5185591965913773,-0.2783214099705219,-0.20179795883595944,-0.16967314295470715,-0.5856569439172745,-0.23678654041141273,0.19213781431317328,0.8549407050013542,-0.3312439739704132,-0.2583893483504653,-0.609248512238264,-0.46785394102334976,-0.5868645995855332,-0.5962201580405235,-0.13408229053020476,0.026222715526819228,-0.27674170285463334,-0.27033323645591734,0.2884408500045538,0.517638235911727,-0.2132054775953293,-0.15826562121510507,0.47084836661815643,0.25444872602820395,0.06940563023090363,-0.6052414685487747,0.31772338077425955,-0.5651872597634793,-0.08188231773674488,-0.2148369997739792,1.0799981892108916,0.44471197575330734
-0.2610951602458954,-0.2517253875732422,0.1566481426358223,0.026919258013367652,0.7012746632099152,0.2449746485799551,-0.09358864575624466,-0.34478437309153376,-0.2989325225353241,-0.5100057981908321,-1.0169514060020446,-0.06429237276315689,0.7445641070604324,-0.5318628996610641,-0.5631401091814041,-0.301375138759613,-0.39920786693692206,-0.14891985133290292,-0.0847944161389023,-0.09262214563786983,-0.546358397603035,-0.15155944731086493,0.27206033542752267,0.9690832898020745,-0.22890015691518784,-0.16975175943225623,-0.4793606769293547,-0.34483459740877154,-0.46049551069736483,-0.508731622621417,-0.10154424905776978,0.21664128080010414,-0.1770394876599312,-0.22010256946086884,0.35769405625760553,0.6175945308059454,-0.27784720063209534,-0.021365857869386672,0.5941713899374008,0.3289020352065563,0.1812553435564041,-0.5026169657707215,0.4093920610845089,-0.4853768188506365,0.09440875463187695,-0.05230479538440704,1.2051458060741425,0.5420951038599015
-0.17814910411834717,-0.2456053912639618,0.2033248845487833,0.07908181585371495,0.712330800294876,0.2886818047612906,0.01664937287569046,-0.3155299336183816,-0.1272772431373596,-0.33494636341929435,-0.943361085653305,-0.00753549188375473,0.83653604388237,-0.5738125070929527,-0.3223273307085037,-0.1087262749671936,-0.3090240893885493,-0.06018887236714363,-0.021379672968760133,-0.04621184132993221,-0.5542110711336136,-0.11925696190446615,0.3636883333325386,1.0478158921003342,-0.11784068793058396,-0.14402942564338445,-0.4107984658330679,-0.2849977197125554,-0.40747275203466415,-0.5407621752470732,-0.09893137216567993,0.3976995564997196,-0.15307260155677796,-0.06680351197719574,0.30786581002175806,0.6887686982750892,-0.03370855450630188,0.15296956524252892,0.6841517120599747,0.44541607797145844,0.19872318506240844,-0.4445355415344238,0.4046365417540073,-0.3706681657582521,0.0857834730297327,0.0024510913994163276,1.2550072968006134,0.6119610816240311
-0.1370331883430481,-0.26042250394821165,0.2638694360852242,0.11681387163698673,0.6919336229562759,0.3136869426816702,0.10341550558805465,-0.3440388471353799,0.012194156646728516,-0.20166851207613945,-0.9054531455039978,0.037221960723400116,0.9561782002449035,-0.524998477101326,-0.3033949134871364,-0.0016586869955062867,-0.2352622678503394,0.042655953019857404,0.11433320692740381,0.03835322745144367,-0.5126062363386155,-0.08447039183229207,0.4503099426627159,1.0679939150810243,-0.16827984452247619,-0.11871594693511725,-0.4326275188475847,-0.2730711879208684,-0.36692271679639815,-0.5393933068960906,-0.09459554553031921,0.44376048147678376,-0.2022557497024536,-0.030638089776039122,0.22033549509942532,0.6949511930346489,0.17872723639011384,0.20479315966367723,0.5980711869895459,0.489168381690979,0.14540067315101624,-0.4289122849702835,0.367570773512125,-0.3265463221818209,0.059009598568081856,0.055016733100637795,1.2664797842502593,0.6515216857194901
-0.0900709092617035,-0.214075780659914,0.25559506714344027,0.1279385518282652,0.6917007505893707,0.36372864432632923,0.17275192886590957,-0.36069312039762735,0.11254919469356536,-0.11755068004131317,-0.7946159541606903,0.09560881331562995,1.072071188688278,-0.6131045013666153,-0.06542698126286269,0.13898225128650665,-0.1508163085207343,0.16454793736338616,0.28334834924899044,0.09789785481989384,-0.4311018377542496,-0.028483021818101407,0.5167071864008903,1.0327354431152345,-0.1353410892188549,-0.08714173492044211,-0.3375372100621462,-0.25156859774142504,-0.32658735364675523,-0.5093186806887389,-0.12430735826492309,0.4600542575120926,-0.15972476005554198,0.012253457307815551,0.1492320667952299,0.727741950750351,0.14014872014522553,0.21739581674337388,0.5876676879823208,0.5202462553977967,0.1693061888217926,-0.3578866168856621,0.32737054005265237,-0.25937459990382195,0.0012372475117444991,0.03569841175340116,1.1940612314268946,0.6601298779249192
-0.044656211882829665,-0.20398829206824304,0.2543261595070362,0.14987824745476247,0.6872232556343079,0.37261638082563875,0.2480191644281149,-0.3116858521476388,0.19652910232543946,-0.04587121307849884,-0.6639836847782135,0.19093690887093545,1.1853709638118743,-0.4845821995288134,-0.004775893501937389,0.2730390191078186,-0.03709049429744482,0.34299934953451156,0.48807590357027947,0.176030345633626,-0.3294538497924805,0.05941201988607645,0.556435327231884,0.9542986005544662,-0.0016837380826473236,-0.058027235232293604,-0.14761701710522174,-0.16037813145667315,-0.2414773389697075,-0.44333938471972945,-0.11328569352626801,0.49642725586891173,-0.019663949310779572,-0.11581687144935131,0.02562873177230358,0.6967335175722837,0.10848819315433503,0.2846701219677925,0.5383322976529599,0.5036895185708999,0.1365296274423599,-0.34003609120845796,0.2897307716310024,-0.34110357239842415,-0.06966403909027577,0.005299399187788367,1.0887902094051243,0.6177192151546478
0.044370175991207364,-0.12801237180829048,0.2712766893208027,0.17427564449608327,0.6900228917598724,0.4359265029430389,0.3104928996413946,-0.12734066043049097,0.2602898716926575,0.021313367784023284,-0.3944335162639618,0.2552517391741276,1.1988764703273773,-0.3864515651017427,0.12466875929385424,0.4017281770706177,0.07763295564800501,0.5325972586870193,0.6335637097712606,0.2831154275685549,-0.20837129950523375,0.13511743787676095,0.6005649164319038,0.8538485392928123,0.10943599678575992,-0.02282798122614622,0.049467111751437184,-0.06418094728142024,-0.1503686785697937,-0.3440939072519541,-0.12437927573919297,0.45045189559459686,0.054260195791721345,-0.09194006137549877,0.021620197221636772,0.6477855127304792,0.0953421026468277,0.44379032105207444,0.5898141391575337,0.47166052609682085,0.09364445209503174,-0.272773315012455,0.2564138822257519,-0.3230230465531349,-0.0058156285434961316,0.02032947330735624,0.9092255724593997,0.5445488817989826
0.13354768017306923,-0.04498049169778824,0.2749155931174755,0.2265586219727993,0.7184733331203461,0.4509084075689316,0.4063980560749769,0.010378476046025754,0.41230336129665374,0.14527233690023422,-0.07578323483467102,0.3384422607719898,1.255590271949768,-0.2673499781638384,0.28409947771579025,0.5763963520526886,0.20312485191971064,0.7299523562192917,0.7073022624012083,0.37640314139425757,-0.059618127346038816,0.22898530159145594,0.6944051727652549,0.7564302757382393,0.24383336938917638,-0.03113909587264061,0.15605550818145275,0.014206229709088802,-0.10018652230501175,-0.26983950920403005,-0.15431870222091676,0.3732983134686947,0.1460834786295891,0.07089757211506367,0.06401571296155453,0.6228568959981203,0.012192735075950622,0.5514911010861396,0.6298394046723843,0.5110869906842709,-0.0023180395364761353,-0.21294918954372405,0.25417641922831535,-0.15450630336999893,0.056921538338065146,0.09122020988725126,0.75881577860564,0.5169002868235111
0.20961193153634666,-0.03604450970888138,0.2979390017688274,0.27635810151696205,0.6720674186944962,0.46872279345989226,0.5233110141009092,0.11561728920787573,0.5558067739009858,0.2750514969229698,0.22274721264839173,0.4518619664013386,1.325765562057495,-0.05099670477211475,0.48713659662753345,0.7429389238357544,0.35402928981930015,0.9859007626771927,0.7927534913178533,0.48470957912504675,0.11551022976636886,0.33075947854667903,0.8516277179121972,0.585486713051796,0.37572090663015845,-0.05529827550053597,0.3547143440693617,0.08952021654695272,-0.062186618149280545,-0.18559658266603946,-0.22267694287002088,0.2555307611823082,0.2154839113354683,0.15534349270164965,0.06849268339574337,0.5381955439224839,0.3544989079236984,0.758744390308857,0.6549095250666142,0.5888146214187145,-0.16150618493556976,-0.10331725776195526,0.2657839640974998,-0.048714686557650565,0.18425758741796017,0.1833336958196014,0.5784130586311221,0.5191157676279545
0.27975237676873804,-0.08046168833971024,0.2888768784701824,0.284960351139307,0.5903062492609024,0.4712458163499832,0.6345478057861328,0.21161646377295257,0.6312760680913925,0.35402091294527055,0.4816517770290375,0.4859421618282795,1.3887026190757752,-0.025306438282132148,0.7138114990666509,0.8148483574390412,0.5262354800477624,1.1832003146409988,0.883988014375791,0.5522127989679575,0.27482499182224274,0.3962958365678787,0.9376334965229034,0.3671331018209457,0.5040271785110235,-0.07640731707215309,0.4785260286182165,0.08794187363237142,-0.07587999552488327,-0.16977971531450747,-0.35054539851844313,0.033719484508037564,0.23475889712572098,0.3300322566181421,-0.022648868337273597,0.4384595090523362,0.3259966403245926,0.8485177606344223,0.5821777589619159,0.5869425021111965,-0.34510002955794333,-0.034844182431697845,0.3086644157767296,0.024654265120625497,0.24013757035136224,0.2610275828745216,0.341370047442615,0.4999841399490833
0.32888673851266503,-0.1501478949561715,0.28834695741534233,0.2959752090275288,0.53286512196064,0.5174317330121994,0.7655089199542999,0.3175972864031792,0.6208627134561538,0.35701179318130016,0.6969148576259613,0.5563424058258534,1.4083675861358642,-0.04491397626698017,0.8891294540837407,0.893472957611084,0.7108606347814203,1.3701784193515778,1.0393891067709773,0.6312750831246376,0.420329162478447,0.46824208199977874,0.9706586837768555,0.13767274618148803,0.6273913409560918,-0.04988632574677467,0.5535003032535315,0.05320000108331442,-0.112261001765728,-0.15166056491434574,-0.44331154637038706,-0.19593231081962587,0.22269663363695144,0.26828465051949024,-0.13819267153739928,0.31784356478601694,0.17074348628520966,0.8801381200551986,0.5229630120098591,0.5412587426602841,-0.45520895048975946,0.017956160008907318,0.36445020884275436,-0.07269938848912716,0.21506660729646682,0.2455400341656059,0.08043635915964842,0.4651117093861103
0.36535771945491435,-0.07410483155399561,0.2972493521869183,0.30076366737484933,0.5654027372598648,0.6237703800201416,0.8595575153827667,0.47707664519548415,0.5477435424923897,0.33851418308913706,0.8728608727455139,0.5608996637165546,1.385203468799591,0.23751030676066875,1.0659396113827824,0.9948473095893859,0.8812388645485043,1.5628213286399841,1.2196487572044135,0.7277144849300384,0.5079512476921082,0.579482588171959,0.9645271062850952,-0.02167266607284546,0.6731686066836119,0.00826309695839882,0.5645819947123527,0.021727690659463405,-0.11994955986738205,-0.08019747212529182,-0.417790849506855,-0.37229526937007906,0.2043913021683693,0.31900990195572376,-0.1788322299718857,0.24089090172201394,0.17199234068393707,0.9740128725767135,0.479937494546175,0.4964071951806545,-0.42500813528895376,0.0982307717204094,0.43164813667535784,-0.03045737147331238,0.24262236505746843,0.2434687518980354,-0.08380008209496737,0.41384606435894966
0.39756882647052405,0.03358600940555334,0.32749152220785616,0.3093546710908413,0.5966610580682754,0.7528738409280777,0.9357335478067398,0.6071675285696984,0.4831718519330025,0.30930226226337254,0.9140966966748237,0.5735340198501945,1.2506764739751817,0.35658071748912334,1.1045064391568302,1.0347783327102662,1.0362012781202794,1.6734833478927613,1.3562183022499084,0.8019511714577675,0.5382249116897583,0.6797716721892357,0.9091630041599273,-0.18824297785758973,0.6856672953814268,0.11803153231739998,0.5816053420305252,0.004644495993852615,-0.10077181458473206,0.016216837614774705,-0.3635099485516548,-0.45192227363586424,0.26650300770998003,0.3045116323977709,-0.11293403208255767,0.13768764082342386,0.14637923538684844,0.9429204910993576,0.400219003111124,0.41561027988791466,-0.3403394244611263,0.15535158663988113,0.4316252559423447,-0.05152078941464424,0.2638339623808861,0.21858612298965455,-0.2501569913700223,0.3457076571881771
0.46062756041064856,0.16244938429445027,0.3891197137534618,0.35767984911799433,0.6965490937232971,0.8498277872800827,1.0001619100570678,0.7060233518481255,0.3969324566423893,0.30000743647105993,0.9137828543782234,0.6159878110513091,1.046493151783943,0.3591020446270704,1.2059220403432847,1.1061115384101867,1.1721731454133988,1.699073886871338,1.3855672121047973,0.875362879037857,0.5786289006471634,0.7532900080084801,0.8408406257629395,-0.2737740516662598,0.7284277137368917,0.21993135884404183,0.6089995544403791,0.048355705291032794,-0.04362132847309112,0.1343496598303318,-0.25841910392045975,-0.391464626044035,0.39545861035585406,0.4195992726832628,-0.10781084299087525,0.08129178080707788,0.09069042503833771,0.986053642630577,0.4322634920477867,0.4097438894212246,-0.14612300023436547,0.20037665460258722,0.39670249819755554,0.006989574991166592,0.29157757610082624,0.1961045717820525,-0.3662165181711316,0.2972782485187054
0.5487635121680796,0.2596530867740512,0.46027692034840584,0.43323380351066587,0.8296156257390976,0.9303444474935532,1.0166400074958801,0.8228688910603523,0.3878526367247105,0.335254840599373,0.9476586788892746,0.6763484908267856,0.8192904442548752,0.5669897060841322,1.1650611907243729,1.130495423078537,1.24590106010437,1.5916383296251297,1.3095067620277405,0.9518769279122352,0.6610632449388504,0.7785358265042305,0.7730115652084351,-0.24454770982265472,0.7706265892833472,0.30402116402983664,0.6753676783293485,0.1386168546974659,0.04873180389404297,0.28385196104645727,-0.10115919262170792,-0.2565696232020855,0.5636807039380074,0.39158289320766926,0.03336904495954514,0.06814375165849924,0.11572082340717316,0.9808941751718521,0.47754090279340744,0.4247715167701244,0.05579515472054482,0.22490487340837717,0.4161284059286118,0.038203583098948,0.3526742123067379,0.22464363928884268,-0.37692993208765985,0.2717572711408138
0.6413678252138197,0.38280068915337323,0.5622521355748177,0.5135426178574563,0.9284812629222869,0.9662771642208099,0.9928271234035492,0.8765498399734497,0.3988340921700001,0.3827019438613206,0.9366988882422447,0.7478118104860186,0.5867704272270202,0.5328457236289978,1.2019471883773805,1.1682317912578584,1.245020592212677,1.3841839358210564,1.1554272502660752,0.9708838179707527,0.7026333808898926,0.8037636831402779,0.7528044939041137,-0.1175088882446289,0.7944458361715079,0.40162225887179376,0.6739123653620481,0.27460006847977636,0.19123326539993285,0.45515411868691447,0.06639100760221481,-0.10399285778403282,0.7319522887468338,0.45149488747119904,0.0862158253788948,0.15963639747351407,0.09041260778903962,0.9866174131631851,0.5942595526576042,0.5498753570020198,0.27886287942528726,0.2888479271903634,0.4373032733798027,0.13007633332163096,0.4537834130227566,0.2631113728508353,-0.2893945939838886,0.3040452770888805
0.7112975299358368,0.4259428335353732,0.6175980046391487,0.5105454251170158,0.9671897202730179,0.9485275685787201,0.9831594705581665,0.8486701130867005,0.38224593475461005,0.3820817605126649,0.8093398295342922,0.7307006372138858,0.40547196865081786,0.6093644052743912,1.2037608653306962,1.2019827365875244,1.2007900387048722,1.2069901794195175,1.0149494007229805,0.8605459526181221,0.6029571652412414,0.8421514227986335,0.7570399940013885,0.0037055596709251403,0.8332805424928665,0.4725465178489685,0.7131064485758543,0.36390481144189835,0.33240752965211867,0.557642987370491,0.2054749384522438,0.035168669372797015,0.820722433924675,0.4267273336648941,0.09682553559541703,0.25482021998614074,0.22378839552402496,1.0019512087106706,0.7282515540719032,0.7097449235618114,0.4382890559732914,0.2869187230244279,0.41012343326583506,0.1286120915785432,0.40148087665438653,0.2567625617608428,-0.13188404515385627,0.36808918565511706
0.7132907032966613,0.4907468756660819,0.6258505061268806,0.45590984299778936,0.9046086218208075,0.8924362331628799,0.9725681602954864,0.8403140485286713,0.33345888927578926,0.37839939747937024,0.5570775054395198,0.6317736519500613,0.28100665807724,0.6170012354850769,1.1615776062011718,1.2302291512489318,1.1472699999809266,1.0991562724113464,0.9408362984657288,0.749522740393877,0.43528859615325927,0.8916232228279114,0.7990709662437439,0.07323581129312515,0.840029975771904,0.5238046735525131,0.6535106044262647,0.38376695960760115,0.44273064434528353,0.6281245574355125,0.31820353418588637,0.12864269986748694,0.8442379653453826,0.39640683233737944,0.059349732100963594,0.3433987772092223,0.2878001302480698,1.1136543095111846,0.8857804924249649,0.8682583704590797,0.5268369428813457,0.30888704750686885,0.38030792130157354,0.041234813071787356,0.42390400990843774,0.2615561639890075,-0.03983829692006111,0.42554171830415727
0.6811727672815323,0.5223538091406226,0.5258743718266488,0.3708668895065784,0.8412009861320258,0.7867805480957031,0.9253330528736115,0.8079205811023712,0.30165944769978525,0.39647350464947523,0.2823269091546535,0.48720391979441047,0.18715211749076843,0.6740825653076172,1.1647372007369996,1.2704340755939483,1.075107917189598,0.9979206025600433,0.8502795979380607,0.6116665594279767,0.2580117680132389,0.8922536253929139,0.7966251850128174,0.11257295310497284,0.8165781527757645,0.5291040420532227,0.5962031822651624,0.3246939774602652,0.4764493405818939,0.6243715927004814,0.42712323032319544,0.1698095217347145,0.8274472787976265,0.38209303840994835,0.048720477521419524,0.4345851093530655,0.3071920365095139,1.1390954494476317,0.9562268167734146,0.9631704643368721,0.521311717480421,0.2829927811399102,0.3417241866700351,0.12524727936834096,0.39231891110539435,0.2631686544045806,0.026023753732442857,0.461560083925724
0.6254702091217041,0.5372929831966757,0.4162566944956779,0.29554660692811013,0.8019057992845774,0.7329406291246414,0.8761490643024444,0.7681840419769287,0.39597533121705053,0.45346599076874555,0.05622938647866249,0.4001643924973905,0.14487295150756835,0.695821338891983,1.0727563440799712,1.3216764748096466,1.0113190203905105,0.9295436441898346,0.7916723296046257,0.5070715673267842,0.07898327596485614,0.8475504577159881,0.7574815422296524,0.0829083651304245,0.7666817992925644,0.5238058686256408,0.5605699222534894,0.24902113638818263,0.4742113798856735,0.5107337273657322,0.48214586041867735,0.1901793971657753,0.7739279761910438,0.259588510543108,0.003473703563213348,0.4123535413295031,0.2677853316068649,1.0297273598611354,0.9200847047381103,1.0086401760578156,0.4778348371386528,0.28232469204813243,0.25408332524821164,0.23673106487840415,0.3557576142251492,0.2749442314729095,0.03057108446955681,0.473682864010334
0.4966885164380074,0.5234573692083359,0.27657861560583114,0.2093689002096653,0.6967484306544065,0.6350421085953712,0.8141517579555512,0.6985784888267517,0.5014317192137241,0.5731992777902633,-0.07525590974837541,0.3053790359757841,0.1299240231513977,0.7379681468009949,0.9656777441501617,1.286992472410202,0.9566845327615738,0.8657857477664948,0.7142515525221824,0.4465987630188465,-0.03797651417553425,0.792193454504013,0.6736155033111573,0.05606037378311157,0.5902704797685147,0.4979209691286087,0.47402310781180856,0.09957890473306179,0.3735536068677902,0.3750326789915562,0.5096855130046606,0.22287461459636687,0.6093173459172249,0.20148902162909507,0.07227320224046707,0.4025817271322012,0.27500984966754916,0.9145094208419323,0.8222454505972564,0.9823672086000442,0.3879287376999855,0.30328979436308146,0.15941836712881924,0.3738104647025466,0.3193215787410736,0.29695743676275016,-0.004912290722131729,0.4456074759364128
0.3964879021048546,0.45116782784461973,0.126637963950634,0.11963915005326271,0.5501502778381109,0.5118613496422768,0.7891891658306122,0.6502477347850799,0.6171295873820781,0.6377553280908614,-0.1506082871928811,0.3368505789898336,0.13517431020736695,0.6325628623366356,0.804358771443367,1.2020035803318023,0.9166993051767349,0.768182760477066,0.6301112577319146,0.39343649223446847,-0.08610659278929234,0.6713970482349396,0.5302505493164062,-0.020396888256072998,0.46254722103476525,0.5062266618013382,0.41830673031508925,-0.051241347566246986,0.2630791813135147,0.23798340931534767,0.49029032438993453,0.2260340556502342,0.5325130477547646,-0.040476498752832414,0.008894558250904083,0.3040479149669409,0.21079759895801545,0.6755750946700573,0.636105980258435,0.835245868563652,0.23478903919458388,0.3413636529818177,0.08711322424933314,0.38348816987127066,0.17372554838657378,0.27435822542756794,-0.116734928637743,0.3056866332888603
0.28668446093797684,0.48117431402206423,0.024510620534420012,0.04702190086245537,0.4750808235257864,0.431203319132328,0.7886682331562043,0.6535268068313599,0.6571660719811916,0.6836679518222809,-0.11816625092178583,0.3432309419848025,0.11556910574436188,0.5064222887158394,0.6993593722581863,1.0413265653885901,0.9185178428888321,0.6962846338748931,0.5566849991679191,0.3803730549756438,-0.043170330300927165,0.5993222206830978,0.37179685235023496,7.317066192626953e-05,0.3426610313355923,0.5083939164876938,0.3234669160097837,-0.15389554090797902,0.19266420006752014,0.2293013222515583,0.55378008633852,0.28506151884794234,0.38767155855894087,-0.03791020885109901,0.01563565284013748,0.3042882885783911,0.20484307706356047,0.6177774123847485,0.5794531780295074,0.6559965521097183,0.23437401205301284,0.47949572149664166,0.15799032477661967,0.4642295313999057,0.2323842465877533,0.35183436926454303,-0.10139305666089057,0.15527853071689607
0.2384012596681714,0.5539401903748512,-0.09494169503450393,-0.020333247631788252,0.4267682071775198,0.3730482593178749,0.749362975358963,0.7413989663124084,0.7871804654598236,0.7211147546768188,-0.02723501715809107,0.3796548769809306,0.0960327535867691,0.48636604100465775,0.6754087895154953,0.893600428942591,0.8942704945802689,0.6222620815038681,0.4370620593428612,0.3323708000127226,-0.0491714421659708,0.5190423622727394,0.28043355941772463,0.03877846896648407,0.38524155840277674,0.47544775903224945,0.33801974952220915,-0.18602353520691395,0.17312868535518647,0.23182994797825812,0.6140207722783089,0.3657448813319206,0.3746313855051994,0.06586326584219933,0.1636437937617302,0.35323977284133434,0.22796749770641328,0.6197969011962414,0.545989206712693,0.5231031715869904,0.20501059144735337,0.6342512279748916,0.2579504552297294,0.6231253743171692,0.32573236227035524,0.43325446397066114,-0.05055294223129749,0.07074005603790283
0.1367332147434354,0.5554408803582191,-0.16818072497844697,-0.10107060298323631,0.28339758776128293,0.2510918937623501,0.6609165370464325,0.7230170369148254,0.8710190147161484,0.7421224862337112,-0.10361666027456522,0.30214443961158394,0.13352851271629335,0.36993033438920975,0.43320122063159944,0.7405521520413458,0.7985002249479294,0.5678109973669052,0.3227832242846489,0.24661122881807387,-0.10016630329191685,0.5046562984585762,0.2515666732564569,0.0700137734413147,0.32571597695350646,0.3841711074113846,0.1798765629529953,-0.2672695893794298,0.12703152894973754,0.1974858410656452,0.6732031956315041,0.41667940467596054,0.26831796020269394,0.05767465457320213,0.1947068378329277,0.3733530219644308,0.40680263936519623,0.6342792741954326,0.5019013973884284,0.4410215258598328,0.09721440374851227,0.7379125684499741,0.23788200197741388,0.7584756284952163,0.43507833778858185,0.5335246786475182,0.020253594592213632,0.04604942705482244
0.05865065474063158,0.5228154972195626,-0.3229950457811356,-0.22411369308829307,0.16913944147527218,0.1419881485402584,0.5295260727405549,0.692212775349617,0.8931621164083481,0.6752324281260371,-0.13708049152046442,0.19683036087080835,0.1446679174900055,0.24752959460020066,0.47296036779880524,0.619709097687155,0.6644137114286423,0.500848288834095,0.2200464978814125,0.082085225218907,-0.1882323432713747,0.4363269731402397,0.1632089989259839,-0.03330713389441371,0.37872732281684873,0.23773693144321442,0.20902679860591888,-0.3895043689757586,0.042520183324813846,0.0823678620159626,0.5652611389756202,0.3399291202425957,0.1842146024107933,-0.03571029379963875,0.268886099755764,0.2890374232083559,0.41168367564678193,0.5498948328197002,0.4067486080341041,0.3075297027826309,-0.08401300609111786,0.7375920325517654,0.1782261717133224,0.8604135558009147,0.43873387277126313,0.5723448142409324,-0.03848740048706532,0.00017669852823019028
-0.038416126184165476,0.4407354310154915,-0.43617182075977323,-0.2633432485163212,0.046950050815939906,-0.02461569681763649,0.35394067168235777,0.6768824309110641,0.87829326428473,0.603928285650909,-0.11713279206305742,0.0709393042139709,0.22292129099369049,0.18305399268865585,0.4392461493611336,0.582710933033377,0.5217532098293305,0.4646316885948181,0.13406279385089875,0.011522200936451555,-0.1409058768302202,0.4446131631731987,0.11394862700253724,-0.13207232290878892,0.3428698398172855,0.04702564775943756,0.18752162754535676,-0.4958619523793459,-0.06038283407688141,-0.0065559916198253635,0.46980364322662355,0.2993796095252037,0.12169495522975922,-0.2382185287773609,0.3242459401488304,0.22013313956558705,0.26079273633658884,0.4934574954211712,0.2610921087674797,0.19912017285823821,-0.21653889417648314,0.6749003291130066,0.10541321504861116,0.8384768377989531,0.3542174160480499,0.5312231197953224,-0.1165435839444399,-0.0063458139076828955
-0.11153556294739246,0.3655194414779544,-0.5026465281844139,-0.2733265310525894,-0.05281446874141693,-0.14011563435196878,0.17477743029594422,0.6948226898908615,0.7538824085146189,0.44801637511700393,0.03511272352188825,-0.008703694958239794,0.2283487913198769,0.0860762968659401,0.40326309353113177,0.4573020161129534,0.3963788837194443,0.3865162283182144,0.03607668727636337,-0.06663660607300699,-0.04760516472160816,0.39282114505767823,0.01964354161173105,-0.2737359398044646,0.2862321771681309,-0.09396613240242005,0.25533705949783325,-0.5020919281989336,-0.10857333242893219,-0.06472652181982994,0.30338254570961,0.19074714034795762,0.05765444040298462,-0.28450102880597117,0.4604750156402588,0.09696398861706257,0.24065458588302135,0.43386447951197626,0.024007535260170697,-0.0170611709356308,-0.30325701385736464,0.5559100121259689,0.04160522595047951,0.8580363001674414,0.18296386003494264,0.3768003866076469,-0.23015443570911884,-0.031334474124014376
-0.12567752338945865,0.3512942684814334,-0.5252919539809227,-0.276365527510643,-0.11144942045211792,-0.210702333599329,0.05324375629425049,0.7356102555990219,0.594970453158021,0.27719896417111156,0.24494017641991378,0.02728669960051775,0.20899434955790638,-0.0390762522816658,0.4499901786446571,0.34600727567449213,0.2981673300266266,0.2570553869009018,-0.10715852379798889,-0.1451352661009878,0.04088827408850193,0.2988760396838188,-0.06380617972463369,-0.38031494254246356,0.2963480807840824,-0.14395610094070435,0.3597649097442627,-0.4710794180631638,-0.11584287881851196,-0.14253856241703033,0.12252792716026306,0.14153508394956588,0.08901856988668441,-0.2412538558244705,0.5559412032365799,-0.04421855621039868,0.19999326281249524,0.40837412402033807,-0.1428904470987618,-0.18095498085021972,-0.3088747218251228,0.4710326701402664,0.03499889746308327,0.75297273658216,0.08432436734437943,0.23365332633256913,-0.351787706092,-0.0957413600757718
-0.15668341070413588,0.33914512675255537,-0.4903312250971794,-0.2740764871239662,-0.20140954628586769,-0.3680395074188709,-0.06732656359672547,0.6594678461551666,0.36166229881346224,0.14834366720169784,0.43664106260985136,0.009546014852821827,0.10714487256482244,-0.17412077337503434,0.34063970297574997,0.1632826209999621,0.18633352518081664,0.09876964390277862,-0.2705541908740997,-0.20384072861634195,0.1413329891860485,0.21594581454992295,-0.13124343510717154,-0.3334122964181006,0.2929189659655094,-0.13401486575603486,0.40124974846839906,-0.3880458503961563,-0.0415137767791748,-0.08165678605437279,0.05775496661663056,0.13373730033636094,0.08172177076339722,-0.26410419046878814,0.6283513709902764,-0.09772780239582061,0.13280337862670422,0.36406723856925965,-0.24946965724229814,-0.31049081683158875,-0.30342073887586596,0.4059792995452881,0.01945551224052906,0.539850052818656,0.05287024080753326,0.13529733568429947,-0.36014222986996175,-0.14380152551457287
-0.101768159866333,0.3714329032227397,-0.43890967667102815,-0.24208852252922952,-0.3215682491660118,-0.49496560618281366,-0.20083512365818024,0.6435408517718315,0.13245892561972142,-0.051760164089500904,0.5823956035077572,-0.015503468178212642,-0.10422086892649532,-0.31544973999261855,0.2150191769003868,0.01749467561021447,0.05075141191482544,-0.10790334045886993,-0.44316592812538147,-0.32834374508820474,0.20152060091495513,0.09466816037893296,-0.20148699935525655,-0.2302899041213095,0.4054373249411583,-0.1006130337715149,0.5632265686988831,-0.18019526898860933,0.1326257884502411,0.07367338314652443,0.012808749079704284,0.05034558922052383,0.16097695976495743,-0.26627908647060394,0.620542873442173,-0.11579679325222969,0.1471888106316328,0.3000060886144638,-0.23866437561810017,-0.35936626195907595,-0.2992543295025826,0.36682047620415686,-0.05389756076037884,0.4413874324411154,0.10068411082029342,0.03581820875406265,-0.3013678167015314,-0.13665213314816355
-0.04107079803943634,0.31512141805142163,-0.3893923372030258,-0.21705999574624002,-0.4929306089878082,-0.6822395138442516,-0.36970159113407136,0.5035636529326439,-0.05368335209786892,-0.26082896906882524,0.7013274222612381,-0.16116636004298926,-0.3628711718134582,-0.2896367222070694,0.2718493685126305,-0.07887652954086662,-0.10259090960025788,-0.3125454694032669,-0.5687302827835083,-0.48678273758850993,0.23441771864891053,0.02642320841550827,-0.25621542390435936,-0.02526697302237153,0.532048086822033,-0.06796110272407532,0.7237914741039276,0.03159029185771942,0.29492921829223634,0.24370021000504494,0.04790124297142029,0.024580350518226622,0.12592805176973343,-0.21837064921855925,0.6429292250424623,0.009149854630231857,0.13475573174655436,0.3653140977025032,-0.15374817959964276,-0.29362802430987356,-0.3329378619790077,0.298167971521616,-0.13195000402629375,0.2960114773362875,0.13013817220926285,-0.07459266632795333,-0.15460653342306613,-0.017536989133805036
-0.018455252051353455,0.23273474480956793,-0.3678498208522797,-0.2535644670482725,-0.733109787106514,-0.9186351589858532,-0.5437423199415207,0.35001860111951827,-0.29218411706388,-0.5524739624932409,0.7261052206158638,-0.36462652292102576,-0.6067721980623901,-0.3687786102294922,0.16689633578062057,-0.13538166210055352,-0.2686524361371994,-0.4753901153802872,-0.6359920859336853,-0.6754868656396866,0.19847948253154754,-0.10415335148572921,-0.33657868560403587,0.06820680117234587,0.637930528819561,-0.0838634192943573,0.9075397610664367,0.19698116481304168,0.41956875920295716,0.2784765771590173,-0.049584129452705385,-0.09864124655723572,0.043935494124889375,-0.23543450087308884,0.5228863645344972,0.05262070149183273,0.06492956317961215,0.22326695472002028,-0.18996149711310864,-0.23988089486956596,-0.41583801358938216,0.1945945419371128,-0.3331658851355314,0.09834793768823147,0.062004299461841585,-0.279578922688961,-0.09258067570626735,0.10584349604323506
-0.08004440981894731,0.09064772631973028,-0.42227343916893006,-0.37420889786444606,-1.0518175035715103,-1.1621231965720653,-0.683388140797615,0.13806803077459334,-0.6233284261077643,-0.828656798787415,0.74692512601614,-0.5802879353985191,-0.8052639084868133,-0.4021530568599701,0.0843557545915246,-0.1978575222194195,-0.4032889246940613,-0.5551635682582855,-0.612017423659563,-0.9062389761209488,0.11775650680065156,-0.27372623383998873,-0.4899037187919021,-0.006239683274179697,0.5910023257136345,-0.08113057315349578,0.9585792899131775,0.20597583949565887,0.4502199463546276,0.2078255063854158,-0.27384038269519806,-0.2947531700134277,-0.18639889508485794,-0.3931798193603754,0.25118043906986715,-0.04938049167394638,-0.01739855371415615,0.05458712726831436,-0.3292369987815619,-0.3071960650384426,-0.5400992527604103,0.06564419642090798,-0.5156750809401274,-0.2100050810724497,-0.17835911959409714,-0.578065513074398,-0.16075982600450517,0.10489959688857198
-0.12868758458644153,-0.09857465121895075,-0.5275552317500114,-0.5052370344754309,-1.3055296301841737,-1.292408525943756,-0.747421070933342,-0.15074597746133805,-0.9622020866721869,-1.1342405023053288,0.8203035682439804,-0.717741679213941,-1.002926771622151,-0.40670100450515745,0.13538699839264154,-0.2694725088775158,-0.45500152707099917,-0.5762064218521118,-0.5314233727753163,-1.108741706609726,-0.013844296336174011,-0.5253376990556717,-0.6841449216008186,-0.21491540754213928,0.5260810144245625,-0.034143631160259244,1.0838225901126861,0.17005954086780548,0.41877339109778405,0.08677412932738662,-0.5898575335741043,-0.5506154716014862,-0.4054239526391029,-0.36077772118151186,-0.0222145926207304,-0.239801849424839,-0.06624072156846524,-0.17265000194311142,-0.5326020743697881,-0.4768797479569912,-0.6362287521362304,-0.021774949878454207,-0.6601937171071768,-0.5154676321893931,-0.4632530376315117,-0.9027891024947167,-0.3675515905022621,0.0018566436134278773
-0.1731329308822751,-0.18535678032785655,-0.5902601107954979,-0.5651938711758703,-1.5113090395927429,-1.3744810819625854,-0.7705104321241378,-0.32644648998975756,-1.2116549756377935,-1.37580626308918,0.8439015194773674,-0.8266549192368984,-1.1915846305899322,-0.2934016615152359,-0.03207805659621954,-0.41083062067627907,-0.4210139036178589,-0.527285584807396,-0.4101693816483021,-1.1990297079086303,-0.085829596221447,-0.7824391484260559,-0.8625324212014676,-0.3746954223141074,0.41613801568746567,0.031053636968135834,1.0710531294345855,0.16262256503105163,0.3653054408729076,-0.011567550245672464,-0.7953956633806228,-0.7609155297279357,-0.5541345909237861,-0.46170997656881807,-0.3289124947041273,-0.4219683773815632,-0.12896484695374966,-0.40788904279470445,-0.7493534054607153,-0.6722798578441143,-0.6788230836391449,-0.002942117303609848,-0.7955213155597448,-0.760122287645936,-0.6551700875163078,-1.1725762590765954,-0.548781368881464,-0.1332065531052649
-0.20189536977559328,-0.21543917302042245,-0.6866969630122185,-0.6254825403448194,-1.6646917760372162,-1.3589151620864868,-0.7977781623601914,-0.5080806121230126,-1.424768316745758,-1.5637558609247209,0.8854836255311966,-0.8613140307366848,-1.457617204170674,-0.22574351727962494,-0.2018488531932235,-0.673203507810831,-0.3525364398956299,-0.5332273960113525,-0.29850586131215096,-1.2758740723133086,-0.1396241679787636,-1.0513491034507751,-1.1068564258515834,-0.5397453740239143,0.4684955455362797,0.111411814391613,1.1829214930534362,0.13638661801815033,0.26095488891005514,-0.07678559655323625,-0.9331820860505105,-0.9252591073513031,-0.6101303189992905,-0.5358170751482249,-0.5519212704151869,-0.6373545147478581,-0.16073639765381814,-0.6466510280966759,-0.998921250924468,-0.92006900832057,-0.7322750002145767,0.07604600861668587,-0.8609040345996618,-0.9073050260543823,-0.6570073232054711,-1.3281376004219054,-0.7303768940269947,-0.3113342829979956
-0.2109557192772627,-0.33986624106764796,-0.7796598836779595,-0.6707730223890394,-1.7710130274295808,-1.3586325287818908,-0.7992491215467453,-0.7088590011000633,-1.5097426772117615,-1.6139330714941025,0.7710487872362137,-0.7761280737817288,-1.6420129433274269,-0.1421283155679703,-0.3029369985684752,-0.7837921842932701,-0.26989014334976674,-0.5260624170303345,-0.10678796246647834,-1.3030695259571075,-0.20457174256443977,-1.2207665994763375,-1.2881557434797286,-0.6462298825383186,0.6514094270765781,0.06901223510503769,1.2979027092456819,0.018990346789360048,0.0823125921189785,-0.20144964391365647,-0.9708925023674965,-0.9644238412380218,-0.6856607496738434,-0.6408750060945749,-0.881524370238185,-0.761603481322527,-0.05372175946831703,-0.8969675585627556,-1.1310042079538107,-1.143712865561247,-0.8155513912439346,0.20886840298771858,-0.9015107180923223,-1.0106454998254777,-0.7202851995825768,-1.3549762487411499,-0.8293729074299335,-0.46863386416807773
-0.32609577141702173,-0.26776580438017844,-0.852860014140606,-0.6752654065843672,-1.8185618340969085,-1.2265424696728586,-0.7243889402598143,-0.8639826163649559,-1.574042958021164,-1.6491426438093186,0.6467698007822037,-0.9070275686681271,-1.8705249354243279,-0.6225055158138275,-0.4742450064048171,-0.8732373401522636,-0.15259592719376086,-0.47944156005978583,0.15092310234904288,-1.2895301103591919,-0.29849707558751104,-1.3507526338100433,-1.5041870206594468,-0.7327645793557167,0.5378918774425984,0.05997252911329269,1.3029898822307586,-0.09148336946964264,0.005032902210950851,-0.22240472892299296,-1.0136053934693336,-1.0258994281291962,-0.7655257523059845,-0.602900255098939,-0.805740712210536,-0.8990937866270542,-0.1841685838997364,-0.9327228263020515,-1.1235921498388053,-1.3246503792703153,-0.7758923023939133,0.34588018134236337,-0.9175015743821859,-1.0593339592218398,-0.7616118356585503,-1.3258186817169189,-0.9342610009014607,-0.6750558868981897
-0.4523054763674736,-0.2587964542210102,-0.9553491249680519,-0.733551383530721,-1.8769368767738341,-1.0788846848532558,-0.6893927406519651,-1.0002838388085364,-1.610593056678772,-1.6935443460941315,0.5731386452913284,-1.05397711917758,-2.026007908582687,-0.7015106558799744,-0.6270490920171141,-1.0323391363024712,-0.06439902670681477,-0.4906329996883869,0.3053095392882824,-1.2860951602458954,-0.4048832366243005,-1.4146515786647798,-1.6811565339565278,-0.7782774478197098,0.3746779628098011,0.03451392948627472,1.2474090218544007,-0.24065771996974944,-0.15779907181859015,-0.25410914281383157,-1.0294999673962593,-1.0136754393577576,-0.9103030398488045,-0.5729490164667368,-0.7265435691922904,-0.9839737094938755,-0.22876189425587654,-0.93341094404459,-1.113043474778533,-1.4620947502553463,-0.7497103393077851,0.355170101672411,-0.8231605529785156,-1.0600266724824905,-0.7571998916566371,-1.3851235270500184,-1.0023941583931446,-0.8464231371879578
-0.5031206846237183,-0.288337292522192,-0.9980109721422196,-0.721463380008936,-1.8792618989944458,-1.0017259715124964,-0.6464029997587204,-1.2052835464477538,-1.602383804321289,-1.6609519600868226,0.46324299573898314,-1.0830217137932778,-2.039689391851425,-0.8328840136528015,-0.7985260581597686,-1.1704879894852638,0.01300664059817791,-0.4783055193722248,0.40544373020529745,-1.203876967728138,-0.41446024272590876,-1.3884500741958619,-1.7014159440994263,-0.8587686598300934,0.2862961582839489,-0.0367532167583704,1.1228046149015427,-0.422181299328804,-0.32033671215176585,-0.2928008959628642,-0.9740330308675766,-0.9387827228754759,-1.0061880379915238,-0.530116394534707,-0.7383316036313772,-1.053501058369875,-0.23600790575146674,-1.1259858742356301,-1.189323356002569,-1.627450381964445,-0.7279005765914917,0.29768702387809753,-0.6975836813449859,-1.0875409960746765,-0.7344771064817905,-1.3428167462348939,-1.0146475993096828,-0.9372856467962265
-0.5809516608715057,-0.25896605253219607,-0.9879488743841648,-0.6774549402296544,-1.8047542572021484,-0.8657341374084353,-0.567072206735611,-1.4736500024795531,-1.6332633197307587,-1.6916102290153503,0.2733772099018097,-1.1297703579068183,-2.032100588083267,-1.267183980345726,-1.0562141126021742,-1.2869854629039765,0.08590024821460247,-0.4759516008198261,0.4049909792840481,-1.151733787357807,-0.4209039779379964,-1.4360055565834045,-1.7249619841575623,-1.0513873100280762,0.27869063541293143,-0.07577500082552432,1.119536742568016,-0.5476953119039536,-0.39154141768813133,-0.3545561865903437,-1.0060561880469323,-0.9216785084456205,-1.0283699959516526,-0.47686295844614507,-0.7554023511707783,-1.2516883738338946,-0.23533641770482064,-1.3655950427055359,-1.332136970758438,-1.7781041264533997,-0.6931534796953202,0.26709400713443754,-0.5695951163768769,-1.0368951618671418,-0.7398725025355816,-1.3465390026569366,-1.120844279974699,-1.0683301836252213
-0.5583014532923698,-0.26405604826286433,-0.9672946043312549,-0.6122566409409046,-1.6983739197254182,-0.7392056478187442,-0.5039510719478131,-1.5495472967624664,-1.5498707592487335,-1.5681260228157043,0.22139523327350616,-1.0467966988682746,-1.9139040291309357,-1.3313934534788132,-1.1447900062426926,-1.3722786605358124,0.11541001312434673,-0.4772727616131306,0.3768836848437786,-1.0948741748929023,-0.4198039146140218,-1.4480644464492798,-1.6743963599205016,-1.1491274654865264,0.2813918463885784,-0.06204319931566715,1.0570205301046371,-0.6101679161190987,-0.46008274555206297,-0.37747249007225037,-0.958207257091999,-0.9078316938132047,-1.0146444529294967,-0.6021145302802324,-0.7680248863995075,-1.3731490850448609,-0.3986730515956879,-1.5769274830818176,-1.4563348174095154,-1.823060691356659,-0.6773200482130051,0.17189285457134246,-0.40406446158885956,-0.9610510885715484,-0.7250559210777283,-1.2692659139633178,-1.213182306289673,-1.1368393361568452
-0.5386254593729973,-0.25524997459724547,-0.8640835426747799,-0.5287544913589954,-1.51477490067482,-0.6108888579532504,-0.4449892722070217,-1.494860330224037,-1.4082630813121795,-1.4535479426383973,0.07326075732707978,-0.9651549652218818,-1.8071036756038665,-1.508710253238678,-1.2626425355672837,-1.3993329405784607,0.11533030606806279,-0.5047574110329152,0.30073980093002317,-1.0200425699353217,-0.44232982117682695,-1.4190879940986634,-1.6148105621337892,-1.1247988671064377,0.20761198922991753,-0.07124237157404423,0.9182359009981156,-0.6118002369999885,-0.49270380660891533,-0.3391187459230423,-0.8702149972319603,-0.896394969150424,-1.0488526672124863,-0.6581890612840653,-0.688101751357317,-1.3801068484783172,-0.3648969292640686,-1.6544294655323029,-1.439418339729309,-1.7992361783981323,-0.519504913687706,0.08093999326229095,-0.2744721109047532,-0.7948694989085198,-0.6144616067409515,-1.1021971523761749,-1.2391012549400329,-1.124827605485916
-0.4647300377488136,-0.09804260479286313,-0.7588388197124004,-0.4132877685129642,-1.2562394350767137,-0.49324152898043394,-0.39886856600642207,-1.1813502222299577,-1.1726495079696178,-1.2404505342245102,0.07070737034082412,-0.8665270403027534,-1.630325150489807,-1.44380721449852,-1.1376399293541908,-1.3083728015422822,0.07918078638613224,-0.4676521152257919,0.2055787742137909,-0.9431414201855659,-0.4577405186370015,-1.2271306335926055,-1.5006504774093627,-0.969487298419699,0.2640485704410821,-0.09374175556004047,0.8048748940229415,-0.5856501772999764,-0.45245476365089415,-0.2958388447761536,-0.6730021368712187,-0.733865761384368,-0.8544161848723888,-0.5605885446071625,-0.5195261426270008,-1.2504475966095925,-0.39040204882621765,-1.4898437291383744,-1.2006391644477845,-1.647034341096878,-0.35935603082180023,-0.03344359695911407,-0.11802619937807321,-0.48847729414701463,-0.5229012101888657,-0.9255956277251244,-1.1043437249958514,-1.1126360297203064
-0.46080410331487653,-0.1619402845390141,-0.69581842944026,-0.3523014344274998,-0.9673074215650559,-0.30329626630991696,-0.3108300633728504,-1.1802788525819778,-1.0994217447936534,-1.0632614582777022,0.024223998188972473,-0.8288502767682076,-1.3836632996797562,-1.4163236781954764,-1.067130167596042,-1.2100553303956985,0.05638542212545872,-0.3819305241107941,0.18770240545272826,-0.7878481093794107,-0.43441876489669085,-0.9519430339336395,-1.3333973377943038,-0.7351015576627106,0.26299656187184156,-0.10667089708149433,0.7158208638429642,-0.6182314977049828,-0.4429743647575378,-0.23439446687698365,-0.5519554268568754,-0.5976384650915861,-0.7864779599010945,-0.4501569628715515,-0.1497299499809742,-1.0804554462898524,-0.285935053229332,-1.2902904845774175,-0.9834708511829376,-1.478426115307957,-0.3068297699093819,-0.21142102181911468,0.10548594351857901,-0.43894545882940295,-0.49690254032611847,-0.7755793854594231,-0.9092104293406009,-1.015222968161106
-0.33629669398069384,-0.20322060184553264,-0.5886427380144597,-0.21050718799233437,-0.6499206632375717,-0.08032730650156736,-0.13541648760437966,-1.162856897711754,-0.9284125439822674,-0.848778579197824,0.11424014866352081,-0.6102993503212929,-1.0683584481477737,-1.2972675010561943,-0.8025878978893161,-0.9492003828287124,-0.002545171603560448,-0.2899904489517212,0.11512534320354462,-0.6520628098398447,-0.4414478512480855,-0.6420878469944,-1.062202474474907,-0.5165162035729736,0.2583334759343415,-0.09336413629353046,0.5650675043463707,-0.6403600379824639,-0.4358669400215149,-0.2727640360593796,-0.5321853410452604,-0.482150698825717,-0.6729457445442677,-0.3600502014160156,0.0058802090585231784,-0.8762051821220667,-0.5269127428531647,-1.1028159059584142,-0.6403126418590546,-1.1914343223907053,-0.25413527637720107,-0.30239335298538206,0.2500441769137979,-0.35842510908842085,-0.4529803767800331,-0.6172260940074921,-0.7343539513647557,-0.8521737590432167
-0.31212214529514315,-0.09118571327999234,-0.45248719695955514,-0.005073831230401993,-0.2797026127576828,0.16543424297124149,0.059572013467550276,-1.1197857052087783,-0.9003509633243084,-0.6875667786225677,0.12191541828215122,-0.5432037845253944,-0.7703213363885879,-1.2211104169487954,-0.6069094670936466,-0.7262562781572341,-0.07188250795006752,-0.2056644856929779,-0.007530869543552398,-0.47034569419920447,-0.4243667820468545,-0.3040692627429962,-0.7993364661931992,-0.1615607926156372,-0.00026862467639148234,0.06266280226409435,0.2895944222807884,-0.6379355356097222,-0.40070479512214663,-0.24594285786151887,-0.47384000532329085,-0.35651193633675576,-0.6170793361961842,-0.31519258916378023,0.2957827292382717,-0.6154504359234124,-0.6014237582683564,-0.812349335104227,-0.2671999156475067,-0.7649924979545176,-0.11124652177095413,-0.3600172699429095,0.37734778616577386,-0.35334729999303816,-0.23010510951280594,-0.4780651189386845,-0.4548983611166477,-0.6654490664601326
-0.23268841505050658,-0.15393152730539442,-0.3479552263393998,0.11016195639967918,-0.07768236696720124,0.1529371216893196,0.08754282779991626,-1.0165486343204975,-0.8213136307895184,-0.6164189463481307,0.11203773356974125,-0.37366981655359266,-0.4807788819074631,-0.7089859858155251,-0.5432316167280078,-0.53524549305439,-0.21811776533722876,-0.25618462488055227,-0.21717931777238847,-0.35850051082670686,-0.38196397218853234,-0.005578356981277466,-0.5186874479055404,0.10329441935755312,0.016469578491523862,0.10542139075696469,0.10218674391508102,-0.6492424115538598,-0.49707430601119995,-0.2666025310754776,-0.4163578998297453,-0.2837742030620575,-0.5588345028460026,-0.3153891772031784,0.33454088792204856,-0.29994612340815363,-0.5150145441293716,-0.8081210561096668,-0.04803293347358704,-0.40796290496364235,-0.0895179882645607,-0.42202117657288907,0.3641902575269341,-0.29920435398817063,-0.10461470745503902,-0.4510640032589436,-0.17010133638978003,-0.3881676450371742
-0.12854340970516204,-0.29704675571992994,-0.3333994740620255,0.1966252312064171,-0.01885000169277191,-0.018175877630710602,0.0379618663340807,-0.8847205258905888,-0.8087402455508709,-0.6917127793654799,0.0379636351019144,-0.19845524579286575,-0.3471439003944397,-0.6502480998635292,-0.26210279297083616,-0.22757135331630707,-0.3836291261017323,-0.37449900433421135,-0.47938310652971267,-0.39883663691580296,-0.398357642441988,0.1418454483151436,-0.31087476909160616,0.1655333972070366,0.08650686894543469,0.002753845974802971,0.02870301604270935,-0.6771705493330955,-0.5820322573184967,-0.3817078858613968,-0.45243794433772566,-0.30039805769920347,-0.4466173447668552,-0.1826090382412076,0.19700202271342276,-0.12490578298456967,-0.4255243808031082,-0.8679884769022465,0.06614079773426056,-0.1067751751281321,-0.1757194235920906,-0.43644570028409363,0.10211182329803706,-0.27068953961133957,-0.1851439733058214,-0.4998826630413532,-0.03246129080653191,-0.15842124372720717
-0.19878862351179122,-0.4590875883586705,-0.3935226971283555,0.1217219851911068,0.009299245476722718,-0.10632388740777969,-0.09519765302538871,-0.6821728043258191,-0.8252106480300426,-0.7751509552821517,0.08345622755587101,-0.1298127919435501,-0.26883312314748764,-0.5175294354557991,-0.028848819248378278,-0.024916750192642213,-0.5921180315315724,-0.4964779607951641,-0.6878329262137413,-0.48520594723522664,-0.4502065718173981,0.15954202488064767,-0.25467791557312014,0.15855397344566882,0.033546307729557155,-0.1536824956536293,-0.08576901257038116,-0.7504904195666313,-0.7058200001716614,-0.4985764890909195,-0.5421486433595419,-0.3533390659838915,-0.43857856169342996,-0.19558045137673616,0.1847437970340252,-0.02846422349102795,-0.2941735416650772,-0.6678217001259327,0.08114406764507294,0.11397357126697898,-0.2780955895781517,-0.4934808156453073,-0.12349998857825994,-0.3668985113501549,-0.35815499909222126,-0.5938283927738667,-0.022863426059484483,-0.018496282398700714
-0.26905033439397813,-0.56539457263425,-0.5026219950988888,-0.030334291607141496,0.03446985185146332,-0.14152985215187072,-0.246750058978796,-0.3156654588878155,-0.825029318779707,-0.741492105089128,0.19668782390654088,-0.005678622424602509,-0.10673438529483974,-0.16701803356409073,0.19445655094459652,0.06818174421787263,-0.8079287447035313,-0.533099078387022,-0.796503858268261,-0.5223014701157809,-0.5661230944097042,0.14747997596859933,-0.1613159328699112,0.1678984379861504,-0.0946297376882285,-0.38603505641222,-0.2729684442281723,-0.8532025381922722,-0.9205280289053916,-0.6924163222312927,-0.6670356061309576,-0.4272530395537615,-0.4640312470495701,-0.09265137184411287,0.18119874447584153,0.06609395886771381,-0.1676721066236496,-0.5108936853706837,0.15930115878582002,0.25371807953342795,-0.33176679760217664,-0.5650609425269068,-0.2615231147035956,-0.4222698912024498,-0.4252897534519434,-0.5655015952885151,-0.02855917438864708,0.11498300284147263
-0.39378640949726107,-0.6655132889747619,-0.5742065953090787,-0.13903904035687448,0.08902137279510498,-0.15251398086547852,-0.3631880432367325,-0.20249724313616752,-0.7569656394422054,-0.6693822091445327,0.15567776001989841,0.09735053107142448,0.13612386365421117,-0.055261756479740146,0.38452553199604156,0.13185171782970428,-0.9794401206076145,-0.4978711329400539,-0.8368964150547982,-0.484695940092206,-0.6784155152738094,0.19045640900731087,-0.00421140193939209,0.1876586324069649,-0.3011624067556113,-0.6154822483658791,-0.523422333598137,-0.9817482054233551,-1.1050604589283466,-0.9029270470142364,-0.755775785073638,-0.4034519959241152,-0.44870423451066016,0.09936162363737822,0.22949382215738295,0.1476509168278426,0.021592152118682862,-0.2323875792324543,0.2938444912433624,0.3714264108799398,-0.40273952335119245,-0.6606826058588922,-0.3264333074912429,-0.40060150623321533,-0.579716881737113,-0.5563534922897816,-0.006191297620534897,0.19907461740076543
-0.44173164665699005,-0.7039558708667755,-0.6280362935736775,-0.21432557180523873,0.14099047891795635,-0.17747250199317932,-0.48626304864883424,-0.13407038077712058,-0.7225615851581096,-0.6096291666850447,0.1466961745172739,0.12341019436717034,0.3811878718901426,0.09798301011323929,0.41804651664569975,0.04975338876247406,-1.096527847647667,-0.4590562306344509,-0.8110377386212348,-0.4049585986882448,-0.7069280050694943,0.20127611830830575,0.12529605012387038,0.1571345663163811,-0.3183146565686911,-0.819036965072155,-0.5589847236871719,-1.0301762878894807,-1.2279244907200337,-1.0752948552370072,-0.82891729734838,-0.4420386839658022,-0.313233832269907,0.0862790359184146,0.25338991433382035,0.1388000264298171,-0.15510433912277222,-0.19388510063290595,0.358581081032753,0.3926965012215078,-0.5166444465517998,-0.7140672913752496,-0.35106396339833734,-0.43061160296201706,-0.6051783408969641,-0.5041912215063349,-0.003890164941549301,0.2262680534273386
-0.4391836702823639,-0.8105679601430893,-0.6379459710791707,-0.24823748841881751,0.17073083929717542,-0.22519972622394563,-0.572167506814003,-0.1387841783463955,-0.7188373103737831,-0.5185996806249022,0.13376861717551947,0.24747184440493583,0.5625122882891447,0.06475569270551204,0.343410234618932,0.02588474452495575,-1.1373640090227126,-0.4917852610349655,-0.7977310255169868,-0.31639905758202075,-0.6578952334821224,0.1915154792368412,0.28803758006542923,0.1375857561826706,-0.38480157032608986,-0.974923200905323,-0.6376124888658523,-1.0068981915712356,-1.3551526099443436,-1.1777613043785096,-0.8296266697347164,-0.4070218537002802,-0.28927860110998155,0.052883973531425,0.21979302912950516,0.11392630035988986,-0.15907037556171416,-0.1155448354780674,0.39298866093158724,0.4379977404139936,-0.6142083927989006,-0.7446194580756128,-0.46600140891969205,-0.574488665163517,-0.5584597673267127,-0.3913383992621675,-0.008352743089199066,0.30822595320641993
-0.39928445145487784,-0.757801991701126,-0.5535715701058507,-0.19347022846341133,0.21474277786910534,-0.2537184178829193,-0.5988479271531105,-0.012736169993877411,-0.48710891157388686,-0.31825168486684563,0.2032389810308814,0.3547393672168255,0.6154527314472944,-0.03409467525780201,0.2823689329437912,0.01626810133457184,-1.1466180682182312,-0.6113390058279038,-0.8468383118510246,-0.25479219257831576,-0.5513365887105465,0.19981959834694862,0.3879911629483104,0.12045992910861969,-0.3827201761305332,-1.0011084362864495,-0.6901131361722946,-0.9546441048383713,-1.3876542389392852,-1.1147510997019707,-0.6833511970937252,-0.267809160426259,-0.1952499657869339,0.12141429763287306,0.19025198966264725,0.14850206524133683,-0.3027686238288879,-0.013879159092903137,0.502291950583458,0.5144376799464225,-0.6157099843025208,-0.6518885678611696,-0.5360443724319339,-0.4910218149423599,-0.4099115815013647,-0.19810602387879045,0.02091367691755295,0.34441178403794764
-0.40576972886919976,-0.6219612807035446,-0.4565667347982526,-0.19048390462994574,0.2594440083950758,-0.2505276262760162,-0.6056142404675484,0.28312443643808366,-0.23274029046297073,-0.08191860020160675,0.13297465946525336,0.38461223170161246,0.6336243875790387,-0.19536405391991138,0.15618937788531184,-0.01604805886745453,-1.077419102191925,-0.7284677594900131,-0.8113001242280007,-0.15331849753856658,-0.4090831957757473,0.1744743801653385,0.4383462993428111,0.20153201520442962,-0.3837346829473972,-0.9072447344660759,-0.7146257817745209,-0.8355408757925034,-1.3109208108857273,-0.9144160679541529,-0.4867063783109188,-0.12778677530586718,-0.09062286317348481,0.34241824727505443,0.3695357248187065,0.20031507760286332,0.08753031492233276,0.10337381660938263,0.5346485942602157,0.5525137647986412,-0.5429918304085731,-0.5317109531722963,-0.4678940730169415,-0.24799323976039886,-0.23577759079635144,0.009594683139584958,0.14340306371450423,0.36271344386041166
-0.258727353066206,-0.5874352470040322,-0.3711476355791092,-0.24518407061696051,0.2768550615757704,-0.23454729914665223,-0.6172421351075172,0.4465273812413216,0.04916102141141891,0.08935581147670746,0.17292896676808595,0.4043257884681225,0.5873114713001997,-0.23727823086082936,0.10886296210810542,-0.030479010939598084,-1.0162611700594426,-0.8235950618982315,-0.8488437592983246,-0.19748857319355012,-0.4002526767551899,0.08496004119515418,0.45086533706635235,0.15000321567058564,-0.1392117477953434,-0.8103051021695137,-0.5855211853981018,-0.6801690965890884,-1.1832801522687078,-0.7799528411589562,-0.3853968374431133,-0.022531234472990037,0.1171188622713089,0.31956715863198043,0.33448391407728195,0.15238791853189468,0.16034880876541138,0.11472618877887726,0.5113209217786789,0.557591937482357,-0.48297142833471296,-0.46415503080934284,-0.45587421525269745,-0.07314575016498566,-0.23698185198009014,0.11298163735773414,0.14318069070577621,0.410324352607131
-0.15450027212500572,-0.6622812330722809,-0.22838438153266907,-0.29327268376946447,0.2910343449562788,-0.19347184300422668,-0.6140644282102585,0.49123027846217154,0.26743473261594775,0.29035738706588743,0.1868336008861661,0.3758241288363934,0.589881605701521,-0.2569032359868288,0.08342686323449015,-0.01848296821117401,-0.9706056840717793,-0.8385891288518905,-0.856229430437088,-0.23233326971530915,-0.43694514483213426,0.0344183899462223,0.45931146424263714,0.10402113497257233,-0.017221365123987198,-0.7158687174320221,-0.6052184522151947,-0.5810174115002156,-1.0911523820832372,-0.7239666192792356,-0.28467292711138725,0.04874789416790008,0.14226827919483184,0.17163681667298078,0.08016974180936813,0.05169315189123154,-0.055212050676345825,0.04509451389312744,0.4286100596189499,0.5516900286078453,-0.46526967734098434,-0.49169026166200636,-0.3989000016823411,-0.07536405473947524,-0.2356731403619051,0.2268599977483973,0.08635790199041367,0.45519754849374294
-0.09175333604216576,-0.5862037509679794,-0.01432371735572815,-0.3094815030694008,0.3921242650598288,-0.07932851612567901,-0.5852520316839218,0.6356887482106686,0.49595480412244797,0.5852038741111756,0.17997507322579623,0.41451545283198354,0.6592066802550107,-0.11507942564785481,-0.02510138088837266,-0.018651089072227477,-0.9375677295029163,-0.8018404334783554,-0.781842190027237,-0.179954831302166,-0.451542629301548,0.008185779303312301,0.4368421582505107,0.11450031995773316,0.12530319020152092,-0.5875922918319703,-0.6325478047132492,-0.43743075504899026,-0.9847985299304127,-0.6619567140005529,-0.1702413957566023,0.07280836999416351,0.23314386308193208,-0.05899704247713089,0.06620559245347976,-0.00038510560989379883,0.0962730348110199,0.04953733682632446,0.38206173181533815,0.5370220050215722,-0.31371649652719497,-0.5295016869902611,-0.2812501544132829,0.018205636367201804,-0.18920860178768634,0.38242193961050364,0.07267458308488131,0.47484756670892236
0.042722252756357194,-0.557992085814476,0.21502471566200257,-0.2835141822695732,0.5105041142553091,0.044932288117706776,-0.5222840875387191,0.6343741975724697,0.6333522900938988,0.7943512737751007,0.08011436481028796,0.39609104618430135,0.6655795328784734,-0.10041428394615651,-0.003952967468649149,0.009184330701828003,-0.8766388721764088,-0.8226441234350205,-0.7557673633098603,-0.1520901009440422,-0.5242364726960659,-0.03925970196723938,0.3814271388575435,0.1635958380997181,0.2741799883544445,-0.42369252890348436,-0.5883480563759804,-0.25329468920826914,-0.8452997984364629,-0.6263135924004019,-0.0735518466681242,0.12005192190408706,0.3199868008494377,0.04639722853899002,-0.06388927549123764,-0.042016126215457916,0.08868787288665772,0.06530759781599045,0.42912257462739944,0.5490863367915153,-0.17270209789276122,-0.5555829867720604,-0.18406245056539774,0.10990975461900235,-0.12092329151928424,0.4605038603534922,0.07065353114157916,0.4339174088090658
0.19137408658862115,-0.5375963300466537,0.4442543923854828,-0.17454473823308944,0.6012844610959291,0.09830607455223798,-0.47710706293582916,0.567013468593359,0.783194525539875,0.9342410415410995,0.04101965529844165,0.40333680137991906,0.6335789889097214,-0.06415539570152759,-0.06618306748569011,0.025685015320777892,-0.8186642713844776,-0.8967162698507309,-0.7518895328044891,-0.10528166145086289,-0.45036708638072015,-0.03939682841300964,0.36578377764672043,0.2378767676651478,0.3818773292005062,-0.2329307958483696,-0.5103138454258442,-0.03696422651410103,-0.6259562017396092,-0.4633125036023557,0.0949562419205904,0.19012693613767623,0.45371204018592837,0.04859467893838883,-0.05320087485015392,-0.0391305074095726,0.05309247076511383,0.04492494314908981,0.4401462867856026,0.5525840729475021,-0.07138126492500305,-0.5906883880496026,-0.14481840673834084,0.18827830515801908,-0.12144299633800984,0.4735346069326624,0.13514911029487847,0.3987059844657779
0.3941906921565533,-0.480729678273201,0.6181809842586518,-0.0327568493783474,0.6593776900321245,0.17260918896645308,-0.39496819525957105,0.6235463671386242,0.8258678614161908,0.9803647488355637,0.06962982816621661,0.4397047206759453,0.5039166897535324,-0.1184790689498186,-0.07826825492084026,0.06661304831504822,-0.7286611326038838,-0.9827687740325928,-0.7676689088344574,-0.09624246805906296,-0.269564688205719,-0.04860401153564453,0.30166854839771984,0.25041244402527807,0.6104360841214657,-0.04478441923856735,-0.2517711766064167,0.22111887857317924,-0.3568353595212102,-0.18536228826269507,0.23439025618135928,0.21709815561771392,0.599152010679245,-0.09682588428258895,-0.08971563689410686,-0.048514293134212495,-0.022100189328193666,0.0606776624917984,0.4404132142663002,0.5441418647766113,0.0408749520778656,-0.5213129267096519,-0.1429968560114503,0.11302945725619792,-0.049547522142529485,0.5063621243229136,0.17679936084896325,0.36553814355283976
0.5269299350678921,-0.435559406876564,0.7569000124931335,0.14287079647183418,0.6529689803719521,0.2808113230392337,-0.24868583530187607,0.6203602306544781,0.8783283798955381,1.0300024896860123,0.2052414814941585,0.5297922328114509,0.4121678128838539,-0.14619121439754962,0.0321075264364481,0.21359928399324418,-0.6188016377389431,-0.9850360065698623,-0.7656579226255417,-0.053056344389915466,-0.030726420879364013,0.06008540466427803,0.2941109877079725,0.3595074065029621,0.7529186092317104,0.16253443956375122,-0.10320510640740395,0.44995618984103203,-0.08200210947543382,0.1820969612337649,0.4692147109657526,0.3783265262842178,0.6477436974644661,0.08734141737222671,-0.0013786595314741134,0.08087622672319413,0.13715005815029144,0.24723696410655976,0.47154672890901567,0.6147550630383194,0.09642494721338153,-0.4464640125632286,-0.11741370093077422,0.05891525559127331,-0.04709598310291767,0.5137013614177703,0.2849075237289071,0.3931972209829837
0.6361767791211606,-0.37933255136013033,0.8503144294023514,0.26626351550221444,0.6287712678313255,0.38248883318156,-0.1082813486456871,0.5008331678807736,0.86905433004722,0.9737766502425075,0.2010946989990771,0.5254818633198738,0.3275254532694817,-0.23462600708007814,0.12344366945326328,0.2357773020863533,-0.5098135981708765,-0.9708556085824966,-0.7085221126675606,-0.025840740418061614,0.11187631785869598,0.06870974525809288,0.22913206927478313,0.4048880569636822,0.9358154915273189,0.37582082152366636,0.14195186123251916,0.6458608530461788,0.18085128646343945,0.46555220196023583,0.5546955283731222,0.37880652099847795,0.6886454030871392,0.05803070217370987,-0.002379746362566948,0.13225152790546418,0.15381597578525544,0.20798318088054657,0.3729508511722088,0.6009861215017736,0.15635675890371203,-0.38348539024591444,-0.02305003982037306,0.019141709432005882,-0.09119840450584889,0.4296028111129999,0.319230836071074,0.42279486474581063
0.7284716024994851,-0.3884549498558044,0.9422715663909912,0.3268588997423649,0.6178828462958336,0.3973843766376376,-0.03691953271627426,0.5272396624088287,0.7999912626110017,0.8710516391322016,0.24227753588929773,0.607183201611042,0.37509246319532397,-0.13487085476517677,0.33319991268217564,0.3264154240489006,-0.43710486181080344,-0.8679394960403443,-0.6867769244359806,-0.03943500421009958,0.1671840399503708,0.0840244673192501,0.23494866602122783,0.4392831318080425,1.0421017676591873,0.48022380471229553,0.288005705922842,0.785959180444479,0.3228858469054103,0.6164531372487545,0.6563768442720175,0.3889975562691689,0.6762627944350242,-0.03167010396718979,-0.09020511321723461,0.17536825835704803,0.2410108119249344,0.19134486019611358,0.2560680083930492,0.5811771496199072,0.23610230190679432,-0.41863164901733396,0.013168926909565925,-0.036485375836491585,-0.2178765255957842,0.30621939785778524,0.35092957559973004,0.47358903852291406
0.7545666888356208,-0.49934286177158355,1.0074137568473815,0.36009464636445043,0.5585945829749107,0.3683228624984622,-0.03572171032428741,0.37703055441379546,0.624115580972284,0.6960152802988887,0.2256856651045382,0.6395552232861519,0.3671994969248772,-0.08955651894211769,0.40853898860514165,0.35653294175863265,-0.3871116805821657,-0.7865633800625801,-0.6979467789875343,-0.12523523471318185,0.1506811946630478,0.01280030533671379,0.18017083518207072,0.4047612898051739,1.0826377779245377,0.4676401376724243,0.3627387024462223,0.8267117820680141,0.3499854475259781,0.6417241714894771,0.6953441437333823,0.3337482884526253,0.6553308710455894,-0.2042830690741539,-0.24589699916541577,0.18581681549549103,0.16842245161533356,0.09056359529495239,0.0925676591694355,0.508832488860935,0.2377792621962726,-0.5192676961421967,-0.03712116442620754,-0.2610763359814882,-0.4166145283728838,0.11237147245556116,0.3285383040085435,0.47237048712559043
