0.5731289826333523,0.4191442869603634,0.32501537501811983,0.3157744713127613,0.31473610885441305,0.8702502116560936,0.05048930794000626,0.6854208201169968,0.642397840321064,0.3841101586818695,0.7112895578145981,0.15487677473574876,0.7300657530780882,-0.005290664033964276,-0.29266841262578963,1.803516685962677,-0.013560844957828522,0.8032164394855499,0.7901353986933828,1.3388205245137215,0.6379028528928756,1.5625469028949737,2.076970362663269,1.6419448018074037,0.6946466520428658,0.24836258143186568,0.1966958566568792,0.7083723425865174,0.34409898668527605,0.8391794070601464,1.490998423099518,1.0991436809301376,0.6701559215784073,0.4644624970853329,1.162189032137394,1.2283193692564964,0.25386902019381524,1.4276149809360503,2.0165283262729643,1.5781331419944764,0.46987719610333445,-0.039823229610919955,0.9952613398432731,0.7748929180204869,0.592524217069149,1.035416492819786,1.4340730607509613,1.9549721002578735
0.666180943697691,0.416742292791605,0.42236838340759275,0.3719851404428482,0.37880034781992433,0.8889775559306144,0.05964997559785843,0.6911189287900925,0.5703273460268974,0.31237994208931924,0.6461417138576507,0.13588978815823793,0.7108804961200803,0.01644744644872844,-0.24685602970421314,1.7574753701686858,-0.05393147021532059,0.7174419462680817,0.6930503072217107,1.2625229373574256,0.6297598414123058,1.5317043960094452,1.9615534603595735,1.7913877367973328,0.6699650824069977,0.36504229754209516,0.16514846524223686,0.7006059944629669,0.2635391429066658,0.8662202283740044,1.4742335081100464,1.2492017507553101,0.6369649201631546,0.4568915955722332,0.9625459834933281,1.3420814648270607,0.2782141797244549,1.263135415315628,1.8860403567552566,1.6481131255626678,0.5493291474878788,-0.025441618263721467,0.8620268791913986,0.6889683790504932,0.4235601365566254,0.8480090871453285,1.6886154770851136,1.9158808887004852
0.6881324032321572,0.34260979741811753,0.3474332571029663,0.3090455621480942,0.2864107135683298,0.8869555339217186,-0.12610768526792526,0.559711018204689,0.49376028329133986,0.28059047237038615,0.5844395771622658,0.10645005274564028,0.7017741163726896,0.006528640491887927,-0.27781849838793277,1.683716505765915,-0.1990059956908226,0.6453333467245101,0.5766119601204991,1.1565045349299907,0.5822732739150525,1.4064415588974952,1.7597958594560623,1.778856134414673,0.6016185000538826,0.32502015084028246,0.10874582743272185,0.583203661441803,0.1069684974849224,0.8470231607556343,1.4096455305814743,1.337272860109806,0.5795291215181351,0.42337059900164603,0.7698367580771446,1.3018206492066384,0.25065727159380913,1.151468390226364,1.6293755441904068,1.5755406498908997,0.4765248723328114,0.03932245075702667,0.702341815829277,0.6558851785957813,0.24840274304151536,0.6926392838358879,1.7067288279533386,1.769879062473774
0.6269788475707173,0.22018103748559953,0.3064743399620056,0.28956989347934725,0.2539084438234568,0.8890910021960735,-0.2717496320605278,0.47369165569543836,0.4936495080590248,0.25223024981096387,0.476040942966938,0.08817315269261598,0.6952855338808149,-0.04979887534864247,-0.23134611286222934,1.590275102853775,-0.332871213555336,0.5511144787073136,0.4913931395858526,1.027356753498316,0.4864430330693722,1.1791636422276497,1.4885996609926224,1.655511662364006,0.5050939120352268,0.06914218962192535,0.01348298778757453,0.5105590879917145,0.012095200270414353,0.8252480536699295,1.2939453572034836,1.3108760252594949,0.5227608349174261,0.38261731788516046,0.7338290199637413,1.1965199634432793,0.19589262902736665,1.0386098057031632,1.3861308798193932,1.4431317120790481,0.4281567819416523,-0.054569223523139955,0.5083854168653488,0.7135646529495716,0.09753067940473556,0.5144339427351952,1.6578377621248364,1.5292909130454064
0.5473991947248578,-0.03353681713342667,0.2944918215274811,0.25383350551128386,0.20793401896953584,0.8265490360558033,-0.4302937135100365,0.3440661683678627,0.4780937507748604,0.13205335335806012,0.4511651560664177,0.05904108583927155,0.6689279267564416,0.21533716986887158,-0.1976239923387766,1.45906672924757,-0.47949026226997377,0.3017341524362564,0.3283279623836279,0.8324919410049916,0.402028738707304,0.9146562293171883,1.2051721662282944,1.3377788275480271,0.4059423469007015,-0.07895655333995819,-0.1894830704666674,0.33989343643188474,-0.2248664416372776,0.6344063252210617,1.075948676466942,1.051160205900669,0.41951999329030515,0.32149991020560265,0.5663630947470665,0.9983651444315911,0.4670837104320526,1.0186859644949435,1.135938648879528,1.263158604502678,0.25953868627548216,-0.25548900067806246,0.23801169991493226,0.5446093209087849,-0.21232726126909257,0.2596344158053398,1.4206901567056776,1.2213216885924338
0.4309055285528302,-0.14531388729810715,0.10579425096511841,0.156692773103714,0.16277825832366943,0.7198333777487278,-0.4448140487074852,0.33871847540140154,0.39317925125360487,-0.040867094229906795,0.4453302130103111,-0.015448002517223359,0.6705084719229489,0.3892659969162196,-0.23583381511271,1.3214637458324432,-0.48742403984069826,0.2949250638484955,0.21939533054828644,0.6750042177736759,0.36606943886727095,0.7893084481358528,0.9708154469728469,1.1583993524312972,0.19933223947882653,-0.13517213240265846,-0.3632178486324847,0.010344099998474122,-0.5604672886431217,0.4349363535642624,1.0068645775318146,0.9696881555020809,0.27060638926923275,0.18633847460150718,0.4894744552671909,0.9064767986536026,0.5804090738296509,1.036162818595767,0.950787578523159,1.1190953105688095,-0.02559357285499573,-0.365707466006279,-0.11997606158256531,0.4182798333466053,-0.4466069474816322,-0.1239789143204689,1.2820640759542585,1.0163457155227662
0.13311788607388736,-0.48858457058668137,-0.008963590860366822,0.03527066707611084,-0.07487386465072632,0.5041444577276707,-0.5248649463057518,0.2098875179886818,0.2723860114812851,-0.20568780405446888,0.40572594106197357,-0.09310645908117295,0.5571492530871183,0.4624769530724734,-0.13404967077076435,1.1167672336101533,-0.6373616069555282,0.12718947529792785,0.01228773295879364,0.3896433927118778,0.2116844503208995,0.5661907330155372,0.6839022189378738,0.9248885899782181,0.055479439347982405,-0.27839166224002837,-0.49098782762885096,-0.32575035095214844,-0.9742505051195621,0.1123118132352829,0.7775514900684357,0.7638550065457821,0.07510939501225948,0.14054520651698113,0.3958582319319248,0.7290732949972153,0.6225453704595566,0.845218850299716,0.7359701499342919,0.8850562423467636,-0.2760645806789398,-0.5699640870094299,-0.4815452635288239,0.170729598402977,-0.7058509781956672,-0.42826409488916395,1.1142745958641171,0.7678787887096405
-0.06653711628168821,-0.6580750271677971,-0.13262349963188172,-0.05888132154941559,-0.22880804538726807,0.3150142379105091,-0.6569151148200035,0.08507993370294571,0.16495984494686128,-0.33142631156370045,0.2949572533369064,-0.1842354103922844,0.5125744097400456,0.4949732496868819,-0.2169415879994631,0.8961233735084534,-0.7520334750413895,-0.03125063180923462,-0.16697532832622528,0.15957643166184426,0.13341074269264935,0.37481108754873277,0.45184372216463087,0.7931744039058686,-0.25657177343964577,-0.4038218349218369,-0.6178605102002621,-0.5422274470329285,-1.2064161434769631,-0.10831026136875152,0.5629244387149811,0.6457637064158916,-0.1267706099897623,0.18880115672945977,0.30315587893128393,0.5758697658777236,0.5279379040002823,0.7705916335806251,0.5392122015357017,0.7075937181711197,-0.4555199921131134,-0.5899380028247834,-0.8206511080265045,-0.04199296534061432,-0.7826866641640663,-0.6847478106617928,1.015127189643681,0.5966252624988556
-0.3024786515161395,-0.9065832450985909,-0.38342981934547427,-0.18523843586444855,-0.4803884238004684,0.11987553313374519,-0.8627603277564049,0.050558234378695485,0.043332436680793764,-0.36141344709321854,0.14552052468061447,-0.22186391055583954,0.37763026882894335,0.23784001017920672,-0.19287956021726133,0.6793463602662086,-1.0380019694566727,-0.3865360260009766,-0.38343955874443053,-0.10830032750964165,-0.023557171411812305,0.06992022842168807,0.1582059420645237,0.5461104899644852,-0.32532853111624715,-0.5029285937547684,-0.46053860411047937,-0.8202920973300933,-1.442899364233017,-0.3700848013162613,0.27938791513442995,0.38381772562861444,-0.3982741001993418,0.16742025539278985,0.1064567007124424,0.3208791226148605,0.572908130288124,0.4038947394117713,0.2920419052243233,0.4617093216627836,-0.8250865995883941,-0.730789540708065,-1.0515470117330552,-0.03867682516574859,-0.8032769083976745,-0.8022724941372872,0.7885913627222181,0.381617945432663
-0.5400648040696978,-1.2008730724453927,-0.7779543459415436,-0.4154142767190933,-0.7795525282621384,-0.12305930182337761,-1.040965211391449,-0.16096588261425496,0.024507254362106323,-0.3766921664588153,0.03864166215062141,-0.34011070281267164,0.17062705685384572,0.15992246638052166,-0.43074937127530577,0.41509969979524614,-1.1578058838844298,-0.5719321876764297,-0.5349068000912667,-0.3496626250445843,-0.14906270224601031,-0.18641448765993118,-0.11533710733056068,0.28187226951122285,-0.5272946082055568,-0.8265822440385818,-0.5451982654631138,-1.179223471879959,-1.7863352477550507,-0.5580473750829696,0.07794532477855683,0.16418569013476372,-0.7127861086279154,0.2555139437317848,0.062329850345849994,0.018540588021278382,0.6568629413843154,0.2413803121075034,0.05278627425432205,0.18610153310000896,-1.121847915649414,-0.8811848267912865,-1.2415580481290818,-0.07931723296642304,-0.7443201422691346,-0.9035884514451027,0.5105620937421917,0.20818889550864697
-0.8988987846300006,-1.510655863583088,-1.0933306992053986,-0.6672953397035599,-1.1539201110601425,-0.44303020760416983,-1.229408586025238,-0.2895213196054101,0.03126006126403809,-0.44411843819543717,0.10176103934645653,-0.46699617952108385,-0.05021798084490001,0.12043478935956956,-0.26884715668857095,0.20177756249904633,-1.2825349509716033,-0.7720116466283798,-0.7223966792225838,-0.6936814300715923,-0.3705417962744832,-0.46683868318796157,-0.31961929574608805,-0.17852427661418915,-0.5988080315291882,-1.014662081003189,-0.5907032288610935,-1.5567770302295685,-2.0991812527179716,-0.9108794540166855,-0.17878369092941285,-0.20001324489712716,-0.9886310640722513,0.2148425057530403,0.033516823500394824,-0.3467039555311203,0.5172727584838868,0.07428678330034018,-0.1319880411028862,-0.13885822780430318,-1.4344556331634521,-1.1090054735541344,-1.3343645855784416,-0.18882956653833388,-0.7721637904644012,-0.929245625436306,0.09896444845944644,-0.0006336022168397903
-1.1768999321386218,-1.62804172039032,-1.3055187821388246,-0.8325936168432235,-1.3204933077096939,-0.6201613239943982,-1.3244340598583222,-0.32354779038578274,-0.06583961546421051,-0.5576957362703979,0.1157380573451519,-0.48973593711853025,-0.12888572732917963,0.012832887470722198,-0.27097257822751997,0.12315325774252414,-1.3034314811229706,-0.8438021957874298,-0.7937839195132256,-0.8118917100131512,-0.44735718611627817,-0.6288298979401589,-0.35742524117231367,-0.5752888053655625,-0.6578506536781787,-1.251072531938553,-0.4916115961968899,-1.8021132707595826,-2.3229382753372194,-1.1966773122549057,-0.4385146498680115,-0.5756535775959492,-1.0822641853243113,0.12486800104379654,0.16760581359267235,-0.6665089219808579,0.7779703140258789,0.1403512006625533,-0.17982437014579772,-0.4087729621678591,-1.6162659883499146,-1.154489804804325,-1.5406632035970689,-0.3535912916064262,-0.9316212072968483,-1.136750403046608,-0.32429104279726745,-0.10751750655472278
-1.3386697709560393,-1.7132621884346009,-1.264671790599823,-0.8158420890569686,-1.3719866096973419,-0.6364669077098369,-1.187090653181076,-0.2932104041799903,-0.13497066795825957,-0.6684732931666076,0.162350850738585,-0.47240209579467773,-0.2230697355698794,0.09906810671091079,-0.3570535197854042,0.008252491429448127,-1.1704643011093139,-0.8634187936782837,-0.764598636329174,-0.9229906588792801,-0.5153401905670763,-0.6927372545003891,-0.39640596210956575,-0.862943920493126,-0.7262523345649242,-1.2241049587726593,-0.38401201367378235,-1.9032857775688172,-2.3939700603485106,-1.4687318861484528,-0.6565130561590194,-0.8910217173397541,-1.1374415580183268,-0.15602590888738632,0.1304552100598812,-0.9474067777395249,0.7034784377319738,-0.0369782745372504,-0.19757722467184066,-0.6008381355553866,-1.6327623128890991,-1.2898302376270294,-1.599255993962288,-0.48238769024610517,-1.0734457492828369,-1.2625003635883332,-0.6189798517152667,-0.20677793957293034
-1.4722765862941742,-1.6681063532829286,-1.2997258841991424,-0.7979216188192367,-1.4503048360347748,-0.6982775390148163,-1.0629744708538056,-0.37393995877355335,-0.2795212000608444,-0.7705780357122421,0.1736257156357169,-0.49297439455986025,-0.28857524166814985,0.1914190784096718,-0.5233001843094826,-0.17286987118422986,-1.0385051757097243,-0.813928197324276,-0.7021185368299484,-0.9191444903612137,-0.4701501065865159,-0.6646413117647171,-0.37723863273859026,-0.989705377817154,-0.8327981486916542,-1.0791141152381898,-0.40309758186340333,-1.9606723666191102,-2.391409182548523,-1.643127477169037,-0.7471259444952011,-1.0897381208837031,-1.2829187333583831,-0.2493537738919258,0.19285297021269798,-1.1269251942634582,0.8031962186796591,-0.11289435322396457,-0.26818121671676637,-0.7542871374636888,-1.623714065551758,-1.124345825612545,-1.558041587471962,-0.7242225989699363,-1.069458657503128,-1.3640037775039673,-0.7510273933410645,-0.23139190711081029
-1.5883002996444702,-1.5137140810489655,-1.2653009176254273,-0.6316517323255539,-1.4880050837993621,-0.6667659942060709,-0.865652933716774,-0.36969485636800525,-0.34642880633473394,-0.6998251482844353,0.22788252141326665,-0.47153248339891435,-0.2839672453235835,0.0768728345632553,-0.5531278267502785,-0.22501868866384028,-0.8573564134538174,-0.7180169954895973,-0.5991354838013649,-0.793811309337616,-0.3916058028116822,-0.5492323521524668,-0.28866569250822066,-0.880340963602066,-0.8767691731452942,-0.899229320883751,-0.07628864049911499,-1.9362544775009156,-2.2206988751888277,-1.5948118090629577,-0.659163561463356,-1.076901426166296,-1.3140787720680236,-0.36470242589712143,0.14588013514876366,-1.1363165855407715,0.6605219573481008,-0.150752206845209,-0.15376685708761215,-0.8259407836943865,-1.4796883687376976,-1.0112369403243064,-1.3318584531545639,-0.6487788395956159,-0.8141174435615539,-1.1904035747051238,-0.6761061519384384,-0.1983951333910227
-1.6215380787849427,-1.3104594767093658,-1.2250976890325547,-0.5216660648584366,-1.4474391251802445,-0.5187268439680338,-0.8248366296291352,-0.23274151440709828,-0.2803682334721088,-0.5538005337119103,0.260688959620893,-0.3865389034152031,-0.2857976185157895,-0.10642399489879609,-0.524141313135624,-0.22041912488639354,-0.8131474278867244,-0.7774232551455498,-0.4683085441589355,-0.6062136352062225,-0.31183184683322906,-0.5425905656069517,-0.22591316252946853,-0.7982392087578773,-0.8187145709991455,-0.8700166687369346,-0.005313602089881897,-1.7093383133411408,-1.915030312538147,-1.550396102666855,-0.6531917035579682,-1.0720589440315962,-1.2005140662193299,-0.14536774009466172,0.3089200586080551,-1.1347657918930054,0.5803150892956183,-0.13082504081539809,-0.0403010293841362,-0.8829064507037401,-1.2126292333006858,-0.7469527587294579,-0.925896069407463,-0.6129321860149503,-0.6133314669132233,-0.8333700478076935,-0.5736674219369888,-0.2305880207568407
-1.4748881414532662,-0.8851968824863434,-1.1012627214193345,-0.36998381912708284,-1.2003551512956618,-0.3831096116453409,-0.7150246050208807,-0.04704782124608755,-0.06945624426007271,-0.32240072935819625,0.2961508875712752,-0.2870161905884743,-0.12355336416512727,-0.20319726765155793,-0.5618068411946296,-0.13499966077506542,-0.6486476441845298,-0.6616345524787903,-0.289938822388649,-0.3741439521312714,-0.06625820100307464,-0.41023901514708994,-0.1040968390821945,-0.6062661960721016,-0.8056299388408661,-0.738213624060154,0.2684496372938156,-1.4299801766872406,-1.4547716856002808,-1.2921905040740966,-0.4842169225215912,-0.9485009174793959,-1.0557762742042542,0.05605892091989517,0.22192295491695405,-1.029180283844471,0.6323400706751272,-0.009196064947173,0.12937542349100112,-0.8286850947886706,-0.8608096465468407,-0.49868308156728747,-0.65974962413311,-0.26707021463662384,-0.37012892961502075,-0.5909182846546173,-0.41854833960533144,-0.17596365995705127
-1.3986976817250252,-0.7744530156254769,-1.082819679379463,-0.35342069920152425,-1.0980698883533477,-0.32171169854700565,-0.7247957315295934,0.03416393641382456,-0.02927860915660858,-0.2910142093896866,0.19251912292093037,-0.23993774950504304,-0.10747381765395403,-0.3599900357425213,-0.6461314991116524,-0.08744662068784237,-0.6471673151478171,-0.6231857031583786,-0.23636882305145263,-0.19457684755325316,0.008273950219154358,-0.3772261645644903,-0.10922758753295056,-0.5692984685301781,-0.7172420680522918,-0.8514374271035194,0.25863341689109803,-1.2113985002040863,-1.1855828255414962,-1.0479807794094085,-0.3767571449279785,-0.7876648973673582,-0.8476377248764038,-0.08697906583547592,0.2536003112792969,-1.0412920460104942,0.5188912958605215,-0.16158523163758218,0.02194516211748123,-0.8650446195155382,-0.6248822793364525,-0.5314158067107201,-0.5280653424561024,-0.28978304136544464,-0.5734294950962067,-0.5329975396394729,-0.32940410673618314,-0.18468897081911564
-1.2300789549946785,-0.49067475348711015,-0.9826267469674349,-0.28612725492566826,-0.879432163387537,-0.203349182382226,-0.773830434307456,0.038771372847259046,-0.019344106316566467,-0.3517365247011185,0.12173121478408575,-0.25258571803569796,-0.05427939612418413,-0.41605019494891166,-0.6086128540337086,-0.04797109179198742,-0.6546324273571372,-0.5467657238245011,-0.19450553506612778,-0.030373117327690123,0.18955184519290924,-0.28404274843633176,-0.107106899790233,-0.45234145075082777,-0.660148873180151,-1.001775498688221,0.23723939061164856,-0.9596170336008072,-0.8689739376306533,-0.7238796651363373,-0.2933598220348358,-0.6638403724879026,-0.5864136695861817,0.010632146894931794,0.3608653053641319,-0.9604702368378639,0.5003259450895712,-0.14290927252732216,-0.05092311054468155,-0.863089537806809,-0.226657734811306,-0.4583359882235527,-0.5389244295656681,-0.34059016574174167,-0.666063106060028,-0.6616980820894242,-0.15883935391902923,-0.20158306378871202
-1.054552999138832,-0.36391305476427077,-0.722015081718564,-0.06787242349237203,-0.6324518911540509,-0.04091181196272373,-0.8235606875270605,0.11359842400997877,-0.22808740735054017,-0.47648868560791013,-0.04552520234137773,-0.18748319745063782,-0.007007290609180927,-0.4774180844426155,-0.5661040969192982,-0.058554680272936824,-0.7227649351581931,-0.489163801074028,-0.2004037842154503,0.051639428734779357,0.2904603391885757,-0.23240452371537684,-0.18908552931970918,-0.36553423553705217,-0.6642230890691281,-1.0273063853383064,0.302067331969738,-0.6092433005571365,-0.5497648149728775,-0.4910505831241608,-0.24261308014392852,-0.5843147989362478,-0.30283444821834565,-0.10668849796056748,0.2424444392323494,-0.9357426479458809,0.39700347788166257,-0.31876752874813974,-0.2096827283501625,-0.8770174445584417,0.07436471730470658,-0.5997390314936638,-0.5225117422640324,-0.6128384875133633,-0.8295730829238892,-0.7496455758810043,-0.039246925711631776,-0.284031174890697
-0.7367566257715226,-0.15232955366373063,-0.44462841637432576,0.1812012130394578,-0.34504502937197684,0.13195525370538236,-0.8214111890643835,0.09745894707739353,-0.36578026711940764,-0.5502857387065887,-0.14547485429793597,-0.18925826251506805,-0.00432263184338808,-0.5299234792590142,-0.5213484548032283,-0.13767451904714106,-0.7059373876079917,-0.3848632851615548,-0.08716825693845749,0.22473328411579133,0.4527821570634842,-0.14827588610351086,-0.26277593182749115,-0.2507599875330925,-0.6347778521478176,-1.1603131100535393,0.48539119958877563,-0.21456743776798248,-0.23764934837818147,-0.2728778302669525,-0.1556992769241333,-0.4693556006997824,-0.09079016149044036,0.032748475670814514,0.22498768717050552,-0.8649302020668983,0.4333517693681642,-0.44548619142733514,-0.34735438972711563,-0.841115957684815,0.41180589944124224,-0.5642801687121392,-0.5338656760752201,-0.6704993965104222,-0.8392108917236328,-0.8486159533262253,0.028714150190353394,-0.33497781287878753
-0.4021865040063858,0.11451172679662705,-0.10233774073421956,0.46328319851309063,-0.08300324603915214,0.3307608481496572,-0.6873605784028769,0.11049563623964787,-0.3584201782941818,-0.500955319404602,-0.1871492126956582,-0.11440159380435944,0.075590774230659,-0.5476592764258384,-0.5700382545590401,-0.15923374593257905,-0.5601563429459929,-0.24997325632721185,0.11040070801973342,0.37800691425800326,0.6067525416612625,0.01551211066544056,-0.3268106135947164,-0.02099435180425644,-0.5506307207047939,-1.0645044192671775,0.5549355015158653,0.2400694817304611,0.19100722968578338,0.03327946066856384,0.09442829489707946,-0.19495398961007596,0.0930439442396164,0.11275945454835892,0.04017292410135269,-0.7530458971858025,0.20738483748864384,-0.4883829807396978,-0.4139346212148666,-0.7383695738390088,0.7629808619618416,-0.5035020723938942,-0.30103238895535467,-0.5308942759409547,-0.7811038136482239,-0.6798214703798294,0.23770673871040343,-0.33470736872404816
-0.04794533550739288,0.3336470529437065,0.0373242300003767,0.6588483506813645,0.13317683413624765,0.39877846501767633,-0.5305717285722494,0.13258027732372285,-0.3626548498868942,-0.46149320602416993,-0.15908238403499125,-0.09879505708813667,0.15359539669007063,-0.512379775941372,-0.5406883910298348,-0.13927057534456252,-0.41243974324315785,-0.09589462969452142,0.2884702757000923,0.6226582795381546,0.8261587589979171,0.20766506381332875,-0.28510098936385475,0.1608067810535431,-0.3431862913072109,-0.8458148755133152,0.5356099113821984,0.6709702104330063,0.54190773665905,0.3630530536174774,0.4105948626995087,0.07006883062422276,0.18496076464653016,0.3770974829792976,0.06258662790060043,-0.4983175709843636,0.22272549644112588,-0.48078030720353127,-0.3735201880335808,-0.5923802020028234,0.9459967687726021,-0.2678238287568092,-0.10468877926468849,-0.49119167272001507,-0.7257686674594879,-0.5493871390819549,0.49826523661613464,-0.2760116098448634
0.3092875212430954,0.4369378283619881,0.20402854196727277,0.8105871612206101,0.38035249784588815,0.5891653802245855,-0.27476764284074306,0.22128424793481827,-0.2014242261648178,-0.36509894393384457,-0.03724073544144631,-0.0301875077188015,0.27091918271034954,-0.44675741642713546,-0.37046547085046766,0.04338598698377609,-0.22682302054017783,0.011546210013329982,0.47856080532073975,0.8681956082582474,1.0232974976301192,0.44807185120880605,-0.10720073612756095,0.4385851323604584,-0.15849653705954553,-0.617807088047266,0.8262217625975609,0.9545322388410569,0.7703574746847153,0.6975418150424957,0.7399713575839997,0.3961596075445414,0.41800748109817504,0.44091315418481825,0.046567969024181366,-0.15601156502962113,0.20155144110321999,-0.32288186326622964,-0.18716325610876083,-0.29742648620158435,1.043771381676197,-0.21565722525119782,0.10923640355467797,-0.3538973109796643,-0.6859411120414733,-0.3750464737415314,0.7299381852149963,-0.12866695504635572
0.5378362566232682,0.578306294977665,0.15343458764255047,0.7473863603547215,0.5071406818926334,0.6421602159738541,-0.16877407692372798,0.2890466168522835,-0.2586001388728619,-0.39262262396514414,-0.12078474536538124,-0.04247450008988381,0.3543395010754466,-0.4524843990802765,-0.4670859888195992,0.17315483540296556,-0.11769287120550871,0.1066537981852889,0.5705071672797203,0.9831996262073517,1.1056793570518493,0.5385307841002941,-0.005232438765233383,0.6369158446788787,-0.1997159205377102,-0.5627442963421345,0.6140366360545159,1.0907297186553477,0.8229429304599762,0.8038178950548172,0.8549806535243988,0.6501074973493814,0.5262699604034424,0.5797949299216271,0.21570575684309007,0.11945225447416305,0.05504998341202736,-0.23634915724396705,-0.12864315509796143,-0.06661089677363634,1.148597127199173,0.013611122965812683,0.17621028646826745,-0.44775876849889756,-0.7538146063685417,-0.37286239564418794,0.8702367752790451,0.034149187989532946
0.6845492213964463,0.6178290620446205,0.2411425393074751,0.7224633486941456,0.5744144730269909,0.6347779303789138,-0.05018433891236782,0.2239449992775917,-0.22695113942027093,-0.3534854333847761,-0.1631924755871296,-0.05984736308455467,0.4575250342488289,-0.3391955614089966,-0.3506611719727516,0.293481408059597,0.04812999833375216,0.29150203224271537,0.6113698810338974,1.0163227200508118,1.1674189448356629,0.6611295580863953,0.12115012375288643,0.6576745197176933,-0.17662337496876718,-0.46762804612517356,0.8155944362282753,1.0885213125497102,0.8118149042129517,0.898553803563118,0.9110045731067657,0.7943019226193428,0.6136250138282776,0.44318513125181197,0.010328684747219086,0.26227664202451706,-0.06328492686152458,-0.2212303288280964,-0.11442733854055405,0.13614819031208752,1.2215257942676545,-0.07678100913763046,0.1630850575864315,-0.3501536801457405,-0.6709669575095176,-0.3589365392923355,0.8545966058969497,0.1892284693196416
0.6654038071632385,0.5471689119935036,0.23428031466901303,0.6343361595645547,0.6026727490127086,0.6580722242593765,-0.05857743620872498,0.14404880553483962,-0.22739170119166374,-0.37300295643508435,-0.1751503773033619,-0.0880483977496624,0.4059064820408821,-0.33502490222454073,-0.33669980242848396,0.2969664916396141,0.008352227509021759,0.219423090480268,0.5483821243047714,0.9695465683937072,1.0624811589717864,0.6129151153378188,0.13650736056733875,0.46011785715818404,-0.17185966446995735,-0.4628472127020359,0.7075753793120384,1.135284935310483,0.7559057533740997,0.7826728686690331,0.7349174320697784,0.7131830051541328,0.7018460750579834,0.2012820765376091,-0.027061358094215393,0.20121769309043885,-0.15609985515475272,-0.3531963057816029,-0.15564495474100112,0.1542327193543315,1.2303031384944916,-0.09439493864774703,0.1916842721402645,-0.4507667265832424,-0.6671745046973229,-0.3298120707273483,0.6495408147573472,0.22193926889449359
0.7412505388259888,0.6713496953248977,0.3100287596695125,0.6606090173125267,0.7247596584260464,0.7161320894956589,0.06676463633775712,0.24542344957590104,-0.011042407155036927,-0.2663888867944479,0.08433521315455436,0.0073079846799373625,0.3937802091240883,-0.22085176408290863,-0.0805132694542408,0.3278548777103424,0.11702986992895603,0.23028215374797584,0.5707757219672203,0.866114328801632,1.0154108375310897,0.6404427084140479,0.20162965201307087,0.3657893732190132,-0.08542269691824914,-0.3194663845002651,0.8420472398400307,1.137218289449811,0.7728583663702011,0.6911377780139446,0.5727893769741058,0.5453417465090752,0.7944506645202637,0.3714375779032707,0.028515684604644775,0.2711931139230728,-0.07121165320277215,-0.11689232066273689,-0.014697839319705964,0.21234027426689864,1.2336074531078338,0.08886758834123612,0.21835734844207763,-0.2632897160947323,-0.4036641702055931,-0.24565610885620118,0.4884285718202591,0.22553638983517885
0.7084734376519919,0.577092108130455,0.3086303954012692,0.6262610534206032,0.7938175320625305,0.7402326017618179,0.2796693339943886,0.3347043886780739,0.03147578202188015,-0.1826877262443304,0.185349690169096,0.0746662013232708,0.44400314837694166,-0.1481142163509503,-0.04915614798665047,0.33308805227279664,0.24624747671186925,0.29084278028458355,0.5682338267564774,0.7316949372179806,0.848622527718544,0.6476401719264686,0.29095250070095063,0.2897799238562584,-0.07385163940489292,-0.17175808176398277,0.7880165666341782,1.0612617183476687,0.6634383291006088,0.5275301225483418,0.4732818752527237,0.4414116606116295,0.8384212851524353,0.37893764227628707,0.06291592270135879,0.30746848583221437,-0.16040106639266014,0.030327992886304854,0.11080471128225326,0.3178621679544449,1.0831004686653614,0.12352255880832672,0.2756262481212616,-0.3088435523211956,-0.3646323546767235,-0.1413541752845049,0.33945934772491454,0.2526649162173271
0.6481621038168669,0.6419519137591123,0.21631606863811612,0.4864903995767236,0.8398972406983376,0.6905041486024857,0.5360935345292092,0.473914398252964,0.2182751875370741,0.005883542075753212,0.4143487386405468,0.14661256298422815,0.5854893445968627,-0.1346115410560742,0.13680187985301018,0.4492940157651901,0.5004882875829935,0.3983498154208064,0.6784466847777366,0.7480005596764385,0.8146879255771637,0.7376593056134879,0.5213060110807419,0.24882083386182785,-0.006759632006287574,0.014769574999809265,0.7391320869326592,0.8446251798421145,0.5354334384202957,0.3471528418362141,0.3899210900068283,0.42643536627292633,0.7736565321683884,0.4814295873045921,0.12011370956897735,0.4377610802650452,-0.06973144933581352,0.2737518362700939,0.3694491133093834,0.4892632693052292,0.9431671924889088,0.4531971365213394,0.3626164436340332,-0.021576603502035142,-0.17337801903486252,-0.01599924750626087,0.24651549756526947,0.39555377811193465
0.4337536942213774,0.6251618575304747,0.07020524190738797,0.34511363599449396,0.8109721675515175,0.6029449552297592,0.5904386803507805,0.5347220957279205,0.4422859650105238,0.24696163274347782,0.6698065154254437,0.23119035586714745,0.7269214391708374,-0.0007975340122357011,0.10264641866087913,0.604380264878273,0.6241386238485575,0.3716514803469181,0.7004655942320823,0.7457145010121167,0.7432817369699478,0.7410539644770324,0.7220233768224716,0.24273495227098466,0.019760164245963097,0.17217043936252593,0.6735494002699852,0.6368951220065355,0.4003778487443924,0.20602597668766975,0.34057566672563555,0.41068596839904786,0.7316451821476221,0.3132184848189354,0.14675772041082383,0.4641059055808,0.0263008251786232,0.4859240107238293,0.6229677066206932,0.5964541912078858,0.6996601082384586,0.6212374359369278,0.447780741751194,0.08843158259987831,0.06364790350198746,0.19501993171870707,0.3014259338378906,0.495592038333416
0.2588010262697935,0.63474614135921,-0.1830893631093204,0.1604147231206298,0.7007686004042626,0.4034991651773453,0.5318716302514076,0.6431492745876313,0.6046413462609053,0.4607768628746271,0.6678596414625645,0.23540086969733237,0.7373873710632324,0.028219479299150408,0.17413653805851936,0.7114194631576538,0.542802258208394,0.2985378034412861,0.5524569615721703,0.6973164741881192,0.6743058636784554,0.6906079846434295,0.871358922123909,0.29208929687738416,0.02983398698270321,0.21479934751987456,0.597672562301159,0.4193235535174608,0.31610489785671236,0.1414664037525654,0.30925011783838274,0.4448570430278778,0.5827270027250051,0.3405236184597015,0.2947542294859886,0.5539260491612368,0.05949292406439781,0.5266240559518337,0.7937601014971734,0.6572901621460915,0.5733643271028995,0.753250515460968,0.5092781409621239,0.12809242010116578,0.29447970539331436,0.30646202675998213,0.36993300914764404,0.632465435564518
0.02488466314971447,0.4982490908354521,-0.32319568647071717,-0.013605850376188755,0.5326401725411415,0.21738316118717194,0.3223809257149696,0.6598269984126091,0.7079791616648435,0.5565712157636881,0.5079059548676014,0.21758354008197783,0.6507829576730728,-0.25671407582703976,0.12406427338719368,0.7046106114983559,0.2878313858062029,0.061495579034090045,0.28992038816213606,0.5047009234316647,0.5364724844694138,0.5355333763174712,0.8879014551639557,0.37945902049541474,-0.03699961341917515,0.09887020215392113,0.4733466044068336,0.1936986718326807,0.2630853205919266,0.10928342416882515,0.21035122275352477,0.4983062565326691,0.5093297149986029,0.3895425498485565,0.31327109411358833,0.565074591326993,0.0627976454794407,0.4523516446352005,0.8057607397437095,0.650539243221283,0.4874548576772213,0.6135239541530609,0.41150038987398146,0.20553929209709168,0.23315647393465042,0.2757595222443342,0.3763439416885376,0.7284924507141113
-0.06722493357956409,0.5020027805119753,-0.27084597302600744,-0.04953457061201334,0.38958924561738967,0.12321065664291382,0.15828794687986375,0.5694832265377044,0.5055181574076414,0.49526833593845365,0.2405145950615406,0.22263507097959517,0.5860493507236242,-0.35783943387214096,0.0807112343609333,0.6353227779269218,0.11837255023419857,-0.11694456860423089,0.13131869956851006,0.37091988101601603,0.4256129220128059,0.3660817618481815,0.7553031146526337,0.31336790025234224,-0.11020481996238232,-0.05594618543982506,0.2595841124653816,0.3034111771732569,0.4204530745744705,0.19384609535336494,0.0863918662071228,0.473647141456604,0.4415310170501471,0.4236026257276535,0.24634420946240426,0.5247897192719393,-0.05576859042048454,0.24196103513240813,0.6888717964291573,0.5719259113073349,0.5996137522161007,0.5584362953901291,0.29005371779203415,0.17827620431780816,0.12463218122720718,0.1726228278130293,0.3354877710342407,0.7441337764263153
-0.12710911594331264,0.4050477523356676,-0.12131835473701358,0.00024124663323163987,0.21709215492010117,0.060921838879585265,-0.07069279700517654,0.45966166257858276,0.4891001474112272,0.47415531277656553,0.0446001298725605,0.18603634387254714,0.45751596353948115,-0.4029573604697362,0.2975971348583698,0.47575254887342455,-0.11644025780260563,-0.3190996401011944,0.08475341722369194,0.28408174104988576,0.33807084858417513,0.16817676378414034,0.5756413698196411,0.10188644230365754,-0.061481009051203725,-0.11219040676951408,0.3099467322230339,0.3877822767943144,0.5231109082698822,0.2684972740709782,-0.0402739405632019,0.2834935665130615,0.3541509058326483,0.3002979874610901,0.147388231754303,0.36675995140103623,0.06974378302693367,0.04352190792560577,0.5070227459073067,0.41781623661518097,0.5740872345864773,0.3580938667058945,0.10630933493375778,0.19519804045557976,0.08533507585525513,0.10116001479327678,0.1800928831100464,0.608382000029087
-0.16132803820073605,0.36003001518547534,-0.13166796220466495,0.03451360445469618,0.2536185920238495,0.08033541142940522,-0.16547575518488883,0.4560427561402321,0.5073277305811643,0.4555612772703171,-0.036143647879362105,0.1684526965022087,0.36610256843268874,-0.3601663992041722,0.21010675895959138,0.36464138254523276,-0.3008334401994944,-0.5428770713508129,0.05782515332102776,0.22879380770027638,0.26305716335773466,0.0007837827317416668,0.40318937301635743,0.06180642042309046,-0.20582113228738308,-0.19699513204395772,-0.009426774084568023,0.4469660475850105,0.5786160230636597,0.2804266609251499,-0.12251691520214081,0.1367257684469223,0.24790839813649654,0.26960921883583067,0.10014839768409729,0.27274982183007523,0.14137865379452705,-0.023494675755500793,0.38892354965209963,0.30331571996212003,0.57505908831954,0.3929275155067444,0.039660654962062836,0.21134697124361992,0.06703294515609741,0.05125253014266491,0.1279119946062565,0.4606588914990425
-0.3162711303681135,0.20793936140835284,-0.3042576919309795,-0.09910953138023615,0.1844002991914749,-0.02689680755138397,-0.2800484739243984,0.46933606415987017,0.4670232366770506,0.4393840581178665,-0.07121605798602104,0.14524397775530815,0.33652974739670755,-0.32622903420124205,0.21045946199446916,0.31042029783129693,-0.41617313362658026,-0.6693803779780865,-0.04233826771378517,0.14377971030771733,0.17185564637184142,-0.1945449136197567,0.24657813012599944,-0.051456507109105584,-0.30430669747292993,-0.2620964769273996,-0.14967263787984847,0.25324464589357376,0.3854043185710907,0.24562543258070946,-0.19381016194820405,0.05014491379261017,0.06582836769521236,0.2849417269229889,0.14282754361629485,0.17459992020158097,0.12105261757969857,0.009202718734741211,0.27068471610546113,0.18777396082878112,0.30092801675200465,0.2801966667175293,-0.11615691035985946,0.18283241540193557,0.014120689034461975,-0.03174495287239552,0.08230438604950904,0.24748533815145493
-0.5102877657860517,0.1279418546706438,-0.38925119284540416,-0.27375354859977963,0.18207696974277496,-0.13495239317417146,-0.33286296799778936,0.4659180834889412,0.36903888694942,0.5520605772733689,-0.17379449233412742,0.13756701871752738,0.34747469201684,-0.24405909909401088,0.20936323422938585,0.2016923986375332,-0.5044085584580899,-0.7957367651164532,-0.16216360554099082,0.1128617886453867,0.10838939100503922,-0.42270478531718253,0.10245311856269837,-0.18952256347984076,-0.4231782238930464,-0.22486577220261098,-0.35571798533201215,0.02527548223733902,0.23961323499679565,0.09273533970117569,-0.2669520765542984,-0.032354944944381715,-0.12865181900560857,0.1561917170882225,-0.08372219502925873,-0.007910193514544517,0.060143927484750746,-0.19201619625091554,0.1364343971014023,0.06575378775596619,0.130553986877203,0.24099366664886473,-0.1475040778517723,0.08686137348413467,-0.008912017941474915,-0.007402821257710457,-0.04938111528754234,0.04034585505723953
-0.5712365843355656,0.22211858816444874,-0.3687228813767433,-0.3228995207697153,0.24741664230823518,-0.22321599274873732,-0.3863369919359684,0.5617070868611336,0.4421508952975273,0.7174694299697876,-0.14799232706427573,0.20909835025668144,0.3071609534323215,-0.20879607331007718,0.1891333343461156,0.0800583802163601,-0.5508370511233807,-0.8935547113418579,-0.23226249739527702,0.13611566415056586,0.12054371684789658,-0.5699607901275158,-0.05597734451293945,-0.3270401081070304,-0.46973060742020606,-0.15620284862816333,-0.4963730156421661,0.019614095985889434,0.34120525121688844,0.04817537665367126,-0.3005955159664154,-0.004900094866752624,-0.17322049476206303,-0.026274265348911287,-0.2444005697965622,-0.17928038985701278,0.02261843755841255,-0.2902737855911255,0.04509190171957016,-0.09400434494018554,0.28229717165231705,0.2451205149292946,-0.11449428051710128,0.1335315927863121,0.06550951972603798,0.09162651300430298,-0.11635318323969841,-0.08852321952581406
-0.48029934540390967,0.3880984880030155,-0.19152733832597732,-0.20975959338247777,0.34336351454257963,-0.18203988075256347,-0.35147844925522803,0.5769090846180915,0.5117460489273071,0.8639027059078217,-0.2177075209096074,0.30563388392329216,0.26185715571045876,-0.17560929227620364,0.10318521279841661,-0.01704680398106575,-0.688821905106306,-1.0007965832948684,-0.3356837995350361,0.17410873463377358,0.14775620251893998,-0.7225357465445995,-0.23098104894161225,-0.38363014068454504,-0.41918069794774054,-0.038050205633044246,-0.4985941767692566,0.2302991822361946,0.49009469151496887,0.08690710067749023,-0.29827517867088316,-0.05787134766578674,-0.11415228582918643,-0.1031280692666769,-0.26562153035774827,-0.26735497863264757,-0.07879231050610543,-0.4593408048152924,-0.05440149158239364,-0.22489137947559357,0.5626574948430061,0.27468753010034563,-0.06661132276058197,0.23285948783159255,0.11861957088112832,0.18149612247943878,-0.12374322339892388,-0.2075960859656334
-0.32978161945939066,0.3840691663324833,-0.03913477808237076,-0.13385725058615208,0.4345740586519241,-0.11365346908569336,-0.24028611853718757,0.6519376203417778,0.47745296359062195,0.9010080873966217,-0.41375848520547154,0.3852613978087902,0.22792069092392922,-0.17894581127911807,0.12547696549445392,-0.06699632480740547,-0.7278268970549107,-0.9973384141921997,-0.3972048941068351,0.16478693773970007,0.15836481600999833,-0.7753524862229824,-0.33405551314353943,-0.4875804862007499,-0.25606075301766396,0.05058199651539326,-0.4803186237812042,0.34007917493581774,0.523375517129898,0.20511651039123535,-0.2475191041827202,-0.061293238401412965,-0.043405250459909436,-0.10799450241029263,-0.27797889048233626,-0.25862631052732465,-0.24810375645756721,-0.5661387152038515,-0.11264186352491379,-0.24761444628238677,0.6491834327578545,0.19541678279638292,-0.09880173355340957,0.26173976212739947,0.029852978140115737,0.17080848217010497,-0.20991827473044394,-0.27703581303358077
-0.32697158828377726,0.21804307475686074,-0.049027849733829496,-0.15144358575344086,0.40544691304676234,-0.07512485086917878,-0.21461466029286386,0.5563430890440941,0.33524766862392424,0.7742598190903663,-0.3739066684618592,0.37340333834290507,0.19502731636166573,-0.05591111350804567,0.06047996748238802,-0.13208106830716132,-0.743090758472681,-1.0393264651298524,-0.40144034950062635,0.09610514333471656,0.13686988539993764,-0.8502634726464748,-0.4321573656052351,-0.7977006753906608,-0.26078578010201453,0.07064875550568103,-0.6464056074619293,0.264440031349659,0.3527072012424469,0.12772725969552995,-0.32198521718382833,-0.22840017676353455,-0.12689008712768554,-0.16634980253875256,-0.32461822563782333,-0.3408683195710182,-0.3131189525127411,-0.6232665128074586,-0.16449533253908158,-0.3091955713927746,0.5081022545695305,0.0758455635746941,-0.17441354263573886,0.15590768605470656,-0.0963493011891842,0.05514837205410004,-0.45654683336615565,-0.4291449263691902
-0.35877077654004097,0.2745569430291653,-0.002008463442325592,-0.10460209753364325,0.37777894060127437,-0.04222038090229034,-0.1749335952103138,0.5795581474900245,0.3025010943412781,0.7766802355647087,-0.0863992178812623,0.4548502184450626,0.22936949804425238,0.16779319243505597,0.2500918971374631,-0.11116696521639824,-0.6587479986250401,-0.9434629321098328,-0.3895909759216011,0.05828540613874793,0.08560641445219516,-0.8408366940915585,-0.44265131615102293,-1.0548514565452933,-0.2267327256500721,0.16182941980659962,-0.6249182924628258,0.1727980613708496,0.1635385274887085,0.051721037924289705,-0.33763514682650564,-0.37487353682518004,-0.13448060750961305,-0.33547475896775725,-0.3700885877944529,-0.46351115554571154,-0.33561761640012266,-0.5501595287583768,-0.20906084403395653,-0.351580723375082,0.4410815417766571,0.0780680121621117,-0.18864166010171174,0.09142158031463624,0.10252656117081642,0.09100230932235717,-0.6714777611196041,-0.5387655928730964
-0.48566491082310675,0.36884621530771255,-0.1515146568417549,-0.2029588570818305,0.36590017001144587,-0.15755889415740967,-0.27059237137436865,0.6624886974692344,0.4636175811290741,0.9224629089236259,0.03528724666684866,0.43020583912730215,0.21900104098021983,0.29045553850010036,0.03677037823945284,-0.17542392984032631,-0.6994327142834663,-0.9065309137105941,-0.4904248575679958,-0.0129152063280344,-0.029083440825343133,-0.8856776177883148,-0.4875451993197203,-1.1400854071602224,-0.2874653905630112,0.12790526188910006,-0.7033982560038566,-0.055302946269512175,-0.02839202880859375,-0.16766780763864517,-0.3760851137340069,-0.43092783987522126,-0.18488138020038605,-0.41860770545899867,-0.3825247258879244,-0.5969592168927192,-0.29057376049458983,-0.48731300672516226,-0.2192811843007803,-0.4597279839217663,0.41215497851371763,0.14941153244581074,-0.09622764755040407,0.2316731780767441,0.3299901582300663,0.22990052103996278,-0.7806807540357112,-0.672609330713749
-0.564128652215004,0.4004563959315419,-0.24533770531415938,-0.3257267793640494,0.4077227346133441,-0.25026737749576566,-0.31473987475037574,0.6879256352782249,0.6031539797782898,1.050717793405056,0.194054458104074,0.48103451132774355,0.21264727525413035,0.3536498759873211,0.03749208319932222,-0.20860589519143105,-0.7538171485066414,-0.9289227455854416,-0.604997495841235,-0.034080080687999725,-0.09887381754815579,-0.8807300209999085,-0.519819862768054,-1.1748591681942344,-0.3402194708585739,0.11536475457251072,-0.729097367823124,-0.14344474722165615,-0.0020924270153045653,-0.269617760181427,-0.40043162032961843,-0.4087500661611557,-0.2638198763132095,-0.2900011595338583,-0.4499966406263411,-0.6339432582259178,-0.40672623477876185,-0.5100277527235448,-0.22331593595445157,-0.5162878267467021,0.3452914830297232,0.1541438134154305,0.08516408931463956,0.427621129155159,0.36637978479266164,0.39457380771636963,-0.8044713698327541,-0.74619742333889
-0.5537858009338379,0.4870938273146749,-0.18177066296339034,-0.354412286542356,0.4237394801806659,-0.35072094649076463,-0.33503411412239076,0.6195914953947067,0.6669821262359619,1.1563699558377265,0.18208813723176717,0.504497691988945,0.2284143652766943,0.2028415416367352,-0.027207719534635542,-0.28981986790895464,-0.7449192002415657,-0.8471884667873383,-0.6121908615343272,0.001072080433368683,-0.14133101664483547,-0.8518955618143081,-0.5627899240702391,-1.1809774734079839,-0.16997621059417725,0.14121972024440765,-0.6473288595676422,-0.10446307708043605,0.07616019248962402,-0.2755849242210388,-0.40126110687851907,-0.3423775613307953,-0.23838236629962922,-0.3018051560968161,-0.4902258896268904,-0.6474089697003365,-0.4745282407850027,-0.5425108834169805,-0.2465234573930502,-0.5782905213534832,0.3486465808004141,0.17563383744563907,0.11562920343130827,0.5542304784059524,0.4529196970164776,0.5099294871091843,-0.7513122290372849,-0.7570832818746567
-0.3983390644192696,0.6057503642514348,0.003580532968044281,-0.23098567728884517,0.3770344405900687,-0.3300599709153175,-0.2731627643108368,0.5415240868926048,0.6863349676132202,1.2108542934060096,0.07016447838395834,0.48207960948348044,0.1811047226190567,0.1113338234834373,-0.012987631931900978,-0.36585513800382613,-0.7310972169041634,-0.7866428196430206,-0.5199841956607998,0.0962709665298462,-0.10496567692607642,-0.7852314382791519,-0.6087519239634276,-1.0636038221418858,-0.07717814445495605,0.21881284080445768,-0.7618146240711212,0.11070419501047582,0.3208901286125183,-0.2024575486779213,-0.34683564081788065,-0.275391149520874,-0.16089935898780822,-0.35912762247025964,-0.49671152913942934,-0.5865225568413734,-0.568959915265441,-0.6207827105186879,-0.2954830821603537,-0.5751695744693279,0.5399534936994315,0.2710589932044968,0.19940736424177885,0.6820191696286202,0.6099682115018368,0.6558082789182663,-0.665142273902893,-0.6816750019788742
-0.10836207419633866,0.6972239108756184,0.2018249973654747,0.06236457820050419,0.37798167164437474,-0.256710384786129,-0.2633032247424126,0.4575387999415398,0.690956461429596,1.1787403002381325,-0.019761344231665135,0.4296259172260761,0.17155798375606537,-0.05843761833384633,-0.13226804472506046,-0.3473691299557686,-0.6784844800829888,-0.6666972249746322,-0.41416552467271683,0.19127462357282637,0.013633751310408115,-0.6440667003393173,-0.6061012994498014,-0.8751599304378033,0.11881271600723267,0.17924458496272563,-0.6906542867422104,0.45977112005930393,0.5888787150382996,0.10404653400182724,-0.1494169719517231,-0.1324631839990616,0.012586593627929688,-0.2340154867619276,-0.3777076252736151,-0.46829488277435305,-0.591583713516593,-0.5868224813602865,-0.2660782869905233,-0.5267083905637264,0.6525181349366903,0.23757956193294377,0.1950565011240542,0.8070901229977607,0.6454861603677273,0.6712838023900985,-0.49900502525269985,-0.5272426575422287
0.1352392002940178,0.7277116270735859,0.29645459949970243,0.23371520931832493,0.3059195369016379,-0.20307766497135163,-0.30683793872594833,0.26957630440592767,0.6836941480636597,1.133189119398594,-0.13329033497720957,0.37591701820492746,0.12218376863747835,-0.12525460990145804,-0.08591623641550541,-0.31695445626974106,-0.6985204055905342,-0.6656787604093551,-0.40643335981294515,0.19941562712192534,0.047948325611650945,-0.6061782032251358,-0.5944910358637572,-0.8687289588153362,0.27832654118537903,0.10917942188680171,-0.585446685552597,0.7154895688174292,0.6374228417873382,0.30233933180570605,-0.03929774835705757,-0.1954290211200714,0.017993563413619997,-0.1535924505442381,-0.35947240674868225,-0.3911338776350021,-0.5542245011776685,-0.6564265980385244,-0.26000136248767375,-0.5244340978562831,0.6333042319864035,0.23493512438144534,0.2040407926775515,0.8522138133645057,0.7839193776249885,0.7292746871709823,-0.5694146510213614,-0.451237952709198
0.16308872550725936,0.6597346158698201,0.1690552979707718,0.20708327586762607,0.24177938397042453,-0.263138647377491,-0.4625934049487114,0.12685529962182046,0.735123747587204,1.113518311083317,-0.12965972647070884,0.2810407854616642,0.06258853841573,-0.08680359655991196,-0.11844477765262126,-0.3347895696759224,-0.6939876154065132,-0.6198781192302704,-0.4320391262881458,0.0832969069480896,-0.018401057086884977,-0.5818376153707504,-0.5829192500561475,-0.961992072314024,0.34706596434116366,-0.09093067981302738,-0.6361269950866699,0.6496396983740851,0.5544695615768432,0.41633574813604357,0.06195728704333305,-0.2583886295557022,-0.006049713864922523,-0.16010424671694637,-0.3657728463411331,-0.4675227373838425,-0.4786486055701971,-0.5724419615231454,-0.29205262325704096,-0.5600287191569805,0.39082265459001064,0.18948593304958194,0.2605414644815028,0.8062837675213814,0.9950432434678078,0.7919949114322662,-0.7071687307208776,-0.48298332691192625
0.05441511422395706,0.6784187408164144,0.01982678771018982,0.02724404032342136,0.10270141358487309,-0.4189076736569405,-0.577895401418209,0.09332850351929664,0.8947924613952637,1.142011596262455,-0.047323886305093765,0.24396007433533667,-0.020212998054921626,-0.11050912523642183,-0.20094020776450633,-0.4782486096024513,-0.7311381518840789,-0.667072868347168,-0.4263650342822075,-0.04679991602897644,-0.1884218966588378,-0.6570561319589615,-0.652079076692462,-1.040158324688673,0.24129168838262557,-0.1494867864996195,-0.8478286981582641,0.4688658798811957,0.46788752675056455,0.32532433420419693,-0.06478419974446296,-0.4201760232448578,-0.07092957533895969,-0.24618627605959773,-0.44235780388116835,-0.5977322831749916,-0.5105408456176519,-0.7519300118088722,-0.4344240453094244,-0.6803192816674709,0.1974229272454977,0.2618767784675583,0.39149586418643595,1.0015359655022622,1.1989838555455208,0.9029363036155701,-0.882353913411498,-0.578954416513443
-0.1261389061808586,0.6730947257950902,-0.04985283613204956,-0.12973806564696133,0.07833533510565757,-0.46157159060239794,-0.6704819545149803,0.10685641542077065,1.0447374790906907,1.2550939977169038,-0.015083662420511245,0.2786026202142239,-0.08542072530835867,-0.21108104968443514,-0.201126391813159,-0.6026887252926827,-0.7125126540660858,-0.6636716306209565,-0.37195960730314254,-0.09447929561138153,-0.33385035041719674,-0.729032364487648,-0.6840252846479415,-0.9848683051764965,0.1563798740506172,-0.1580362219363451,-0.7200639843940735,0.28888210009317844,0.39493091106414796,0.14814054369926452,-0.1884413629770279,-0.46020511984825135,-0.07156374491751194,-0.34425955144688486,-0.499048950523138,-0.6516054138541222,-0.5276612069457769,-0.8025342211127281,-0.5695975955575705,-0.7551856875419617,0.1910915371030569,0.25849309712648394,0.4667134958319366,1.0985931620001792,1.3119573190808296,1.027423682808876,-0.86591238938272,-0.6269628018140793
-0.13580142110586166,0.7070898445323109,-0.05146618485450745,-0.24722215929068625,0.21504676565527917,-0.38608104884624483,-0.640782855451107,0.234280214458704,1.1258630871772766,1.3284526288509368,-0.10852281227707863,0.25269133076071737,-0.1030305778607726,-0.23428191989660263,-0.2526378247886896,-0.7144215360283852,-0.6934247255325318,-0.766422563791275,-0.27285410538315774,-0.04576270878314972,-0.3742813849821687,-0.7948418229818344,-0.7169892504811287,-0.8873606733977795,0.1337461844086647,-0.1471844321116805,-0.7525859281420708,0.25469410966616124,0.4760496348142624,0.03503444790840149,-0.30286081284284594,-0.46539334058761594,0.01264781765639782,-0.255153592210263,-0.5285057984292507,-0.6317907318472862,-0.5121473304927349,-0.8958641670644283,-0.5715737614780665,-0.7240761164575815,0.22447639070451259,0.39258626848459244,0.5422429050318897,1.1894783884286881,1.2988717660307885,1.0863227874040604,-0.7745102386921644,-0.6449340254068374
-0.13248723596334458,0.49662268478423355,-0.007325911521911621,-0.2597233692649752,0.2837845779955387,-0.3116451598703861,-0.581120778620243,0.2738115854561329,1.1849655330181121,1.3180354475975036,-0.0036951519548892977,0.29025315716862676,-0.08053644131869078,-0.40485161989927293,-0.17085330225527287,-0.6994933187961578,-0.6631414301693439,-0.821072182059288,-0.23051561787724495,-0.03730939924716949,-0.3500034177675843,-0.801844847202301,-0.7029766015708446,-0.8679015062749386,0.2802969887852669,-0.08345397617667913,-0.7901310250163078,0.19332521359901875,0.40165834724903104,-0.05981796085834503,-0.3922432944178581,-0.4947604380548,0.029246466234326363,-0.23851809529587625,-0.5925896860659122,-0.603042334318161,-0.5881361179053783,-0.9342560775578022,-0.5339502364397049,-0.6507051814347505,0.0316531952470541,0.2879805758595467,0.4373117740266025,1.084030333533883,1.0801863595843315,1.0119593359529973,-0.7513573300093412,-0.612786228582263
-0.05806240439414978,0.5213083326816559,0.005892160534858704,-0.22277668812312185,0.4248491443693638,-0.2580087460577488,-0.4375483438372612,0.3818677713163197,1.2064603328704835,1.2792889177799225,0.029128459095954896,0.3349324494600296,0.02213399577885866,-0.37274992763996123,-0.299458846822381,-0.5814935691654682,-0.5196441777050496,-0.7285434275865554,-0.22870311215519906,-0.056241554021835324,-0.34620505515486,-0.7072536509484053,-0.5937786772847176,-0.7272831954061985,0.530806727707386,-0.05309768822044134,-0.7540288865566254,0.2013208694756031,0.34112482964992524,-0.060154639184474945,-0.32003333866596223,-0.37170341834425924,0.14895094819366933,-0.27525983257219194,-0.4388747252523899,-0.5116755247116089,-0.49476430043578146,-0.690806544572115,-0.38987782001495364,-0.5480621222406625,-0.0428341805934906,0.3347835883498192,0.3344246114604175,0.9964475635439157,1.019124123454094,0.89364008679986,-0.6385921638458967,-0.4695003401488066
-0.030589520931243896,0.3836729139089584,-0.11295717805624009,-0.22812274494208395,0.3601763419806957,-0.21345127001404762,-0.39146910011768343,0.5262222756631673,1.1155087411403657,1.14804355353117,0.1463823586702347,0.33686304092407227,0.03811946082860231,-0.2895671397447586,-0.21811007745563984,-0.41349230483174326,-0.47522637732326983,-0.7246071144938468,-0.2832756645977497,-0.17593829333782196,-0.34201820734888316,-0.5843970905989408,-0.4315038934350014,-0.6476885437965393,0.6422948226332664,-0.024433740042150022,-0.6992430463433266,0.13683710172772406,0.2178996682167053,-0.04582920521497726,-0.27428829818964007,-0.33396843299269674,0.1761027831584215,-0.17380832685157657,-0.2360093154013157,-0.4124866187572479,-0.4146762780845165,-0.5645954139530659,-0.21550610661506653,-0.4289930585771799,-0.20387497544288635,0.3045719414949417,0.24423567755147815,0.8132807347923517,0.850146347284317,0.741674079746008,-0.6106433223932981,-0.33407249562442304
0.014278934895992279,0.26219299137592317,-0.25877089649438856,-0.28068673312664033,0.3074310585856438,-0.18949720561504363,-0.35883051753044126,0.567600812483579,1.0316436834633351,1.0165429681539535,0.2507637679576874,0.3112692773342133,0.07056247834116221,-0.2536175221204758,-0.3529950097203255,-0.29499723166227343,-0.40234448201954365,-0.6560267612338067,-0.2564588777720928,-0.3303824156522751,-0.40570026338100434,-0.4073827814310789,-0.2799699082970619,-0.5531704150140285,0.6590046927332878,-0.06971002388745547,-0.6480164900422096,-0.002954058349132538,0.0600190557539463,-0.021115413308143614,-0.1562512144446373,-0.26997205391526224,0.13728491850197316,-0.11390004409477114,-0.2748875208199024,-0.2657068490982056,-0.2796201027929783,-0.5268933661282063,-0.09185753762722015,-0.3376135680824518,-0.36475551426410674,0.24403930306434632,0.2099311645142734,0.6228361044079065,0.5556079685688019,0.5632418818771839,-0.5897161271423101,-0.23900796435773372
-0.1351908639073372,0.12370865046977997,-0.46869136244058607,-0.48831070959568024,0.14405396431684495,-0.19164086282253265,-0.3626528799533844,0.44311908083036544,0.9192429048940539,0.8562711261212825,0.2202296257019043,0.20299676805734634,-0.015570694766938686,-0.2615708440542221,-0.3117458805441856,-0.27814037054777146,-0.3939091760665178,-0.5852147325873375,-0.1660163216292858,-0.4360012337565422,-0.54632188975811,-0.35064639858901503,-0.2541746750473976,-0.5965295381844044,0.5675840161740779,0.03557850401848554,-0.686509458720684,-0.24811365455389023,-0.1494584299623966,-0.07436766922473907,-0.2329827919602394,-0.2846108958125114,-0.15530804805457593,-0.16760151041671634,-0.36836423352360725,-0.2831109657883644,-0.2314982108771801,-0.5464181371033192,-0.12237050831317901,-0.3560443762689829,-0.4624495327472687,0.25699104070663453,0.21958809122443199,0.5166837070137262,0.39398918151855467,0.4709196051582694,-0.621062022447586,-0.2789977755397558
-0.3425344660878181,0.11333474814891815,-0.5799201551824809,-0.6390931248664856,0.09154555946588516,-0.13955987095832825,-0.2664846807718277,0.3316170287318528,0.8305064348503948,0.7395590923726558,0.09573708176612854,0.03841133266687393,-0.003232715278863907,-0.3482210099697113,-0.5191670581698418,-0.2766619548201561,-0.21726520843803881,-0.3625855311751366,0.06486690118908882,-0.36756703704595567,-0.5864397749304772,-0.2661744888871908,-0.24249125570058822,-0.468667770200409,0.300069048255682,0.1077368451282382,-0.774362726509571,-0.4390827342867851,-0.2041477419435978,-0.16537339389324188,-0.26462348494678734,-0.12020227760076523,-0.31728478483855727,-0.2901881809346378,-0.4079749770462513,-0.19186820834875107,-0.43057682290673255,-0.5223948307335377,-0.25658688247203826,-0.3250852692872286,-0.4584602415561676,0.322285982966423,0.25874274000525477,0.5126419279724359,0.21817685663700104,0.34525608327239754,-0.41876434087753295,-0.2709582384675741
-0.4350052013993263,0.012996399588882924,-0.5885832253843546,-0.6353283904492855,-0.03297616988420486,-0.09436218356713652,-0.23673381507396699,0.25037802727892994,0.6660223303362727,0.5610953666269779,-0.018480899184942244,-0.0756270483136177,-0.08458589389920235,-0.4258453816175461,-0.48536421582102773,-0.3389002487063408,-0.15543479658663273,-0.32495410088449717,0.21060194447636604,-0.3074284479022026,-0.607162919640541,-0.2750169154256582,-0.28958476036787034,-0.35600422697607426,0.13324973210692406,0.11762722264975309,-0.8492247298359871,-0.5589030966162681,-0.19685378298163414,-0.24779648780822755,-0.38209649715572597,-0.009346450492739678,-0.39744088128209115,-0.3770824022591114,-0.45950862839818,-0.10593803077936173,-0.6472460307180882,-0.7027956366539001,-0.37887216061353685,-0.32296101935207844,-0.42464064061641693,0.19927888959646226,0.15444184765219687,0.3448816332966089,-0.06256313025951385,0.21316774990409612,-0.2651772737503052,-0.24473867379128933
