0.39898031055927274,-0.45396013651043177,-0.8106257230043411,-0.028994475305080415,-0.4140520177781582,-0.6311167865991593,0.20612373109906912,0.631728108227253,0.4476071856915951,0.0024989225901663305,0.8301952913403511,0.702392227947712,0.83895453363657,1.2382831871509552,1.7030983567237854,1.0073640432208777,-0.08099142014980316,0.8556643627583981,0.08559371381998063,0.25098984986543654,-0.01781514286994934,1.016203149408102,1.856821846961975,0.3618892539292574,0.8602761387825012,-0.4380530580878258,0.2505235642194748,-0.8434498459100723,-1.0311216473579408,0.6651133954524994,0.5617301911115646,0.11301079541444778,-0.10047293305397034,1.6546619236469269,0.917351883649826,1.1511579424142837,1.3828687071800232,1.9859536647796632,2.293258452415466,1.9758634328842164,-1.1886657774448395,-0.45094349719583987,0.8046254813671112,0.6408720057457685,0.5295231346506626,0.8655745536088943,0.2024918355047703,0.9333653099834919
-0.04210897386074066,-0.41005314979702234,-0.9848221749067306,-0.4467005118727684,-0.2433314211666584,-0.6132815390825271,-0.2092098856344819,0.39017645418643954,0.3843672573566437,-0.06066082781180739,0.47433379739522935,0.47480877342168243,0.5080561652779579,1.0174491316080094,1.427351748943329,0.6952130999416113,-0.49294763505458833,0.6018834404647351,-0.022871871292591096,0.031842495501041415,-0.3225115954875946,0.5898184560239315,1.6214812636375426,0.12279866822063923,1.0975625872612,-0.8276552900671958,0.570664057135582,-0.9066958755254746,-1.0868984937667847,0.3451115548610687,0.2853502184152603,-0.25056919306516645,0.029001584649085997,1.3678518056869506,0.8166131138801574,0.9179543524980545,1.1535579204559325,1.8381310105323792,2.1015139162540435,1.7820683717727661,-1.0440758898854257,-0.4871817022562027,0.8602456867694854,0.6389236029237508,0.39964977246709166,0.7335032194852829,-0.051998647302389144,0.6408820159733295
-0.3513500064611435,-0.44432502519339323,-1.0684927701950073,-0.7258881673216819,-0.3102714352309704,-0.7386462599039078,-0.5593808555975557,0.2920289307832718,0.2923449218273163,-0.21280480390414597,0.33154681473970415,0.26577994639519603,0.22155800014734267,0.9743175238370896,1.3989147067070007,0.28772189281880856,-0.7714122146368027,0.33415997549891474,-0.05166681706905365,-0.13828567713499068,-0.5008700251579284,0.22632949575781822,1.3752276718616485,-0.07260727398097515,1.0682609111070633,-1.1469379529356956,0.6158158212900162,-0.9407791942358017,-1.0842581152915955,0.01025819182395935,0.019694295525550843,-0.567601566016674,-0.06007425189018249,1.2391524195671082,0.7691542983055115,0.7127816677093506,1.051548856496811,1.766126573085785,1.8372328460216523,1.5454011023044587,-0.9423423573374748,-0.6692941516637803,0.8432388424873352,0.5169616516679525,0.23830433231778442,0.5247259855270385,-0.31441267356276514,0.33733764961361884
-0.5539004892110825,-0.34488527905195954,-1.0455629348754882,-0.9048832550644874,-0.29938040748238565,-0.7112543299794197,-0.8008688593283295,0.2484879245981574,0.29246931076049804,-0.27275819396600126,0.2522570267319679,0.14636647070292383,0.023371906578540803,0.9374696284532547,1.2944253906607628,0.0077131476253271105,-0.9716982036828995,0.10040576979517937,0.0007361859083175659,-0.20952734649181365,-0.6231982082128524,-0.08415127769112588,1.1588875869289041,-0.14504424296319485,1.1239517003297805,-1.3309802889823914,0.8223495990037918,-0.9385722011327744,-1.0411115169525147,-0.2487206816673279,-0.13800200521945954,-0.7240417316555977,0.015468454360961914,1.2066877841949464,0.9133114337921142,0.6031143072992563,1.012513867020607,1.7828628301620484,1.588019847869873,1.315747606754303,-0.7419033773243427,-0.7233842864632607,0.8776807159185409,0.5039318975061178,0.22058770996518434,0.39170271158218384,-0.40665296241641047,0.04410804584622383
-0.7219381302595138,-0.1763198895379901,-0.9723522573709488,-0.9860616892576217,-0.26885260045528414,-0.6420547023415566,-0.9563478196039796,0.3219055702909827,0.3739275738596916,-0.22310428861528636,0.297362793982029,0.1055714842164889,-0.09376045912504197,0.7682787626981735,1.0668380483984947,-0.21734394170343876,-1.1175153881311417,-0.06043158248066902,0.1022264838218689,-0.21820527017116548,-0.7177238658070564,-0.3061664141714573,0.9799264350906014,-0.11976284943521023,1.100215169787407,-1.4410054862499238,0.9284651160240174,-0.9706752687692642,-1.0547764122486114,-0.4154349386692047,-0.23733533322811126,-0.7962434634566307,-0.043777333199977876,1.0675842583179473,1.0185514092445374,0.5168306890875101,0.9048117369413375,1.6553981065750123,1.4522391438484192,1.1895023822784423,-0.5135882444679737,-0.7111660212278366,0.9111126333475112,0.5894616182893515,0.2880785797256976,0.38191171884536745,-0.41332123801112175,-0.14567151740193368
-0.8375307351350785,-0.017618398182094097,-0.8319772705435753,-0.9961219131946564,-0.14342240691185,-0.4655498996376991,-1.0214213835075499,0.3682893252000213,0.4040649399161339,-0.13050073478370905,0.2114696815609932,0.1291415389860049,-0.11017336696386337,0.5903819650411606,0.8276913002133369,-0.37271808721125127,-1.2345778673887253,-0.1754345066845417,0.168354070186615,-0.12930986285209656,-0.7007118716835976,-0.44788427725434304,0.8351811746135354,-0.016334382817149162,1.0384314566850663,-1.362190942466259,0.9996966779232025,-0.9265433251857758,-0.9128280186094344,-0.5006416946649551,-0.30218147337436674,-0.8149537488818168,-0.1341506525874138,0.9288691401481628,1.0214643120765685,0.5078802410513162,0.774289458990097,1.5464541077613831,1.3616541862487792,1.1298423171043397,-0.23175320103764535,-0.6046955391764641,0.9386032074689865,0.6649709340184927,0.4338947270531207,0.4510941833257675,-0.28373781144618987,-0.2800364725291729
-0.7886258065700531,0.1668974118307233,-0.6516453489661217,-0.9131086587905883,-0.05379446297883987,-0.2219097688794136,-0.9983181774616241,0.4390500461682677,0.456252758204937,-0.05091759711503983,0.1517961725592613,0.18684719169978053,-0.08746721595525742,0.5455419450998307,0.717953522503376,-0.42638904973864555,-1.237879467010498,-0.23219309523701667,0.22076121270656585,0.07015499621629714,-0.5545381739735603,-0.5286437526345253,0.6984688499942422,0.09083422012627125,0.9517877250909805,-1.1982281669974326,0.9078395649790764,-0.8646426796913147,-0.8141843252815306,-0.5560535546392202,-0.36208845786750316,-0.7938137151300907,-0.13392034024000168,0.8497537910938263,1.1009283363819122,0.4893038455396891,0.7250128567218781,1.4493880033493043,1.2835310578346253,1.0722519516944886,0.0703774981200695,-0.4681009456515312,0.8258538156747818,0.8483280155807733,0.5722758524119854,0.4737399846315384,-0.10737150311470031,-0.3594755373895168
-0.669567683339119,0.26220312584191563,-0.45359176844358445,-0.776471409201622,0.10574568957090377,0.02818383425474167,-0.9443384822458029,0.47322582062333823,0.45145177058875563,0.03896528035402298,0.09706880003213883,0.2996663179481402,-0.03374119400978089,0.5352277517318725,0.7281192019581795,-0.413884512335062,-1.184548819065094,-0.23009584322571755,0.24267444312572478,0.29478478580713274,-0.3203956916928291,-0.5239195503294468,0.5944184700027109,0.12206390388309955,0.8492778897285461,-1.0315002366900443,0.926424665749073,-0.7455183446407319,-0.6789121189154684,-0.5663604613393545,-0.37966295666992667,-0.7794461257755756,-0.09424074590206147,0.8343727469444275,1.142940980195999,0.46407343782484534,0.6570464253425599,1.3285679817199707,1.2501806616783142,1.0253413319587708,0.31115608140826223,-0.3533057261258364,0.7531390726566315,0.9357260022312403,0.6443956136703491,0.4990258127450943,0.02613317668437958,-0.3453508161008358
-0.47215478122234344,0.34904689360409974,-0.26410849541425707,-0.607885655760765,0.27616941183805466,0.22375918477773665,-0.8350741527974606,0.518982376717031,0.4042266523465514,0.08859261423349381,0.1421557128429413,0.4228163894498721,0.07450034320354462,0.6201353758573532,0.8643362119793891,-0.38896514624357226,-1.1064243376255036,-0.1928991250693798,0.216720649600029,0.5218829944729805,-0.036554630100727084,-0.46321991756558417,0.49493508134037256,0.14433414340019227,0.8242071807384491,-0.841458348929882,0.9466983571648597,-0.5956944227218628,-0.5722059437073768,-0.4736820887774229,-0.335758313909173,-0.7684447593986988,0.03485075235366821,0.8610208570957184,1.1614183247089387,0.46560706533491614,0.7148475229740143,1.3450348377227783,1.2327547192573547,0.9989829063415527,0.5276585273444653,-0.30401281006634234,0.7082564175128937,0.9475026343017816,0.7379979580640793,0.551490506529808,0.09126064479351044,-0.2986599177122116
-0.2736383706331253,0.4498057531192899,-0.09130883067846299,-0.44805640280246734,0.45605533570051193,0.408064965903759,-0.6868671208620072,0.5368894001469016,0.3569194797426462,0.15257499516010284,0.15014565885066986,0.49801067824009804,0.20067018568515776,0.7630655407905579,1.0008212521672248,-0.32582475431263447,-0.9987743914127349,-0.1477580636739731,0.23914995342493056,0.6984553590416909,0.18466928452253342,-0.39838326051831247,0.471893791295588,0.14278261363506317,0.8285216569900513,-0.6531803652644157,1.0069335833191873,-0.4225433528423309,-0.42404645765200255,-0.39530659429728987,-0.2827869389206171,-0.7546802349388599,0.21676134467124938,0.9513198256492614,1.1945165693759918,0.47688278295099734,0.7245523869991303,1.3330403923988343,1.240894377231598,1.0030810415744782,0.6814877681434155,-0.24111258275806904,0.7709526002407074,1.0363944951444863,0.8476605266332626,0.6273795425891876,0.12218480408191681,-0.21777594983577728
-0.13908843100070953,0.47812727056443693,0.03354921489953995,-0.2933131128549576,0.610836973786354,0.5430243000388145,-0.5505391278304159,0.5505934542044997,0.3436631754040718,0.20051597878336908,0.16791204512119293,0.5730417829239741,0.26425941586494445,0.8111052334308624,1.0749508157372474,-0.20766917057335377,-0.8906294763088226,-0.09986816793680191,0.24105547070503236,0.8340633407235145,0.3570422574877739,-0.3178283885121346,0.44590470287948847,0.13674714863300325,0.911049199104309,-0.42142642587423323,1.0114546552300454,-0.2331190824508667,-0.23481758320704102,-0.2711999576538801,-0.2196668539196253,-0.6953569449484348,0.35611933618783953,1.0062611103057861,1.2656928956508637,0.4805309507995844,0.7264653742313385,1.3343700885772705,1.2438915133476258,1.0107542634010316,0.7809558741748333,-0.23792651183903218,0.7055312156677246,1.0553901437669992,0.8706155747175217,0.6461922764778137,0.160450741648674,-0.14307796359062194
0.10004249513149262,0.6473734255880117,0.1825370207428932,-0.038806238770484926,0.7488922670483589,0.6887619063258171,-0.34811961436644195,0.5976063182577491,0.38839206770062445,0.28728125616908073,0.26547616720199585,0.6982478704303503,0.40008788704872134,0.9582270950078964,1.160892941057682,-0.07413270659744739,-0.7124430045485497,0.022949351370334624,0.31952959299087524,1.0296472743153573,0.5973196551203728,-0.13598565012216568,0.5143983909860254,0.17676981091499328,0.9766496658325196,-0.12822251170873641,1.057556726038456,-0.012199735641479493,-0.0036313005723059176,-0.06751438789069653,-0.08180519677698612,-0.5175811745226383,0.5661678358912468,1.1090617597103118,1.3054492235183717,0.5591491792351008,0.7776301205158234,1.3687559008598327,1.2978836596012115,1.0243402957916259,0.8799470253288746,-0.17989464439451694,0.6957608342170716,1.1471483439207077,0.8981590390205383,0.6629205584526062,0.25923010110855105,-0.02243429571390152
0.3247446268796921,0.6963376611471176,0.3343969717621803,0.2393762320280075,0.9377267524600029,0.8377566859126091,-0.1287435927428305,0.5564299335703253,0.3867429383099079,0.35226291343569754,0.3213536411523819,0.8255309298634529,0.560507470369339,0.9947091847658157,1.2342893734574318,0.1853031974285841,-0.5255386784672738,0.19967875629663467,0.3705295905470848,1.1504391863942147,0.7783257350325584,0.08630871623754502,0.5645894238725304,0.27346977293491365,1.2079436510801316,0.17591202408075332,1.1911601021885871,0.276756227016449,0.24232247387990355,0.16775430031120778,0.07761166356503964,-0.32996710315346717,0.838121448457241,1.096383661031723,1.296412456035614,0.632263332977891,0.7971041560173034,1.3773747205734252,1.3757909119129181,1.082003265619278,0.8683005906641483,-0.14056100882589817,0.6623380646109581,1.084924653172493,0.8513112634420394,0.6920827955007554,0.39483575224876405,0.09469259828329087
0.5706051915884018,0.7396168082952499,0.4790951147675514,0.530542203783989,1.0465406090021134,0.873379760235548,0.10407965993508697,0.6239993721246719,0.40516614392399786,0.3766211323440075,0.49274099469184873,0.9622253537178039,0.7493733167648315,1.0064044535160064,1.3564997106790542,0.4605507593601942,-0.3256185665726662,0.43981449753046037,0.4512332782149315,1.2221046149730683,0.9552172049880028,0.3869528040289879,0.6575836449861526,0.3623051822185516,1.330019798874855,0.4628638282418251,1.2108990147709846,0.48704769611358645,0.446901839133352,0.4251383442431688,0.279995521530509,-0.10334561839699745,0.9658432111144066,1.1158126533031463,1.3023597836494445,0.7071258664131165,0.7738507583737373,1.3814401149749755,1.4718868255615234,1.170898973941803,0.8957590907812119,-0.1287281308323145,0.6121366307139396,1.1178055852651596,0.7727696999907494,0.6451020978391171,0.5190272778272629,0.27197346538305284
0.6473533526062966,0.5456331342458725,0.4987353451550007,0.6890616983175277,1.0492132484912873,0.7938804768025876,0.19608389949426056,0.5291176110506057,0.3455511875450611,0.25280643031001093,0.5345732569694519,0.9924871325492859,0.7861773490905761,0.9196135432459414,1.2959344118833542,0.7385060768574476,-0.20667708069086074,0.5877446249127388,0.3934278696775436,1.110395646095276,0.9786778002977371,0.5624514386057854,0.592796728760004,0.36828759908676145,1.519018217921257,0.5961203530430794,1.3480200693011284,0.6056428223848342,0.5371939799748361,0.5500905472785235,0.394366767629981,0.05206248387694359,1.034797203540802,1.096406453847885,1.1689307004213334,0.68149274289608,0.8114785507321358,1.3393447279930115,1.4261778235435485,1.1421530485153197,0.7405835598707199,-0.20365202762186527,0.5200362451374531,0.946039366722107,0.6496025711297989,0.4827576600015163,0.5750803142786026,0.34602366089820863
0.6879798516631126,0.49069127440452576,0.47247821018099784,0.7728237301111222,0.9561155796051025,0.7092958427965641,0.23585462486371397,0.5350771129131318,0.3714457996189594,0.1422695778310299,0.6618765413761138,1.0065933883190155,0.7562016382813453,0.8979853869415819,1.3094230473041535,0.8882732015103102,-0.09466807693243026,0.677707739174366,0.3316479235887527,0.8831942081451416,0.9611213751137256,0.6896806135773659,0.4884729690849781,0.34179765582084654,1.6083803087472917,0.6109595872461796,1.2751924887299537,0.6123925119638443,0.5396156363189221,0.6302536476403475,0.4870697882026434,0.16202537938952447,1.0255292803049088,1.0508531391620637,1.161208811402321,0.6557896167039872,0.7885332405567169,1.3053454995155334,1.4042182326316834,1.1141199171543121,0.5643007397651673,-0.22457648795098067,0.5577642060816288,0.9623360991477966,0.5582874059677124,0.4028692342340946,0.5739225059747696,0.39794027656316755
0.5171782836318016,0.34468322694301606,0.3667426846921444,0.7141056716442108,0.8607617162168026,0.5439300402998924,0.1226813188754022,0.47362678647041323,0.35857077315449715,0.11180569157004357,0.6912474602460861,0.9330152601003647,0.664510065317154,0.7784595013596117,1.1864171236753465,0.8733087830245495,-0.12877573817968369,0.6176091089844704,0.15981962978839875,0.5890256285667419,0.8114942170679569,0.6843348778784275,0.3585455484688282,0.24669522941112518,1.6448364406824112,0.4645589329302311,1.3374491482973099,0.5543913394212723,0.46191124245524406,0.6189721152186394,0.5340936340391635,0.1388227254152298,0.9302110284566879,0.9879307195544242,1.0868057876825332,0.579550564289093,0.7541422292590141,1.2265088200569152,1.302722454071045,1.0259308397769928,0.3697076320648193,-0.23057421427220107,0.5495467223227024,0.8683693051338196,0.49216791391372683,0.3474977292120457,0.5222293168306351,0.3573435127735138
0.40604270845651624,0.2704710751771927,0.26289549097418785,0.6375005394220352,0.7860286496579647,0.4325529709458351,0.01287721274420619,0.5236326158046722,0.553885143622756,0.15192625746130944,0.8152075320482254,0.9253262668848038,0.5501247972249985,0.7343122747726738,1.0626168221235275,0.7951708815991878,-0.13882329314947128,0.517445170879364,0.004392752051353454,0.38790934085845946,0.7399023766629398,0.6590225920081139,0.23726894930005074,0.2235374242067337,1.7036867558956146,0.31796692982316016,1.2951874449849128,0.5181363224983215,0.39318538680672643,0.609324537217617,0.5972561597824096,0.18741315007209777,0.8332090705633164,0.8806077614426613,1.036206677556038,0.5146698951721191,0.6826068177819252,1.231293535232544,1.2527697920799254,0.9713323533535003,0.1418743073940277,-0.288213169015944,0.5007541246712208,0.8858877897262574,0.474181193113327,0.31466656401753423,0.49836420118808744,0.26643405556678773
0.19514909535646438,0.15602552592754365,0.10634707435965537,0.47852435410022737,0.7071549169719219,0.30188013464212415,-0.17129294136539103,0.4988566190004349,0.7256128551438451,0.25709702596068384,0.8281100898981094,0.8501209869980813,0.4134906142950058,0.5929680583067238,0.7591373056173325,0.654120909422636,-0.23777400702238083,0.27262460589408877,-0.2242302268743515,0.1379111111164093,0.5668602044694125,0.5531114920973778,0.12174171283841133,0.18330675065517427,1.6294793516397477,0.14887757673859597,1.2327877655625343,0.450294691324234,0.3073535807430744,0.5418026924133301,0.5928651109337807,0.16896519660949708,0.6980457097291947,0.7627081170678138,1.106356492638588,0.44710964858531954,0.5690054908394814,1.1072733998298645,1.1772329449653625,0.8728892147541046,0.07122763693332672,-0.3211580151692033,0.29399572089314463,0.9047982573509217,0.41109773367643354,0.2857742734253407,0.48040439039468763,0.17178927659988402
-0.005750541388988495,0.13489747643470765,-0.04945799484848976,0.3523929059505463,0.6051232777535915,0.2378117710351944,-0.28371611023321747,0.5247219115495682,0.9158681515604258,0.37984081283211707,0.824634101986885,0.7991624400019646,0.2996486067771912,0.456962385494262,0.5583504118025303,0.4764301411807537,-0.2897332713007927,0.03510451316833496,-0.4462464272975922,0.014165400713682174,0.45427901996299624,0.4596653148531914,-0.0103176049888134,0.23052467443048955,1.604312029480934,0.08606693521142006,1.2124992147088052,0.38617335334420205,0.21741262152791024,0.4896199330687523,0.6184125736355781,0.19288532435894012,0.5283556610345841,0.6161907896399498,1.1554155617952346,0.4241044223308563,0.5393573716282845,1.0629832744598389,1.142167866230011,0.8567284762859344,-0.03625998198986054,-0.3467950696125627,0.051480454951524736,0.8878006935119629,0.3265950132161379,0.2295678149908781,0.5557847023010254,0.11414502263069153
-0.15082379430532455,0.1168977364897728,-0.16843570843338967,0.2408232122659683,0.5212451718747616,0.2435173898935318,-0.32419233322143554,0.5860918939113617,1.038353404402733,0.5273119673132897,0.8111781984567642,0.7860008761286735,0.3023712456226349,0.343925756495446,0.3514378108084202,0.29653943702578545,-0.320895753800869,-0.19253464341163634,-0.5651249334216117,0.018003379553556444,0.39129690183326604,0.34680200070142747,-0.0745803840458393,0.3154423598200083,1.3887088373303413,0.09227058067917823,1.0267522171139718,0.2785514693707228,0.13227109862491487,0.3672331586480141,0.6302465215325356,0.19100131392478942,0.31292366087436674,0.4882693037390709,1.2251591473817824,0.4455403655767441,0.4503830708563328,1.0472011327743531,1.1410627245903016,0.8371446669101715,-0.08031310737133027,-0.321922885812819,-0.031592332571744916,0.9087869375944138,0.17764190323650836,0.16168949864804744,0.6479345679283142,0.12754697687923908
-0.3424141749739647,0.042193786799907686,-0.26324673369526863,0.14705124199390412,0.4884305618703365,0.3102454513311386,-0.3728186748921871,0.6035135924816132,1.1220174372196197,0.6446145161986351,0.7923155933618545,0.7720777437090873,0.29225246906280516,0.17070789067074657,0.13282169476151467,0.1675930492579937,-0.34302340596914294,-0.4196123480796814,-0.6455840155482292,0.0403962604701519,0.344645884167403,0.19627739638090133,-0.22220919504761696,0.37896580435335636,1.2832519069314003,0.1047174371778965,0.9039083555340767,0.1668442513793707,0.039852010738104585,0.19642861038446427,0.6313671246170998,0.13077569007873535,0.10006045997142791,0.32199352234601974,1.277416291832924,0.4396024882793427,0.40130426064133645,0.9647576868534088,1.1272156953811645,0.8334139585494995,-0.1742636885959655,-0.3361211396753788,-0.15218688398599625,0.8110270081087947,0.06163617856800556,0.10966971181333066,0.6989118069410324,0.11489651463925839
-0.491742442548275,0.09159141927957534,-0.2914114691317081,0.030705440044403075,0.45013784393668177,0.3419384628534317,-0.4001799814403057,0.7091772437095643,1.1947194039821625,0.7792877092957496,0.8188968688249588,0.7648215815424919,0.3093415856361389,0.10915500251576304,-0.06928075179457664,0.03026019558310509,-0.3620872378349304,-0.6359285354614258,-0.7055910721421241,0.06847382113337516,0.33921020282432435,0.029465951025485992,-0.33160889223217965,0.3476441355422139,1.0271016523241996,0.07678177729249,0.6352892473340035,0.043056445941329,-0.03643555985763669,0.02915053963661194,0.623140062391758,0.0495305597782135,-0.10456605479121209,0.2964220568537712,1.2533005267381667,0.37648448422551156,0.36965070739388467,0.8922680199146271,1.0324186444282533,0.7108575742691755,-0.1389174644369632,-0.23376789763569833,-0.12522072196006775,0.8480179904028773,0.08584154434502125,0.13696308694779874,0.6895209938287735,0.09658764563500881
-0.6678075239062309,-0.012945638597011566,-0.34467056319117545,-0.11405303031206131,0.4539323829114437,0.41431605294346807,-0.49056866839528085,0.7023087322711945,1.2229265570640564,0.9261039525270462,0.7676515132188797,0.721523855626583,0.25490644574165344,0.03608063189312816,-0.27005541548132894,-0.15355222597718238,-0.422975555062294,-0.9199702739715576,-0.8384358778595924,0.04227019473910332,0.2844440991990268,-0.19670182317495347,-0.49008387997746466,0.2674976887181401,0.8307993054389954,0.011281291395425797,0.5072677806019783,-0.059854413755238055,-0.12076901318505406,-0.16385763585567475,0.5557744100689888,-0.10443071126937867,-0.24145064428448676,0.20674846395850183,1.1115520676597952,0.2552273042500019,0.34841651767492293,0.7429011553525925,0.8552961811423302,0.5590164635330439,-0.26751353484578433,-0.1610323019325733,-0.20264042019844056,0.7495493661612272,0.14102175571024417,0.1779541466385126,0.601842463761568,0.013012882694602013
-0.6897110436111689,0.10073141902685165,-0.28442777544260023,-0.18742952719330788,0.4963002048432827,0.49605328515172004,-0.49972734078764913,0.8079770982265473,1.3691493034362794,1.1684433847665787,0.7429228633642196,0.796601890027523,0.2710934042930603,0.08121325392276049,-0.2993741698563099,-0.32843430042266847,-0.45545005723834037,-1.1483336389064789,-0.9358516991138458,0.0689825365319848,0.2870071048848331,-0.32241757959127426,-0.5170826867222786,0.11526151914149523,0.6447425663471222,-0.022359085828065874,0.3637976810336113,-0.0667462633922696,-0.08990323366597294,-0.2318134129047394,0.5398191168904305,-0.2157109908759594,-0.27000224217772484,0.18223972246050835,1.104540233872831,0.1946164347231388,0.30152586549520494,0.6942467540502548,0.7596225455403328,0.463583022961393,-0.2844023678917438,-0.04037197306752205,-0.19002340063452722,0.8633339863270522,0.18262170143425466,0.3083402071148157,0.5073430396616458,-0.015711836889386176
-0.7312533143907786,0.06877335011959076,-0.22087546437978745,-0.24220859184861182,0.5124114835634828,0.44790978357195854,-0.5351816765964031,0.797837209701538,1.3253593027591706,1.282079917192459,0.6902189895510673,0.7863322958350182,0.2650120973587036,0.049562221951782705,-0.3903211183845997,-0.38216451480984687,-0.5468330644071102,-1.360103541612625,-1.0897834330797196,0.025924164988100528,0.24845820842310787,-0.38818512856960297,-0.5203457728028298,0.031796752102673055,0.5565528631210327,-0.10802391022443772,0.4307314708828926,-0.011894013173878193,-0.009806393552571535,-0.20798564553260804,0.5507983461022377,-0.29530090615153315,-0.2563817508518696,0.1840859703719616,0.9977923126891255,0.12359566614031792,0.29500020369887353,0.5869883567094802,0.5958828136324883,0.3297468459699303,-0.30830909055657685,0.03849099893122911,-0.2897071622312069,0.712188471481204,0.14719134233891965,0.3143946174532175,0.36713273301720617,-0.06421832777559758
-0.5997075263410807,0.149316668510437,-0.10457255393266678,-0.17443893924355508,0.45014846343547105,0.3108659371733665,-0.4240622319281101,0.8009250968694687,1.249804099276662,1.1645248651504516,0.7275399848818779,0.7605267979204655,0.26110524982213973,0.09900435823947192,-0.33419457748532294,-0.28847125768661497,-0.48574212566018105,-1.3951280653476714,-1.0796468704938889,0.062122792936861515,0.32193665085360407,-0.2564996019005775,-0.4581506342627108,0.03131031561642885,0.42858863025903704,-0.092963545024395,0.3100378856062889,0.11386877428740264,0.1549803654663265,-0.057266446948051455,0.6524424150586128,-0.15253092870116233,-0.22657332178205253,0.17759196534752847,0.9700587781146168,0.14841756448149682,0.2660088188946247,0.5599696457386016,0.5027593277394772,0.25664382115937767,-0.2796054129023105,0.033405175991356374,-0.3001502029597759,0.6233154509216547,-0.008065364137291909,0.21566751636564732,0.3518698550760746,-0.0472637590020895
-0.5567918483167886,0.19065367206931114,0.027795277535915375,-0.08879978135228157,0.37598939556628463,0.2356802597641945,-0.29920444935560225,0.6007826715707779,1.0026868123561143,0.9895583748817444,0.5436226412653923,0.6274933971464633,0.28247076123952863,-0.031179767288267612,-0.4322504706680775,-0.20050581991672517,-0.4372843153774738,-1.3442641496658325,-1.049222496151924,0.047067738510668276,0.2618100047111511,-0.1296140357851982,-0.36063202628865837,0.03856070209294558,0.3292989507317543,-0.06213790029287338,0.3268829435110092,0.24986245464533569,0.33234288496896625,0.061787265539169314,0.6857622697949409,-0.06669978722929955,-0.17899984642863273,0.13407948687672616,0.9648756952956319,0.22137117013335228,0.15945824161171912,0.407901805639267,0.40886311401991404,0.23562541441060603,-0.23326366585679353,0.071362011320889,-0.25310238227248194,0.4035303149372339,-0.14619723297655582,0.14210403002798558,0.34239496365189553,0.01541055180132389
-0.33361820615828036,0.33211096152663233,0.2756704673171043,0.1346630148589611,0.3772079112008214,0.2664741113781929,0.006601925194263458,0.577660433202982,0.8702778745442629,0.8805736035108567,0.5205230668187142,0.6387184046208858,0.36376279294490815,-0.03374600056558848,-0.34325137808918954,0.028075143694877625,-0.183783108741045,-1.1073673039674758,-0.8372967861592769,0.15416474137455224,0.3210688978433609,0.09525754004716873,-0.22662327894940973,0.12447914350777864,0.3256417527794838,0.17343672662973403,0.3041308522224426,0.4505970938131213,0.5782878736965358,0.22914164066314696,0.7608975768089294,0.14519562497735022,-0.06353322193026542,0.09829457178711891,0.7990122826769948,0.29712406918406487,0.051780978590250014,0.3447251558303833,0.4246252285447554,0.27027423814870416,-0.1592408035416156,0.17869368363171817,-0.09375491365790367,0.3107916731387377,-0.18879165388643743,0.07068486250936985,0.41134035512804984,0.11211516000330449
-0.2506457608193159,0.28996003046631813,0.4551480934023857,0.242950626462698,0.4324714930728078,0.33192325830459596,0.1870751455426216,0.4695036426186562,0.7362563062459231,0.8329252690076828,0.41537607461214066,0.599887453764677,0.4223529249429703,-0.17529500667005776,-0.45137554556131365,0.21636840999126433,-0.019179774075746538,-0.9245839196257293,-0.6943120710551739,0.2144799517467618,0.29455538988113406,0.1815587654709816,-0.14688354888930916,0.10833222549408675,0.20538605004549026,0.33482996970415113,0.1929822564125061,0.5436434274539351,0.7660078505985439,0.2833791062235832,0.696444334834814,0.27062792256474494,0.00781194344162941,-0.05451221987605095,0.6246085794642567,0.25141569003462794,-0.1607375405728817,0.19727273881435395,0.35897701700596374,0.18347680852748455,-0.0547315273899585,0.3424559371545911,0.11533806696534157,0.23966945596039296,-0.15763060823082925,0.12293006181716919,0.3718832157552242,0.1867393646389246
-0.19391477219760417,0.27286217771470545,0.5861558601260185,0.29537376686930655,0.4942687125876546,0.321051812171936,0.2807869896292686,0.39310713559389115,0.7581622529774904,0.7886504143476486,0.3514957569539547,0.5483826898038388,0.38706112168729306,-0.26217068135738375,-0.4571124747395515,0.32697559595108033,0.13178068324923514,-0.7806283208541572,-0.6659931294620037,0.16677000392228364,0.20762182176113128,0.17740029245615005,-0.1835033149458468,-0.05865177530795336,0.225032084970735,0.4018872693181038,0.21795952096581458,0.585143587179482,0.812841960042715,0.3195821553468704,0.5973148725926876,0.24607948139309882,0.07003536196425557,-0.13153890296816825,0.4043882580474019,0.09709111675620079,-0.19407909959554673,0.031179240345954894,0.22689368148712674,0.06921619460918009,-0.0951175053138286,0.49502171445637944,0.14241214990615844,0.20033012218773366,0.0736400030553341,0.21135520488023757,0.20558009371161462,0.18554255021736027
-0.12489923648536205,0.24294826053082944,0.6975270286202431,0.2848824217915535,0.4822554798796773,0.24477799534797667,0.31976725831627845,0.3722380355000496,0.8044294763356448,0.7783262699842453,0.30998780727386477,0.48975357636809347,0.33223386816680434,-0.2733321666717529,-0.49860065132379533,0.4257144212722778,0.2233200825750828,-0.684724438469857,-0.6670290879905224,0.12770464289933442,0.11620140597224235,0.15456017404794692,-0.21678085336461664,-0.2686548413708806,0.13126708471681922,0.39875585585832596,0.14307238832116126,0.6198841677978635,0.8154852546751499,0.3584165543317795,0.46799049004912374,0.18099837377667427,0.11302737863734365,-0.1273681938648224,0.22025019247084857,-0.0738416738808155,-0.29813697189092636,-0.09670818448066712,0.06698966046242276,-0.0901964338030666,-0.1164476789534092,0.592824088037014,0.20250925049185753,0.3326610138639808,0.25134982690215113,0.2933183565735817,-0.030296335369348525,0.159046973567456
-0.11770339123904705,0.16510301344096662,0.7279886469244957,0.26578466035425663,0.4525624128058553,0.21349093914031983,0.30636721327900884,0.2031615525484085,0.8005791235715151,0.7967323750257492,0.21895841062068938,0.39096076413989067,0.21457198373973368,-0.383547443151474,-0.5687377646565437,0.38512341985479,0.22853376790881158,-0.634140610974282,-0.6958048693835736,0.06832560766488313,-0.03547028973698616,0.12785405963659285,-0.24285348365083337,-0.3742488235235214,0.12904275560285897,0.36652993112802507,0.2493981935083866,0.6436193184927106,0.8409816093742848,0.35411389619112016,0.3405516348779202,0.10775743201375007,0.12354622604325413,-0.26713874042034147,0.015106144733726979,-0.16505280882120132,-0.44396988600492476,-0.28686522841453554,-0.08040654043288668,-0.13921902007423342,-0.13961437940597535,0.6374280825257301,0.1350191794335842,0.21556522455066443,0.3164034865796566,0.35413399785757066,-0.18574147000908853,0.09966180501505732
-0.014766959473490715,0.2766552221029997,0.7909691512584687,0.3181524444371462,0.3953486891463399,0.18795637488365174,0.37280942425131797,0.17765679061412812,0.8936406422406435,0.7957623571157455,0.11465631127357483,0.3506808064877987,0.11409113369882107,-0.39923334419727324,-0.5154032543301582,0.35186854461207984,0.24724349826574327,-0.4887131365947425,-0.5636307947337628,0.0981383727863431,-0.11340411081910133,0.20428635887801647,-0.1795319700613618,-0.39329020082950594,0.1381020759930834,0.37543790489435197,0.23507001399993896,0.6706303387880326,0.8770712271332741,0.357174976170063,0.2630025319755077,0.16016682237386703,0.16850824626162647,-0.287007088214159,-0.01347307451069355,-0.15818534940481185,-0.4827342815697193,-0.29020586162805556,-0.08937760422559222,-0.15074119470082223,-0.03262697458267212,0.6989054903388023,0.1990337829105556,0.3535215325653553,0.40174456760287286,0.4348310366272926,-0.19159233048558236,0.09140418926253915
-0.022805570065975188,0.1701600294560194,0.7374785324325785,0.33469323329627515,0.27983098942786455,0.14570113811641933,0.421327892690897,0.05708305239677429,0.8474652338773012,0.7332261890172959,0.005527454614639282,0.18103346675634385,0.05151674039661884,-0.36264919936656953,-0.48838519752025605,0.4001149245537817,0.25832069888710973,-0.29983479706570504,-0.40148821398615836,0.15655840337276458,-0.19301699176430703,0.2810281615704298,-0.09547104183584451,-0.3195343304425478,0.09448261016514152,0.3390174001455307,0.22670738399028778,0.5956991672515869,0.7992401719093323,0.3296843685209751,0.20594105087220668,0.18824742510914802,0.09717154325917363,-0.18971317782998084,0.018262005969882013,-0.10247674435377122,-0.4117227204144001,-0.24549405723810197,-0.03634086976380786,-0.06599308475852013,-0.030174505710601807,0.7153775557875633,0.11464064521715045,0.27645409777760505,0.49902721866965294,0.4478593960404396,-0.16493052020668983,0.08427810678258538
-0.008403025567531586,0.18456042557954788,0.6607246240368113,0.35212165378034116,0.21327055990695953,0.20052187610417604,0.5446237958967686,0.06956986784934997,0.9805781591683627,0.766810628771782,0.008295275270938873,0.13777496367692948,0.06684683002531529,-0.31164092421531675,-0.3992414951324463,0.42948948899284006,0.41710628643631936,-0.08163737980648875,-0.08108562752604484,0.32247303128242494,-0.22643944695591928,0.33368775211274626,0.044172117672860625,-0.32291604317724704,0.04269780495669693,0.42153311520814896,0.11920627653598785,0.5179508835077286,0.7195625018328429,0.2492780528962612,0.15415832959115505,0.25490686371922494,0.06895790072157978,-0.17471816018223763,0.028063610196113586,-0.09421170800924301,-0.38749178051948546,-0.10253668576478958,0.11749135424761334,0.05781021192669868,-0.06191478967666626,0.7159448847174644,0.1397311129840091,0.3714308120310307,0.5494332477450371,0.5231587618589402,-0.13036755248904228,0.14120119074359536
-0.06577782183885575,0.05325444489717483,0.5039851685753092,0.2842455442994833,0.19347500503063203,0.2527054207399487,0.5816329263150692,0.05199992805719376,1.067032352089882,0.8560045599937439,-0.025672857463359833,0.14758315160870553,0.08363259062170983,-0.3056765079498291,-0.4022082805633545,0.43668179074302316,0.5496315471827984,0.07843444617465138,0.1205614872276783,0.32207350730895995,-0.3045882828533649,0.2705499466508627,0.12258914625272155,-0.375400348380208,0.03994369411375374,0.4476323738694191,0.1633167862892151,0.4263538736850023,0.5893581438809633,0.13883071765303612,0.039061760529875755,0.16458043232560157,0.04370339466258884,-0.13326223865151404,-0.01852874457836151,-0.1248750165104866,-0.33395915031433104,-0.1075910434126854,0.23833052312402286,0.16495024263858796,-0.21029069423675537,0.7004315793514252,0.08362552013713867,0.3714903838932514,0.5940746322274209,0.5551579810678959,-0.20188444741070272,0.20402280921116472
-0.07629149407148361,-0.02869468703866005,0.3256886144867167,0.17887675426900387,0.16831667125225067,0.22200142908841372,0.5457093328237533,0.11413509398698807,1.06418534219265,0.904864276945591,0.041313135623931886,0.1922234632074833,0.062200798839330676,-0.1977497011423111,-0.2686855226755142,0.42028209725394844,0.6356088243424892,0.11838130773976445,0.21140493229031562,0.30166488885879517,-0.3120603568851948,0.17404009252786637,0.10924207037314773,-0.47831877060234546,0.01099870407488197,0.45270360857248304,0.1588536500930786,0.36822224147617816,0.532144932821393,0.09218353256583214,-0.046147537603974345,0.024860928207635878,0.026571082789450882,-0.0879470743238926,-0.16019701659679414,-0.2021239146590233,-0.19321498572826384,0.013332580029964448,0.308100725710392,0.1669374406337738,-0.2822988510131836,0.6379897579550743,0.01792185988742858,0.3658892042934895,0.5046574309468269,0.5152736969292164,-0.3096726376563311,0.23320040637627243
-0.1930495634675026,-0.22049885168671607,0.05009108984377235,-0.04501797296106815,0.045389866828918456,0.11836283970624209,0.32641494572162627,0.07334232404828071,0.969045090675354,0.8507174327969551,0.02957310006022453,0.12377597168087959,-0.04825334176421166,-0.18081965446472167,-0.2477293610572815,0.2863286898471415,0.5306195922195911,-0.005479954462498426,0.09397420883178711,0.15708353221416474,-0.39572657123208044,-0.022566963732242585,0.007618809398263693,-0.6573920208960772,0.01948522829916328,0.3013839915394783,0.10929009765386581,0.2483761329203844,0.38706816621124746,0.007787137478590012,-0.174922314658761,-0.2511764787137508,-0.07798422304913402,-0.031609345227479935,-0.2612195760011673,-0.33734161108732225,-0.06336579024791718,-0.03870340138673782,0.17405763417482376,0.08367000967264175,-0.4873060345649719,0.4596392348408699,-0.19452779206912965,0.21210285648703575,0.40143045485019685,0.43079138472676276,-0.5112922627478838,0.2184615277685225
-0.23286094442009925,-0.3329106234014034,-0.13683716452214867,-0.22391989566385745,-0.028105197101831438,0.04817446488887071,0.1610970228910446,0.10026914328336715,0.924755123257637,0.7797140941023827,0.10237898752093315,0.118006481975317,-0.16607275530695914,-0.08205485790967941,-0.1507059618830681,0.16900868276134134,0.3890546925365925,-0.1315655529499054,-0.06940898001194,-0.004606965184211731,-0.40803600028157233,-0.14275572448968887,-0.13395284796133639,-0.7546600703150034,0.12451577091123908,0.14073664098978042,0.24018568843603133,0.18430016674101352,0.24203780181705953,-0.052268875390291215,-0.2510258313268423,-0.4646956823766232,-0.09838304771110415,0.05018942281603813,-0.3712909609079361,-0.42315167337656023,0.02260308265686035,-0.10167184323072434,0.07521794140338897,0.027304878830909728,-0.7081224143505096,0.2629775896668434,-0.4664502433268353,0.13877325877547264,0.21156878769397736,0.2614419586956501,-0.63010290004313,0.15627909088507294
-0.3019869334995747,-0.4037343319505453,-0.30890612399671225,-0.42066117860376834,-0.18988280072808267,-0.06068719159811735,-0.005052325129508972,0.11720935851335526,0.7714395210146904,0.6847398087382317,0.05769760459661484,0.06899447292089463,-0.2602484989911318,0.01860911175608635,-0.13544039577245712,0.054399968776851895,0.18250413611531258,-0.24448118656873702,-0.15693744719028474,-0.17059966027736664,-0.46631746664643287,-0.23405881673097612,-0.20270573282614351,-0.7780823472887277,0.06142138466238976,-0.023757369816303255,0.2205463282763958,0.08477429486811161,0.1313446957617998,-0.11214345917105675,-0.3213635619729757,-0.5548801265656949,-0.2089708313345909,0.07835979983210564,-0.3883637458086014,-0.45594773441553116,0.04717619903385639,-0.05245593637228012,-0.00961264967918396,-0.05569998323917389,-0.8043953493237496,0.05669972449541092,-0.6050997390178964,0.03806138858199119,-0.08848856389522552,0.07396386340260505,-0.666600588336587,0.06883773487061262
-0.4354164697229862,-0.4362061477266252,-0.5101228693732992,-0.5799748595803976,-0.30585203096270563,-0.17231220435351133,-0.1439487099647522,0.05476100742816925,0.5960014164447784,0.5402741203084588,0.03786577954888344,-0.014298562705516816,-0.3974137488752604,0.00564720556139946,-0.12264758199453354,-0.0947604819200933,-0.014884822815656663,-0.28305556923151015,-0.19241930842399596,-0.3698418587446213,-0.5642590939998626,-0.29719411879777907,-0.2315371253527701,-0.789185905829072,0.05455949306488037,-0.2032681956887245,0.17760738655924796,-0.06832675002515316,-0.0009840842336416244,-0.2133941374719143,-0.36176888309419153,-0.6188476048409939,-0.30835265666246414,0.015994995832443237,-0.37075257301330566,-0.48764143139123917,0.09201429076492787,-0.0628527358174324,-0.08961783647537232,-0.11592539846897125,-0.7606514349579812,-0.06411138623952865,-0.7218289269832894,-0.21859602108597756,-0.2865063339471817,-0.07611385807394981,-0.6980760488659143,-0.05159746278077364
-0.5176862724125385,-0.38991273259744047,-0.646527204872109,-0.7167208299040795,-0.44627554938197134,-0.2949961407110095,-0.25965062379837034,0.09826106578111649,0.5232187032699585,0.3940592104569077,0.017908882349729538,-0.04365653172135353,-0.5589062009006739,0.05416173227131367,-0.07278000861406327,-0.2534660056233406,-0.1495264433324337,-0.27373010069131853,-0.15547112226486207,-0.5147784501314163,-0.5858834683895111,-0.3728350415825844,-0.2806972720660269,-0.8179218772798776,0.016452769935131072,-0.36085150986909864,0.07504488751292229,-0.20689743421971798,-0.1448244448751211,-0.2925469152629375,-0.39653099738061426,-0.6288725338876248,-0.3584503062069416,0.01821006238460541,-0.32386607825756075,-0.5180058613419533,0.09173384495079517,-0.020732282102108,-0.1321301281452179,-0.19139479398727416,-0.7024642303586006,-0.17760299742221833,-0.7323016508249566,-0.12333827689290047,-0.4224776476621628,-0.24173922166228295,-0.7360261473804712,-0.17195229101926088
-0.6371283926069736,-0.37098686313256624,-0.7455873528728262,-0.853177897632122,-0.5505825988948345,-0.42818156313151123,-0.39881032705307007,0.14511262327432634,0.36828463077545165,0.2605693439021707,0.025805950164794922,-0.09061073064804077,-0.6626817483454943,0.1439079035073519,-0.07684077024459839,-0.3825275540351868,-0.22953353375196456,-0.2759588465094566,-0.16974343061447145,-0.5824613809585572,-0.5539643242955208,-0.46285759918391706,-0.34827945083379747,-0.7983939711004495,-0.07878599315881729,-0.4971786096692085,0.019176399707794188,-0.304231246933341,-0.23152621351182462,-0.33341132029891013,-0.42079851888120173,-0.6627419278025627,-0.44959077313542367,0.031360987946391104,-0.2994921453297138,-0.546812491118908,0.18577958829700947,0.04192543625831604,-0.203955215215683,-0.2856705471873283,-0.7099867418408394,-0.2603892311453819,-0.7437956230482087,-0.26781334802508355,-0.6007042437791824,-0.393225421756506,-0.8239704351872206,-0.296866075694561
-0.7207867234945298,-0.228498091455549,-0.7804799735546112,-0.9444675162434578,-0.5256246350705623,-0.4886196039617062,-0.556112778186798,0.18610809296369552,0.27503302693367004,0.1687357733026147,0.049045564234256746,-0.0720734566450119,-0.7831506382673978,0.06584641598165035,-0.1810775339603424,-0.5583175539970398,-0.3208446756005287,-0.3538202181458473,-0.22324215173721312,-0.6495452374219894,-0.522781441360712,-0.5948462914675474,-0.49575343877077105,-0.7877006262540818,-0.0770417720079422,-0.5406767591834069,-0.033867792785167695,-0.30527105592191217,-0.21714810989797115,-0.40498276501894,-0.48740236461162567,-0.7461830422282218,-0.4199351154267788,-0.11824785433709621,-0.28231695368885995,-0.567583828419447,0.11776789613068103,-0.04042732417583465,-0.3365099787712097,-0.4351699873805046,-0.5037744656205178,-0.36782273948192595,-0.7509474532445892,-0.3707624040544033,-0.7808386385440826,-0.5275196515023708,-0.9389144103974104,-0.4575858250260353
-0.720446202158928,-0.08595915539190173,-0.7438581615686417,-0.9813080430030823,-0.46200289074331524,-0.4628482788801193,-0.6722539991140366,0.23373459726572038,0.16125816404819487,0.09691453371196986,0.078475122153759,-0.060889750719070435,-0.8249824766069651,0.0684102263301611,-0.21131120026111602,-0.6868030309677124,-0.42675847858190535,-0.3996511593461037,-0.2690113842487335,-0.6021134197711945,-0.4091933824121952,-0.6727773141115904,-0.5982634112238884,-0.6951318502426147,-0.13806258365511895,-0.5522450730204582,-0.07528609782457352,-0.3014485117048025,-0.2414775349199772,-0.41890359222888945,-0.5186769388616085,-0.7764491230249405,-0.3883069049566984,-0.10488215945661068,-0.21759535148739814,-0.5424732513725757,0.1043316800147295,-0.08293990790843964,-0.4347438797354698,-0.5281494971364736,-0.30487505346536636,-0.39997929632663726,-0.7045952662825584,-0.3636901699006557,-0.8541105091571808,-0.6182770901825279,-0.884240772947669,-0.5615867450833321
-0.685355792939663,0.0002864700742065907,-0.6545811347663403,-0.9407632231712342,-0.37165434677153825,-0.31464158594608305,-0.7794216126203537,0.2234185241162777,0.09159689843654632,0.13740056846290827,0.010638215765357017,-0.04548485726118088,-0.8153536580502987,0.021678441390395164,-0.31295850276947024,-0.7908615469932556,-0.5845379129052162,-0.49297154881060123,-0.3520058512687683,-0.4859888732433319,-0.3344453550875187,-0.7617366652935743,-0.7072880700230598,-0.6105294868350029,-0.1281667798757553,-0.5280998200178146,-0.048647035658359525,-0.2990934181958437,-0.23900970108807087,-0.46642165184020995,-0.5427134282886982,-0.781745794415474,-0.318442390486598,-0.13575359545648097,-0.16456609442830086,-0.524839387089014,0.04194262810051441,-0.11325457617640496,-0.5305374160408973,-0.641510177962482,-0.09608325511217117,-0.415799000672996,-0.706103028357029,-0.42063173800706866,-0.8679897159337997,-0.6171014802064747,-0.7904341667890549,-0.6826979234814644
-0.568452425301075,0.1411810618825257,-0.51437354311347,-0.7822974979877472,-0.2599475236609578,-0.1718373566865921,-0.7495433809235692,0.33999810442328454,0.20248970091342927,0.21494842115789653,0.08219161443412304,0.021541748940944672,-0.682985769957304,0.09833349250257015,-0.2586293280124664,-0.7701819896697998,-0.6059603974223137,-0.478800218179822,-0.32698885500431063,-0.2929094433784485,-0.18001894727349282,-0.726228591799736,-0.7276590265333652,-0.4386017367243767,-0.043303942680358885,-0.3921631723642349,-0.08126551155000925,-0.26589923687279227,-0.22749809511005878,-0.42294186949729917,-0.46295959427952765,-0.630329892039299,-0.2534969415515661,-0.06943163834512234,0.024235641211271287,-0.4544057138264179,0.03604123452678323,-0.06328608021140099,-0.540183325111866,-0.6376765979453921,0.028812600672245024,-0.3605445934459567,-0.6490461841225624,-0.352243984118104,-0.6811503138393163,-0.5227439926471561,-0.598234874010086,-0.7077821001410485
-0.4377814278006554,0.17934611262753605,-0.3299872659146786,-0.5483733952045441,-0.1749176412820816,-0.054312148690223695,-0.6285474034026265,0.341516687721014,0.26534759625792503,0.2969074809923768,0.08328651376068592,0.057986199483275415,-0.5237280361354351,0.12839846275746822,-0.2526387289166451,-0.5989904373884201,-0.5606702178716659,-0.41379664875566957,-0.2568333864212036,-0.14740790128707887,-0.09898994006216526,-0.6168444097042084,-0.6696465753018856,-0.21072754114866257,-0.028213420510292055,-0.3010907590389252,-0.01396471057087183,-0.23448655493557452,-0.21963556595146655,-0.3306133717298508,-0.3459678150713444,-0.40507939755916594,-0.21071869730949402,-0.015846484526991843,0.15428874418139457,-0.30005278065800667,0.02001771340146661,-0.002274119108915329,-0.4085548534989357,-0.5783753482624888,0.09542175680398941,-0.2448670132085681,-0.5767589703202247,-0.27496855892241,-0.5380988892167806,-0.4101102696266025,-0.36528114676475526,-0.6724073007702828
-0.3208892986178398,0.1927436930127442,-0.14480061158537866,-0.2611593186855316,-0.1597057946026325,0.032055942714214324,-0.495666235871613,0.27963861599564555,0.3221616379916668,0.3594241851940751,0.04945824034512043,0.09614637307822704,-0.3720057599246502,0.11175263337790967,-0.2167077198624611,-0.33226198256015776,-0.45011523067951204,-0.2863928589038551,-0.06864014863967896,0.014287149906158448,-0.05455516092479229,-0.47039594054222106,-0.5745614193379879,0.03435753136873245,-0.02281400263309479,-0.18127952814102172,-0.13753005657345058,-0.15035862065851688,-0.10689827091991902,-0.18858949542045594,-0.21409608498215676,-0.17392338812351227,-0.20841570869088172,-0.006410342082381249,0.1779854767024517,-0.13890624716877936,-0.006658092048019171,0.08267613425850869,-0.29353641122579577,-0.5027733026072383,0.21655563414096832,-0.15316846799105405,-0.5029167905449867,-0.27967767752707007,-0.3625710379332304,-0.2671367125120014,-0.14123045206069945,-0.5909933418035507
-0.15240610092878343,0.1902156096883118,0.06212538257241249,0.020394843816757203,-0.11781802102923393,0.08969276547431945,-0.3599498825147748,0.199806622415781,0.3697383113205433,0.40971957985311747,0.02446126230061054,0.06840186603367329,-0.2984985761344433,0.07000391222536564,-0.23216196447610854,-0.0793691486120224,-0.3588899254798889,-0.16544508514925838,0.08852917738258839,0.15119273960590363,-0.059230447933077815,-0.33294871002435683,-0.48801247105002404,0.1826251894235611,0.05197893381118775,-0.12056869715452194,-0.101251077093184,-0.05420560277998447,-0.023995250836014746,-0.10995371714234352,-0.13993584588170052,-0.04774526953697204,-0.12469263449311256,-0.005583446845412255,0.07985613867640495,0.0004430355504155159,-0.008064791839569808,0.02140021100640297,-0.22519973665475845,-0.39673017542809247,0.27633210718631745,-0.11446702908724546,-0.5424355998635292,-0.22158450372517108,-0.23461127690970898,-0.16260593398474157,-0.07162904739379883,-0.4863608479499817
-0.04134613424539566,0.1186775140464306,0.2758679009974003,0.231119567155838,-0.05398528948426247,0.20689609348773957,-0.28359570521861316,0.16264206394553185,0.4010112710297108,0.4594459503889084,-0.03393288664519787,0.07302018590271472,-0.24389890357851982,0.0578780148178339,-0.20732154697179794,0.17190832197666167,-0.3420706808567047,-0.08161977054551244,0.17372385300695897,0.30696814954280854,-0.031062091514468194,-0.23696627616882324,-0.4140072874724865,0.31711403727531434,0.06370978113263845,-0.0650674968957901,-0.08123585525900126,0.07478956542909146,0.097990345582366,-0.06841123476624489,-0.09944012835621834,0.01976523995399475,-0.07047033086419105,0.04273012652993202,-0.010816840082406997,0.13738083560019732,-0.025870559643954037,0.005629692226648331,-0.1464315250515938,-0.24453775640577077,0.22926923781633377,-0.18956192564219237,-0.6514997616410255,-0.22517157085239886,-0.20242230407893658,-0.14413888319395482,0.04928728938102722,-0.358832236379385
0.08810058683156967,0.03459411039948464,0.47485016360878946,0.3744246236979961,0.054585110396146774,0.33578604757785796,-0.17629459369927644,0.1784142218530178,0.3742030240595341,0.5091153487563134,-0.03444294780492783,0.07519085835665465,-0.16053246781229974,0.07185932844877244,-0.20005594342947006,0.30449600219726564,-0.2848545789718628,0.011608304362744093,0.2923152450472116,0.43817342817783356,0.011919600144028663,-0.14289657175540924,-0.28677315786480906,0.42822806239128114,0.04864448215812445,0.02826782315969467,-0.12587609235197306,0.15595958083868028,0.17732794173061847,-0.030631599575281145,-0.05049491003155708,0.0610548198223114,-0.0642058439552784,0.06932560279965401,-0.07488593533635139,0.23867103774100543,0.010688789654523134,0.016045207530260085,-0.044469143822789194,-0.08822295125573873,0.24511101394891738,-0.21401356738060712,-0.6349569573998451,-0.3147880230098963,-0.18588656447827817,-0.0641048417892307,0.13481754064559937,-0.1950894095003605
0.08770311325788498,-0.05053918287158012,0.5646060325205327,0.40728297755122184,0.17610417529940606,0.4586717665195465,-0.12819976974278688,0.05859815999865532,0.36964820995926856,0.5942074596881867,0.008374214917421342,0.08608285076916218,-0.09380241259932517,-0.021043406426906587,-0.30153117179870603,0.3798233151435852,-0.2955920219421387,0.026844735629856585,0.30958384908735753,0.4509448751807213,-0.024204621836543084,-0.13392902314662933,-0.2124086670577526,0.41857087016105654,0.14937574174255133,0.09069263115525246,-0.03188050333410501,0.23408084884285926,0.21711123436689378,-0.040476886183023454,-0.03074847236275673,0.03774427324533462,-0.013687808066606522,0.05413322634994984,-0.04721056818962097,0.27535350639373063,-0.08102917177602649,-0.06638130769133568,0.010142100974917412,-0.02457347568124533,0.27253000289201734,-0.25162379872053864,-0.5806368589401245,-0.29614036418497564,-0.15499137453734874,0.00410895780660212,0.19688439071178437,-0.10006469562649727
0.14391066282987594,-0.028215920180082323,0.7201262809336185,0.48139042854309083,0.2490917168557644,0.5692665785551071,0.037201265804469585,0.08698666617274284,0.4441714383661747,0.689354857802391,0.0951845221221447,0.18099098168313504,0.04957415834069252,-0.00035321936011314394,-0.276102676987648,0.438961124420166,-0.1834537774324417,0.11852347124367953,0.37499762810766696,0.5022465780377388,-0.0031586412340402605,-0.029652751982212067,-0.0582829050719738,0.4573495969176292,0.2274586683139205,0.20332348719239235,0.06688238885253668,0.3428159900009632,0.3051775902509689,0.10184027180075646,0.13082413300871848,0.16281162947416306,0.01898522228002548,0.11815873347222805,0.0024486958980560304,0.34165876898914577,-0.033559350203722714,-0.022513537853956222,0.13975263349711894,0.07356365863233805,0.17459764033555986,-0.15403278153389693,-0.3561599612236023,-0.17347523607313634,-0.023753888532519342,0.19376594261266292,0.3526094049215317,0.060123006254434584
0.16206678599119187,-0.12157918736338616,0.8500608034431935,0.5685392111539841,0.3201302284374833,0.6367892563343048,0.18047605883330106,0.039993955940008166,0.4802908428013325,0.7618339776992797,0.13005368039011955,0.2173788007348776,0.10547101497650146,-0.07020208463072777,-0.37505283653736116,0.50791085511446,-0.0926564633846283,0.19611739385873078,0.37919409312307834,0.5064187958836556,-0.009261921420693398,0.085813270509243,0.06906823292374611,0.4917561516165733,0.32476917263120414,0.28722416087985037,0.09612889345735312,0.45348652079701424,0.4447111219167709,0.24596116468310356,0.2939145341515541,0.29913748800754547,0.058584267273545265,0.0885438498109579,0.022691863775253295,0.3989324251189828,-0.07466904474422335,0.023834116011857986,0.23644656501710415,0.13522678669542074,0.1036911889910698,-0.16302930992096662,-0.20216418206691741,-0.1790958408266306,0.036645682528615,0.34937612563371656,0.44772507846355436,0.18438247218728065
0.14602782130241393,-0.12015387937426567,0.9460423082113266,0.5654829382896424,0.4520021351054311,0.7063053846359253,0.28851347099989655,0.05882473289966583,0.5506818898022174,0.836481761932373,0.19647265784442425,0.24236687682569028,0.14406770765781401,-0.09976941570639611,-0.37976734936237333,0.5089291095733642,-0.04349537491798401,0.2769118433818221,0.40904625691473484,0.48313682824373244,-0.0299907598644495,0.1629176989197731,0.19535591080784798,0.4708356484770775,0.3938215082511306,0.37600322142243386,0.08716647680848837,0.5393276583403349,0.5349457327276468,0.3331549011170864,0.3758748650550842,0.3379078209400177,0.06297858394682407,0.04890127591788769,-0.09515142440795898,0.38196999821811917,-0.06216698242351413,0.0313925489783287,0.30193234942853453,0.18497410640120507,0.023092837631702424,-0.13072368055582045,-0.06629061102867126,-0.10916239954531193,0.17110731191933154,0.5057881504297257,0.4643449693918228,0.298912600427866
0.08826007395982742,-0.15618452653288842,1.0057381689548492,0.4772228680551052,0.5324754567816854,0.7741602063179016,0.3496218010783195,0.045130273699760436,0.621747226268053,0.9403363525867462,0.21825410835444928,0.27397862933576106,0.07878111600875855,-0.191640155762434,-0.456280505657196,0.4184208869934082,-0.03680505156517029,0.3137232130393386,0.43978633023798464,0.4176232233643532,-0.09855939634144306,0.18409328311681747,0.2981338545680046,0.3396551636978984,0.34014591481536627,0.4071050502359867,0.04719230383634567,0.5290681254118681,0.45960314348340037,0.29096828028559685,0.3758720874786377,0.26626369059085847,0.033373937383294104,0.021693182364106178,-0.21271826326847076,0.2807084394618869,-0.13029266521334648,-0.04313923791050911,0.31210947297513486,0.17655285820364952,-0.025410597026348115,-0.12629328221082686,-0.01413256824016571,0.004097403585910797,0.21419977098703386,0.5913641214370727,0.3339588686823845,0.3330136962234974
-0.07028482407331467,-0.06839170679450035,1.0271948754787446,0.27480477914214135,0.6362874120473861,0.8363262414932251,0.35419092029333116,0.1284027397632599,0.7158199027180672,1.0468212962150574,0.2327145304530859,0.3341293171048164,0.006758124381303787,-0.2354998283088207,-0.5077272489666939,0.24649846255779267,-0.07685152888298034,0.3372497772797942,0.5519297007471323,0.40422522127628324,-0.1304057501256466,0.12428989615291357,0.36820468604564666,0.19602387230843304,0.3459982356056571,0.4507051296532154,0.01267642229795456,0.4855115916579962,0.42971516475081445,0.1540978841483593,0.33855784237384795,0.14038445353507994,0.04176470711827278,-0.04545110519975424,-0.2576347582042217,0.1502754522487521,-0.16199484914541246,0.029409720748662948,0.31507485173642635,0.20332347974181175,0.010402101278305053,-0.11036918684840202,0.160013285279274,0.11612603217363357,0.16202767342329025,0.6366918623447418,0.15956804603338243,0.3199819512665272
-0.21070679873228074,-0.00903194472193718,0.9431903690099717,-0.0028564967215061188,0.6486990168690682,0.7738537281751633,0.32787942588329316,0.2146945357322693,0.6986355438828469,1.042957103252411,0.25311389118433,0.31747312396764754,-0.09574071392416954,-0.23380218967795371,-0.6014947444200516,-0.02982756495475769,-0.16203151941299437,0.3523560349829495,0.6396704498678446,0.32456029653549195,-0.23216206282377244,-0.008297047950327397,0.4611512333154678,0.010908749513328075,0.25955935921519996,0.37330718254670503,-0.005642823874950409,0.33801448307931425,0.2831632249057293,-0.04585490897297859,0.2549527555704117,-0.01080281138420105,0.01137598678469658,0.03732477370649576,-0.15002199336886407,0.070299725048244,-0.07414645701646805,0.06390599310398101,0.3366267379373312,0.21665110811591148,-0.018100760877132416,-0.10530457515269517,0.3651437729597092,0.17289035469293595,0.14747649170458316,0.6655124515295029,0.027132342755794524,0.28045468404889107
-0.3363226279616356,0.11688155606389046,0.8162324160337449,-0.21904807463288306,0.679678812623024,0.8081129938364029,0.3281553491950035,0.3053746998310089,0.7406736716628075,1.0742833137512207,0.3383767642080784,0.40314637273550036,-0.12036121115088463,-0.21389868333935738,-0.556412947922945,-0.284538072347641,-0.16046861708164215,0.40976287322118876,0.7535975560545921,0.3174488484859467,-0.2019755706191063,-0.08560703042894602,0.5494468182325363,0.011736304871737957,0.24601244889199733,0.394472751673311,-0.04469670280814171,0.2619827058166265,0.2491101138293743,-0.1166764110326767,0.27871792018413544,0.007311353087425232,0.05104354098439216,0.06033553723245859,0.08115279152989388,0.0558369804173708,-0.12333733439445496,0.14998902529478073,0.4369463291019201,0.26752719059586527,0.003088580071926117,-0.05590869057923555,0.674730071425438,0.28762148022651673,0.21027536727488041,0.7269962698221206,0.0895889550447464,0.2562213223427534
